id,worker_id,study_id,session_id,job_id,is_completed,golden_question_passed,trap_question_passed,completion_time,created_at,updated_at
1,73d6b339-e9aa-4e8f-969b-823aa5cd9fc1,c1e04700-25b9-4a08-9107-5830baa9dcfb,a2f827c2-d834-45f8-a4f7-29b3f04cf370,8,1,1,1,00:02:45.234000,"2026-07-22 15:36:12.644363","2026-07-22 15:38:57.930400"
2,73d6b339-e9aa-4e8f-969b-823aa5cd9fc1,c1e04700-25b9-4a08-9107-5830baa9dcfb,c95072e7-5dfe-4ee2-8282-e906256e7c6f,6,1,1,1,00:01:30.398000,"2026-07-22 15:39:25.126410","2026-07-22 15:40:55.558776"
3,73d6b339-e9aa-4e8f-969b-823aa5cd9fc1,c1e04700-25b9-4a08-9107-5830baa9dcfb,bab6d2f6-bfa5-4663-822d-e0f07fe73555,1,1,1,1,00:01:38.916000,"2026-07-22 15:43:53.643876","2026-07-22 15:45:32.618253"
4,73d6b339-e9aa-4e8f-969b-823aa5cd9fc1,c1e04700-25b9-4a08-9107-5830baa9dcfb,3a261dff-89b1-4ef3-a8c3-4c96e73562e4,3,1,1,1,00:01:23.878000,"2026-07-22 15:45:56.774494","2026-07-22 15:47:20.710355"
5,73d6b339-e9aa-4e8f-969b-823aa5cd9fc1,c1e04700-25b9-4a08-9107-5830baa9dcfb,b9e5e2fd-2c82-4a58-a3d0-a16ba163d316,4,1,1,1,00:01:21.189000,"2026-07-22 15:50:20.020408","2026-07-22 15:51:41.238723"
6,73d6b339-e9aa-4e8f-969b-823aa5cd9fc1,c1e04700-25b9-4a08-9107-5830baa9dcfb,9a73315b-bbdb-4210-b093-c248cfbbdfe3,5,1,1,1,00:01:24.275000,"2026-07-22 15:52:02.148051","2026-07-22 15:53:26.464882"
7,73d6b339-e9aa-4e8f-969b-823aa5cd9fc1,c1e04700-25b9-4a08-9107-5830baa9dcfb,62118817-3016-4e4a-95d8-69b180e484b5,7,1,1,1,00:01:22.674000,"2026-07-22 15:53:46.696726","2026-07-22 15:55:09.406509"
8,73d6b339-e9aa-4e8f-969b-823aa5cd9fc1,c1e04700-25b9-4a08-9107-5830baa9dcfb,042f09ee-3013-4b2f-88f8-bd9bec8e0a43,2,1,1,1,00:01:13.069000,"2026-07-22 15:55:36.489332","2026-07-22 15:56:49.608129"
9,e3162d53-8c48-4319-ac22-d0bc486a8658,af13c94c-ea93-4965-80ed-b7478060740b,fdc3df57-8a82-4a4b-bd25-fc7cd7313ae5,3,1,1,1,00:01:52.254000,"2026-07-24 13:48:08.115256","2026-07-24 13:50:00.423217"
10,e3162d53-8c48-4319-ac22-d0bc486a8658,af13c94c-ea93-4965-80ed-b7478060740b,2b2b334e-bd12-4041-8e1b-1848f964e729,5,1,1,1,00:01:44.763000,"2026-07-24 13:50:36.774650","2026-07-24 13:52:21.565704"
11,2244d538-68e4-47b9-93fe-e18bbfdcca32,af13c94c-ea93-4965-80ed-b7478060740b,30f62e61-ae56-4647-b319-39286686a8fb,8,1,1,1,00:02:29.645000,"2026-07-24 13:52:13.955461","2026-07-24 13:54:43.754567"
12,e3162d53-8c48-4319-ac22-d0bc486a8658,af13c94c-ea93-4965-80ed-b7478060740b,059eca8e-bf08-48d4-b4c6-2813bfd954f7,4,1,1,1,00:01:32.822000,"2026-07-24 13:53:09.752152","2026-07-24 13:54:42.608334"
13,e3162d53-8c48-4319-ac22-d0bc486a8658,af13c94c-ea93-4965-80ed-b7478060740b,9ffa85b8-50ee-4250-8f83-e5c6a09dcd3d,8,1,1,1,00:01:30.149000,"2026-07-24 13:55:10.709674","2026-07-24 13:56:40.967011"
14,2244d538-68e4-47b9-93fe-e18bbfdcca32,af13c94c-ea93-4965-80ed-b7478060740b,a59672d0-352a-4d67-b2ed-9fae8c544a97,6,1,1,1,00:02:52.136000,"2026-07-24 13:55:13.540336","2026-07-24 13:58:05.746234"
15,e0438750-aeb3-4cad-a4f8-dd021027a264,af13c94c-ea93-4965-80ed-b7478060740b,d893a1b2-d7a2-4671-bac0-747d0de2b3b7,4,1,1,1,00:02:33.195000,"2026-07-24 13:56:22.972520","2026-07-24 13:58:56.215404"
16,e3162d53-8c48-4319-ac22-d0bc486a8658,af13c94c-ea93-4965-80ed-b7478060740b,ac4b03dd-cdd3-4cc0-89e7-e8a68ee5eb91,1,1,1,1,00:01:21.863000,"2026-07-24 13:58:19.221888","2026-07-24 13:59:41.135642"
17,2244d538-68e4-47b9-93fe-e18bbfdcca32,af13c94c-ea93-4965-80ed-b7478060740b,30fe3d53-c4fe-4b2f-8f3b-a12f0ef19971,3,1,1,1,00:01:57.594000,"2026-07-24 13:58:48.676953","2026-07-24 14:00:46.357565"
18,e0438750-aeb3-4cad-a4f8-dd021027a264,af13c94c-ea93-4965-80ed-b7478060740b,dd88473a-3766-4ca5-991c-1b0e066633de,3,1,1,1,00:01:52.701000,"2026-07-24 13:59:41.901173","2026-07-24 14:01:34.656597"
19,e3162d53-8c48-4319-ac22-d0bc486a8658,af13c94c-ea93-4965-80ed-b7478060740b,9e01f2e1-9042-4f3d-89c4-0209c86b3794,6,1,1,1,00:01:34.452000,"2026-07-24 14:00:13.014842","2026-07-24 14:01:47.525717"
20,2244d538-68e4-47b9-93fe-e18bbfdcca32,af13c94c-ea93-4965-80ed-b7478060740b,4b103a47-5b83-4f57-b4da-ee94e49bd50e,1,1,1,1,00:01:45.998000,"2026-07-24 14:01:15.201121","2026-07-24 14:03:01.269330"
21,2244d538-68e4-47b9-93fe-e18bbfdcca32,af13c94c-ea93-4965-80ed-b7478060740b,d78d7155-afc6-4944-87a5-19668a9e7750,5,1,1,1,00:01:34.823000,"2026-07-24 14:04:51.921856","2026-07-24 14:06:26.808803"
22,2244d538-68e4-47b9-93fe-e18bbfdcca32,af13c94c-ea93-4965-80ed-b7478060740b,34c0697e-7efc-4db9-9679-53de65e96a31,7,1,1,1,00:01:31.171000,"2026-07-24 14:06:48.582684","2026-07-24 14:08:19.806576"
23,2244d538-68e4-47b9-93fe-e18bbfdcca32,af13c94c-ea93-4965-80ed-b7478060740b,b5e072b1-ce21-423c-8718-79fec415c2a5,2,1,1,1,00:01:35.609000,"2026-07-24 14:08:53.202321","2026-07-24 14:10:28.869331"
24,2244d538-68e4-47b9-93fe-e18bbfdcca32,af13c94c-ea93-4965-80ed-b7478060740b,53677ba7-8b9e-4195-8de4-d9db288314bb,4,1,1,1,00:01:47.280000,"2026-07-24 14:10:55.432460","2026-07-24 14:12:42.763335"
25,e3162d53-8c48-4319-ac22-d0bc486a8658,af13c94c-ea93-4965-80ed-b7478060740b,def4fa7e-648d-4330-b1de-3707bb422c0b,7,1,1,1,00:01:34.166000,"2026-07-24 14:21:47.965699","2026-07-24 14:23:22.191917"
26,e3162d53-8c48-4319-ac22-d0bc486a8658,af13c94c-ea93-4965-80ed-b7478060740b,ccb57aec-7429-41e8-bc6c-bb6741ceefd0,2,1,1,1,00:01:27.258000,"2026-07-24 14:24:05.341641","2026-07-24 14:25:32.658552"
27,f50bd5bb-19db-43fa-a177-25ab93d3d271,47a3ed5c-d5fd-477b-9789-996228707315,03ca4846-a85b-412c-99a9-67f203430a44,5,1,1,1,00:02:19.994000,"2026-07-27 10:12:20.780098","2026-07-27 10:14:40.852689"
28,f50bd5bb-19db-43fa-a177-25ab93d3d271,47a3ed5c-d5fd-477b-9789-996228707315,99bf1334-f31d-467f-9937-b375fbf247c0,7,1,1,1,00:01:40.798000,"2026-07-27 10:15:26.778126","2026-07-27 10:17:07.622605"
29,f50bd5bb-19db-43fa-a177-25ab93d3d271,47a3ed5c-d5fd-477b-9789-996228707315,af9239fc-b5d6-4737-b02f-edbe14806486,4,1,1,1,00:01:39.900000,"2026-07-27 10:17:59.203572","2026-07-27 10:19:39.132308"
30,ec585046-3294-43c7-a95e-22ad9ad2eb7a,47a3ed5c-d5fd-477b-9789-996228707315,05733c5e-8f92-4485-bf91-51a43b6a8b9f,3,1,1,1,00:01:42.086000,"2026-07-27 10:20:16.969029","2026-07-27 10:22:00.123969"
31,ec585046-3294-43c7-a95e-22ad9ad2eb7a,47a3ed5c-d5fd-477b-9789-996228707315,7cd82f8b-bdb8-45f9-85cd-3d4993594055,1,1,1,1,00:01:36.408000,"2026-07-27 10:22:34.710039","2026-07-27 10:24:11.845458"
32,da34f726-8289-44fe-8d61-9a53ab6334a3,47a3ed5c-d5fd-477b-9789-996228707315,c704bd12-aace-49d3-9a0e-48394ec8feb1,7,1,1,1,00:02:42.880000,"2026-07-27 10:23:50.226333","2026-07-27 10:26:33.288302"
33,ec585046-3294-43c7-a95e-22ad9ad2eb7a,47a3ed5c-d5fd-477b-9789-996228707315,d6dd8b9c-9b0e-4601-a4bf-3d1331393e6e,8,1,1,1,00:01:28.779000,"2026-07-27 10:24:37.057268","2026-07-27 10:26:06.191268"
34,f50bd5bb-19db-43fa-a177-25ab93d3d271,47a3ed5c-d5fd-477b-9789-996228707315,1d021f99-3fc1-4d9b-b4a9-9bfb656f0740,6,1,1,1,00:01:30.946000,"2026-07-27 10:25:29.042310","2026-07-27 10:27:00.033487"
35,ec585046-3294-43c7-a95e-22ad9ad2eb7a,47a3ed5c-d5fd-477b-9789-996228707315,b4d917ca-2065-4160-940a-5aee247bd085,7,1,1,1,00:01:18.923000,"2026-07-27 10:26:40.106951","2026-07-27 10:27:59.410291"
36,da34f726-8289-44fe-8d61-9a53ab6334a3,47a3ed5c-d5fd-477b-9789-996228707315,545d3ce1-b72c-4545-a82c-f068f956374b,6,1,1,1,00:01:26.741000,"2026-07-27 10:27:07.387916","2026-07-27 10:28:34.169439"
37,f50bd5bb-19db-43fa-a177-25ab93d3d271,47a3ed5c-d5fd-477b-9789-996228707315,583bb29f-4e37-4e56-a18d-1107089db647,1,1,1,1,00:01:40.112000,"2026-07-27 10:28:05.671391","2026-07-27 10:29:46.065045"
38,ec585046-3294-43c7-a95e-22ad9ad2eb7a,47a3ed5c-d5fd-477b-9789-996228707315,9b53dd7e-9413-43d5-9672-d52f8346f038,2,1,1,1,00:01:22.280000,"2026-07-27 10:28:39.842857","2026-07-27 10:30:02.585124"
39,da34f726-8289-44fe-8d61-9a53ab6334a3,47a3ed5c-d5fd-477b-9789-996228707315,445aed41-47db-479f-a2fc-bd0ed6133d80,2,1,1,1,00:01:11.087000,"2026-07-27 10:28:59.044117","2026-07-27 10:30:10.168619"
40,f50bd5bb-19db-43fa-a177-25ab93d3d271,47a3ed5c-d5fd-477b-9789-996228707315,d7d4f961-d166-47ce-829d-162d32650a61,8,1,1,1,00:01:30.136000,"2026-07-27 10:30:24.453942","2026-07-27 10:31:54.615461"
41,da34f726-8289-44fe-8d61-9a53ab6334a3,47a3ed5c-d5fd-477b-9789-996228707315,93c8fd79-9c6d-44b6-9097-44a450aa6278,3,1,1,1,00:01:39.262000,"2026-07-27 10:30:50.190171","2026-07-27 10:32:29.484295"
42,ec585046-3294-43c7-a95e-22ad9ad2eb7a,47a3ed5c-d5fd-477b-9789-996228707315,a692f983-b06f-49f6-8fa1-50f1c0cb67c9,5,1,1,1,00:01:21.705000,"2026-07-27 10:30:56.165470","2026-07-27 10:32:18.185358"
43,f50bd5bb-19db-43fa-a177-25ab93d3d271,47a3ed5c-d5fd-477b-9789-996228707315,efecc579-304c-4144-a1fd-6b82008a6ba1,3,1,1,1,00:01:26.871000,"2026-07-27 10:32:32.296478","2026-07-27 10:33:59.213607"
44,da34f726-8289-44fe-8d61-9a53ab6334a3,47a3ed5c-d5fd-477b-9789-996228707315,8c8741e1-0e7c-44e6-8da4-bd76bdb8f34b,4,1,1,1,00:01:17.746000,"2026-07-27 10:33:02.437387","2026-07-27 10:34:20.214781"
45,f50bd5bb-19db-43fa-a177-25ab93d3d271,47a3ed5c-d5fd-477b-9789-996228707315,41ba0ecc-aa2b-4a93-adb3-38ebe0a99f09,2,1,1,1,00:01:15.668000,"2026-07-27 10:34:20.707981","2026-07-27 10:35:36.958351"
46,da34f726-8289-44fe-8d61-9a53ab6334a3,47a3ed5c-d5fd-477b-9789-996228707315,deceaa85-e883-403f-bea3-f7bd3b7bd7c6,5,1,1,1,00:01:17.491000,"2026-07-27 10:34:43.434468","2026-07-27 10:36:00.962363"
47,ec585046-3294-43c7-a95e-22ad9ad2eb7a,47a3ed5c-d5fd-477b-9789-996228707315,e7f2b756-f900-4cfb-b9ff-54894ae5e21f,6,1,1,1,00:01:19.862000,"2026-07-27 10:35:59.110852","2026-07-27 10:37:19.033882"
48,da34f726-8289-44fe-8d61-9a53ab6334a3,47a3ed5c-d5fd-477b-9789-996228707315,83daa40d-96a4-4c23-9b1c-877b23a6941d,1,1,1,1,00:01:12.112000,"2026-07-27 10:36:47.188545","2026-07-27 10:37:59.346720"
49,ec585046-3294-43c7-a95e-22ad9ad2eb7a,47a3ed5c-d5fd-477b-9789-996228707315,be52d2fe-5cae-456b-a747-b04d80e9194e,4,1,1,1,00:01:18.869000,"2026-07-27 10:37:45.757981","2026-07-27 10:39:04.686326"
50,da34f726-8289-44fe-8d61-9a53ab6334a3,47a3ed5c-d5fd-477b-9789-996228707315,e3996b43-0a35-46e9-895f-28edaea67d8d,8,1,1,1,00:01:06.465000,"2026-07-27 10:39:25.167857","2026-07-27 10:40:31.575352"
51,1551fc02-61a9-4632-9967-1ca2647b4ccc,47a3ed5c-d5fd-477b-9789-996228707315,5b88e076-09ba-425f-b47d-7a401a01954a,3,1,1,1,00:02:59.426000,"2026-07-27 10:55:53.033293","2026-07-27 10:58:52.529160"
52,ed0fd547-97d4-4c09-82c5-330a6f0b9c5f,47a3ed5c-d5fd-477b-9789-996228707315,531b7fe8-9000-42b2-bc19-acbe8a7e3484,5,1,1,1,00:01:43.239000,"2026-07-27 10:56:11.289365","2026-07-27 10:57:54.562526"
53,ed0fd547-97d4-4c09-82c5-330a6f0b9c5f,47a3ed5c-d5fd-477b-9789-996228707315,e1b71562-12cb-43f9-99bc-a6c7f4ef857d,1,1,1,1,00:01:22.060000,"2026-07-27 10:58:19.123012","2026-07-27 10:59:41.219471"
54,1551fc02-61a9-4632-9967-1ca2647b4ccc,47a3ed5c-d5fd-477b-9789-996228707315,aa1de82f-ba65-4d2d-8bac-b1eeda1e4f83,7,1,1,1,00:01:10.752000,"2026-07-27 10:59:18.432522","2026-07-27 11:00:29.313981"
55,ed0fd547-97d4-4c09-82c5-330a6f0b9c5f,47a3ed5c-d5fd-477b-9789-996228707315,22f0a987-1151-4fe4-b8d5-675c41d15b50,7,1,1,1,00:01:15.720000,"2026-07-27 10:59:57.938779","2026-07-27 11:01:13.695478"
56,1551fc02-61a9-4632-9967-1ca2647b4ccc,47a3ed5c-d5fd-477b-9789-996228707315,e333511d-6db4-44ec-b0ac-d021e06c81e8,8,1,1,1,00:03:30.092000,"2026-07-27 11:02:49.435188","2026-07-27 11:06:19.640844"
57,ed0fd547-97d4-4c09-82c5-330a6f0b9c5f,47a3ed5c-d5fd-477b-9789-996228707315,1482c02d-143c-4c34-9c43-671cd375755a,6,1,1,1,00:01:24.452000,"2026-07-27 11:03:45.992489","2026-07-27 11:05:10.505604"
58,ed0fd547-97d4-4c09-82c5-330a6f0b9c5f,47a3ed5c-d5fd-477b-9789-996228707315,47370fee-56b8-48fd-883a-dfa64add0c46,4,1,1,1,00:01:24.225000,"2026-07-27 11:06:10.054867","2026-07-27 11:07:34.318512"
59,1551fc02-61a9-4632-9967-1ca2647b4ccc,47a3ed5c-d5fd-477b-9789-996228707315,066a0fb8-fcfd-48dd-8eb7-ab605dee10d5,6,1,1,1,00:01:04.885000,"2026-07-27 11:06:38.907590","2026-07-27 11:07:43.831593"
60,ed0fd547-97d4-4c09-82c5-330a6f0b9c5f,47a3ed5c-d5fd-477b-9789-996228707315,136b8d33-ba2d-42fe-9f07-1a971d157c86,8,1,1,1,00:01:14.649000,"2026-07-27 11:07:48.289481","2026-07-27 11:09:02.994063"
61,1551fc02-61a9-4632-9967-1ca2647b4ccc,47a3ed5c-d5fd-477b-9789-996228707315,05322ebd-921e-4f8f-86e3-ea0c8ee70012,2,1,1,1,00:01:27.603000,"2026-07-27 11:07:56.599335","2026-07-27 11:09:24.240515"
62,10064053-7bee-456f-95a0-7bbe16e535e5,47a3ed5c-d5fd-477b-9789-996228707315,8034ebaf-3fd8-457d-8427-69ea3ef55b2e,51,1,1,1,00:01:32.825000,"2026-08-10 12:12:25.589620","2026-08-10 12:13:58.480234"
63,e926ac3e-24fa-46c1-b5bc-a274463b009e,47a3ed5c-d5fd-477b-9789-996228707315,9bbc6969-eb6c-4e16-8678-89a86ebd0690,47,1,1,1,00:01:42.570000,"2026-08-10 12:13:27.794254","2026-08-10 12:15:10.409465"
64,2fcd436b-a381-42a2-9392-8e52bd72a59e,47a3ed5c-d5fd-477b-9789-996228707315,37a46d5a-cf37-4753-83f7-b13349632468,27,1,1,1,00:03:05.027000,"2026-08-10 12:14:12.965939","2026-08-10 12:17:18.028559"
65,10064053-7bee-456f-95a0-7bbe16e535e5,47a3ed5c-d5fd-477b-9789-996228707315,497bdd03-5ea3-47ba-8e96-97a18b6eda0a,75,1,1,1,00:01:21.766000,"2026-08-10 12:14:14.818825","2026-08-10 12:15:36.576705"
66,5784c6f1-44f7-40c1-a96b-f17c4656e064,47a3ed5c-d5fd-477b-9789-996228707315,ed1ecdb8-ceb1-4cf2-95f6-1ff2bb877bc1,75,1,1,1,00:02:01.984000,"2026-08-10 12:14:24.213947","2026-08-10 12:16:26.291216"
67,27ead293-241e-4018-acb8-d9dcf8b8ae58,47a3ed5c-d5fd-477b-9789-996228707315,a6e1dc24-1e02-4f11-87df-767117e23415,72,1,1,1,00:02:11.414000,"2026-08-10 12:14:42.444123","2026-08-10 12:16:53.971708"
68,e926ac3e-24fa-46c1-b5bc-a274463b009e,47a3ed5c-d5fd-477b-9789-996228707315,60c97ecd-80e1-4594-83bb-0edae704183e,68,1,1,1,00:01:24.997000,"2026-08-10 12:15:34.876115","2026-08-10 12:16:59.865411"
69,10064053-7bee-456f-95a0-7bbe16e535e5,47a3ed5c-d5fd-477b-9789-996228707315,dd9ad107-b277-4395-9eaa-74255ae6afa1,36,1,1,1,00:01:16.018000,"2026-08-10 12:16:18.048847","2026-08-10 12:17:34.164965"
70,5784c6f1-44f7-40c1-a96b-f17c4656e064,47a3ed5c-d5fd-477b-9789-996228707315,9cad9ac0-86a6-4f4f-9a22-f2b7e3438bc8,21,1,1,1,00:01:20.090000,"2026-08-10 12:16:46.547656","2026-08-10 12:18:06.731783"
71,27ead293-241e-4018-acb8-d9dcf8b8ae58,47a3ed5c-d5fd-477b-9789-996228707315,aee33512-654d-442a-9521-97ce706ed90c,43,1,1,1,00:01:38.691000,"2026-08-10 12:17:21.654376","2026-08-10 12:19:00.423285"
72,e926ac3e-24fa-46c1-b5bc-a274463b009e,47a3ed5c-d5fd-477b-9789-996228707315,5b3f5a4b-576d-48c5-96cd-b89024fefbf8,10,1,1,1,00:01:22.919000,"2026-08-10 12:17:26.486923","2026-08-10 12:18:49.486669"
73,2fcd436b-a381-42a2-9392-8e52bd72a59e,47a3ed5c-d5fd-477b-9789-996228707315,bfa09c94-202d-4559-8916-58389dfffcbc,5,1,1,1,00:02:09.548000,"2026-08-10 12:17:42.542288","2026-08-10 12:19:52.127991"
74,10064053-7bee-456f-95a0-7bbe16e535e5,47a3ed5c-d5fd-477b-9789-996228707315,5415517c-e132-4e5d-ab00-143ade413878,77,1,1,1,00:01:08.728000,"2026-08-10 12:17:52.281061","2026-08-10 12:19:00.922577"
75,5784c6f1-44f7-40c1-a96b-f17c4656e064,47a3ed5c-d5fd-477b-9789-996228707315,dbf7ef2a-594e-48bb-bdef-0cade2931641,16,1,1,1,00:01:18.067000,"2026-08-10 12:18:32.079753","2026-08-10 12:19:50.251208"
76,1366a030-968c-4b0d-ba7b-f384733716e8,47a3ed5c-d5fd-477b-9789-996228707315,a93b5c96-9143-4550-a404-df5bedd6688c,16,1,1,1,00:02:25.763000,"2026-08-10 12:18:49.788788","2026-08-10 12:21:15.594243"
77,0d090d0d-be74-435d-a097-dd837bbcad6c,47a3ed5c-d5fd-477b-9789-996228707315,aa894e91-77d5-440c-b304-f3ed57dc5b03,64,1,1,1,00:01:39.185000,"2026-08-10 12:18:51.347340","2026-08-10 12:20:30.581808"
78,10064053-7bee-456f-95a0-7bbe16e535e5,47a3ed5c-d5fd-477b-9789-996228707315,efe10b3d-5fb2-4147-911d-47a08e767ca7,69,1,1,1,00:01:18.240000,"2026-08-10 12:19:14.488118","2026-08-10 12:20:32.751287"
79,e926ac3e-24fa-46c1-b5bc-a274463b009e,47a3ed5c-d5fd-477b-9789-996228707315,51cafcfd-56b1-4fdc-95fd-bce207b5a3e9,23,1,1,1,00:01:17.444000,"2026-08-10 12:19:28.642728","2026-08-10 12:20:46.126881"
80,27ead293-241e-4018-acb8-d9dcf8b8ae58,47a3ed5c-d5fd-477b-9789-996228707315,be3526a8-a112-4445-abaf-d58ad00bd42a,58,1,1,1,00:02:32.092000,"2026-08-10 12:19:53.458511","2026-08-10 12:22:25.608201"
81,5784c6f1-44f7-40c1-a96b-f17c4656e064,47a3ed5c-d5fd-477b-9789-996228707315,fc2cdd2b-d8cc-43a9-92af-f09f977f8680,65,1,1,1,00:01:19.234000,"2026-08-10 12:20:05.079910","2026-08-10 12:21:24.384007"
82,2fcd436b-a381-42a2-9392-8e52bd72a59e,47a3ed5c-d5fd-477b-9789-996228707315,6e3cfe0e-427c-4e5b-83d3-095c95ea2bd2,28,1,1,1,00:01:47.891000,"2026-08-10 12:20:15.536661","2026-08-10 12:22:03.469399"
83,f8d63f6b-79a9-418f-9590-970c2e2efcd7,47a3ed5c-d5fd-477b-9789-996228707315,b0a43961-cd7a-4d6f-a2b7-2146a31e5d30,14,1,1,1,00:01:49.408000,"2026-08-10 12:21:33.334576","2026-08-10 12:23:22.769679"
84,2fcd436b-a381-42a2-9392-8e52bd72a59e,47a3ed5c-d5fd-477b-9789-996228707315,6163a427-3038-4f9d-80c3-2e02f8a221cc,34,1,1,1,00:01:54.775000,"2026-08-10 12:22:28.877685","2026-08-10 12:24:23.703817"
85,10064053-7bee-456f-95a0-7bbe16e535e5,47a3ed5c-d5fd-477b-9789-996228707315,d5e1d5e6-ed9d-4d16-8a74-5872c91aa27e,13,1,1,1,00:01:14.982000,"2026-08-10 12:23:14.225207","2026-08-10 12:24:29.231972"
86,0d090d0d-be74-435d-a097-dd837bbcad6c,47a3ed5c-d5fd-477b-9789-996228707315,2b0a245e-22eb-43ba-80f8-43c82a6097de,76,1,1,1,00:01:28.433000,"2026-08-10 12:23:25.931512","2026-08-10 12:24:54.420773"
87,f8d63f6b-79a9-418f-9590-970c2e2efcd7,47a3ed5c-d5fd-477b-9789-996228707315,af4f8f5c-60fb-477c-ae8e-f0a48492e224,1,1,1,1,00:01:27.728000,"2026-08-10 12:24:20.464706","2026-08-10 12:25:48.233394"
88,e926ac3e-24fa-46c1-b5bc-a274463b009e,47a3ed5c-d5fd-477b-9789-996228707315,7db4e493-cdde-4dc5-b439-4a72f66eace9,70,1,1,1,00:01:19.325000,"2026-08-10 12:24:22.082424","2026-08-10 12:25:41.460683"
89,1366a030-968c-4b0d-ba7b-f384733716e8,47a3ed5c-d5fd-477b-9789-996228707315,d0e27d34-133f-49ab-802c-b90033d73ffd,14,1,1,1,00:02:19.684000,"2026-08-10 12:24:26.060366","2026-08-10 12:26:45.910821"
90,10064053-7bee-456f-95a0-7bbe16e535e5,47a3ed5c-d5fd-477b-9789-996228707315,b3721cbc-19da-43d5-a50d-962820f33c82,52,1,1,1,00:01:22.527000,"2026-08-10 12:24:44.399827","2026-08-10 12:26:06.928436"
91,2fcd436b-a381-42a2-9392-8e52bd72a59e,47a3ed5c-d5fd-477b-9789-996228707315,7f7fe51a-45d6-4977-8d8c-92690b432fdd,38,1,1,1,00:02:07.850000,"2026-08-10 12:24:45.505463","2026-08-10 12:26:53.408290"
92,e926ac3e-24fa-46c1-b5bc-a274463b009e,47a3ed5c-d5fd-477b-9789-996228707315,761d7a63-e887-45ce-b29d-2b2309242a6c,61,1,1,1,00:01:09.145000,"2026-08-10 12:26:00.770985","2026-08-10 12:27:09.953733"
93,10064053-7bee-456f-95a0-7bbe16e535e5,47a3ed5c-d5fd-477b-9789-996228707315,774fccbf-188a-4056-9010-7b1f25fdb872,70,1,1,1,00:01:10.127000,"2026-08-10 12:26:22.047029","2026-08-10 12:27:32.190481"
94,f8d63f6b-79a9-418f-9590-970c2e2efcd7,47a3ed5c-d5fd-477b-9789-996228707315,033fc2e6-3fac-4820-9218-5a36abb0ccf0,34,1,1,1,00:01:22.043000,"2026-08-10 12:27:04.511902","2026-08-10 12:28:26.608748"
95,5784c6f1-44f7-40c1-a96b-f17c4656e064,47a3ed5c-d5fd-477b-9789-996228707315,460d4d7c-e199-488a-b9ca-647ba97e6015,25,1,1,1,00:01:51.756000,"2026-08-10 12:27:08.999860","2026-08-10 12:29:00.843021"
96,2fcd436b-a381-42a2-9392-8e52bd72a59e,47a3ed5c-d5fd-477b-9789-996228707315,6b67309f-c44f-4fce-a3bb-7edb922898e9,32,1,1,1,00:01:34.576000,"2026-08-10 12:27:14.726218","2026-08-10 12:28:49.338625"
97,1366a030-968c-4b0d-ba7b-f384733716e8,47a3ed5c-d5fd-477b-9789-996228707315,746501cb-df4f-4530-8175-01f65913d89f,45,1,1,1,00:02:35.729000,"2026-08-10 12:27:17.140002","2026-08-10 12:29:52.931681"
98,e926ac3e-24fa-46c1-b5bc-a274463b009e,47a3ed5c-d5fd-477b-9789-996228707315,53c4466d-4b9a-494d-b5df-86502aad4133,21,1,1,1,00:01:11.912000,"2026-08-10 12:27:30.088663","2026-08-10 12:28:42.041381"
99,0d090d0d-be74-435d-a097-dd837bbcad6c,47a3ed5c-d5fd-477b-9789-996228707315,0f6d6814-1a9b-408e-9d8a-6e7c4b60d070,83,1,1,1,00:01:23.974000,"2026-08-10 12:28:56.521542","2026-08-10 12:30:20.542803"
100,e926ac3e-24fa-46c1-b5bc-a274463b009e,47a3ed5c-d5fd-477b-9789-996228707315,df54342f-d807-4f14-96f8-4c8c172f2d00,74,1,1,1,00:01:14.519000,"2026-08-10 12:29:00.463962","2026-08-10 12:30:15.028907"
101,2fcd436b-a381-42a2-9392-8e52bd72a59e,47a3ed5c-d5fd-477b-9789-996228707315,55f43eb8-dd4b-4b42-a701-4aa1de6bebd7,59,1,1,1,00:01:32.667000,"2026-08-10 12:29:12.282658","2026-08-10 12:30:44.986945"
102,5784c6f1-44f7-40c1-a96b-f17c4656e064,47a3ed5c-d5fd-477b-9789-996228707315,c03bd1a5-0c4c-4a24-aa06-ef89f696dd33,18,1,1,1,00:01:15.260000,"2026-08-10 12:29:16.193935","2026-08-10 12:30:31.542208"
103,1366a030-968c-4b0d-ba7b-f384733716e8,47a3ed5c-d5fd-477b-9789-996228707315,adbae869-a6c7-4443-b69a-eb77b6362d20,74,1,1,1,00:02:05.286000,"2026-08-10 12:30:35.534529","2026-08-10 12:32:40.775994"
104,27ead293-241e-4018-acb8-d9dcf8b8ae58,47a3ed5c-d5fd-477b-9789-996228707315,c8101ac3-8189-4de2-a8c2-6f64080f0b0b,64,1,1,1,00:01:38.562000,"2026-08-10 12:31:50.487718","2026-08-10 12:33:29.104546"
105,f8d63f6b-79a9-418f-9590-970c2e2efcd7,47a3ed5c-d5fd-477b-9789-996228707315,26c7a60f-ae2b-4e40-9614-b351e170c377,51,1,1,1,00:01:18.678000,"2026-08-10 12:32:28.183706","2026-08-10 12:33:46.906114"
106,0d090d0d-be74-435d-a097-dd837bbcad6c,47a3ed5c-d5fd-477b-9789-996228707315,f8c59931-ee0f-49bb-8de7-4d37fce94c60,37,1,1,1,00:01:11.151000,"2026-08-10 12:33:35.627570","2026-08-10 12:34:46.849627"
107,1366a030-968c-4b0d-ba7b-f384733716e8,47a3ed5c-d5fd-477b-9789-996228707315,ca72326e-b564-494e-8a5b-453841a8a914,80,1,1,1,00:01:47.938000,"2026-08-10 12:33:47.848473","2026-08-10 12:35:35.815292"
108,27ead293-241e-4018-acb8-d9dcf8b8ae58,47a3ed5c-d5fd-477b-9789-996228707315,1e85ee41-53bd-42a3-aa22-578f9a7c4785,35,1,1,1,00:01:39.397000,"2026-08-10 12:34:53.513244","2026-08-10 12:36:33.106776"
109,0d090d0d-be74-435d-a097-dd837bbcad6c,47a3ed5c-d5fd-477b-9789-996228707315,1aa5da33-272f-4b00-a30d-f89945d146c3,12,1,1,1,00:01:17.440000,"2026-08-10 12:35:15.800756","2026-08-10 12:36:33.290002"
110,5784c6f1-44f7-40c1-a96b-f17c4656e064,47a3ed5c-d5fd-477b-9789-996228707315,c9c93e95-4de4-451c-a426-aa39c0abfb89,62,1,1,1,00:01:32.908000,"2026-08-10 12:35:33.718790","2026-08-10 12:37:06.743907"
111,1366a030-968c-4b0d-ba7b-f384733716e8,47a3ed5c-d5fd-477b-9789-996228707315,562f70bf-7008-4802-882b-5854aedaad4f,40,1,1,1,00:02:21.914000,"2026-08-10 12:36:00.607872","2026-08-10 12:38:22.555283"
112,0d090d0d-be74-435d-a097-dd837bbcad6c,47a3ed5c-d5fd-477b-9789-996228707315,40c63201-cc8a-4629-8133-0c9e4cada5db,43,1,1,1,00:01:06.343000,"2026-08-10 12:36:56.151246","2026-08-10 12:38:02.648733"
113,5784c6f1-44f7-40c1-a96b-f17c4656e064,47a3ed5c-d5fd-477b-9789-996228707315,3744c407-539e-40e6-b5a9-9979c80e4f17,20,1,1,1,00:01:17.064000,"2026-08-10 12:37:27.757173","2026-08-10 12:38:45.026420"
114,f8d63f6b-79a9-418f-9590-970c2e2efcd7,47a3ed5c-d5fd-477b-9789-996228707315,21c060dc-799c-4aa6-b3ca-ac95686f42d3,46,1,1,1,00:01:23.956000,"2026-08-10 12:37:34.994874","2026-08-10 12:38:59.108498"
115,27ead293-241e-4018-acb8-d9dcf8b8ae58,47a3ed5c-d5fd-477b-9789-996228707315,d10a3083-fa1e-4f48-a69a-96529f81e744,73,1,1,1,00:10:57.255000,"2026-08-10 12:38:06.569444","2026-08-10 12:49:06.819702"
116,1366a030-968c-4b0d-ba7b-f384733716e8,47a3ed5c-d5fd-477b-9789-996228707315,13cd3bed-059d-427f-8c74-b946489459e9,51,1,1,1,00:01:50.963000,"2026-08-10 12:38:52.485161","2026-08-10 12:40:43.484159"
117,0d090d0d-be74-435d-a097-dd837bbcad6c,47a3ed5c-d5fd-477b-9789-996228707315,d00e6088-2659-4e7f-9f28-b3a7ad5d5520,30,1,1,1,00:01:27.089000,"2026-08-10 12:38:59.569786","2026-08-10 12:40:26.698702"
118,f8d63f6b-79a9-418f-9590-970c2e2efcd7,47a3ed5c-d5fd-477b-9789-996228707315,4762d754-2d7b-469f-8924-a6ed1ccf3ebf,19,1,1,1,00:01:23.194000,"2026-08-10 12:39:40.680591","2026-08-10 12:41:03.922257"
119,2fcd436b-a381-42a2-9392-8e52bd72a59e,47a3ed5c-d5fd-477b-9789-996228707315,3ff87f24-930f-4086-8cb1-dd50af32062b,83,1,1,1,00:01:37.278000,"2026-08-10 12:40:20.059907","2026-08-10 12:41:57.471001"
120,c9e86f33-2e02-4f41-bd54-08fe60c356d7,47a3ed5c-d5fd-477b-9789-996228707315,9a5b6f3c-e3b8-4695-990f-351f75d31dcc,27,1,1,1,00:01:23.241000,"2026-08-10 12:57:59.573032","2026-08-10 12:59:22.866701"
121,52370db6-cc36-438f-9574-68d0e577d372,47a3ed5c-d5fd-477b-9789-996228707315,f4c980cf-c118-46e3-9663-cc108b5d654a,13,1,1,1,00:01:40.747000,"2026-08-10 12:58:13.020985","2026-08-10 12:59:53.980980"
122,0d090d0d-be74-435d-a097-dd837bbcad6c,47a3ed5c-d5fd-477b-9789-996228707315,825a1790-ea99-41a0-bfe0-aca5af10be54,73,1,1,1,00:01:04.840000,"2026-08-10 12:59:08.984368","2026-08-10 13:00:13.870564"
123,1366a030-968c-4b0d-ba7b-f384733716e8,47a3ed5c-d5fd-477b-9789-996228707315,fb627ee4-c0ad-4d7c-86b4-3012f6e9b1ff,79,1,1,1,00:02:04.957000,"2026-08-10 12:59:31.061319","2026-08-10 13:01:36.070441"
124,c9e86f33-2e02-4f41-bd54-08fe60c356d7,47a3ed5c-d5fd-477b-9789-996228707315,3295d8ff-6802-4b57-bb6e-4ca291ae7df2,72,1,1,1,00:01:19.171000,"2026-08-10 12:59:39.900574","2026-08-10 13:00:59.122069"
125,db1c9233-028d-44ff-a61e-1a03ed24e5f2,47a3ed5c-d5fd-477b-9789-996228707315,7f67ad3d-9290-46ac-b95c-c497c4afb207,59,1,1,1,00:03:47.768000,"2026-08-10 13:04:19.156970","2026-08-10 13:08:06.970613"
126,b8bc9742-22fa-4452-8508-ea0c435e36a9,47a3ed5c-d5fd-477b-9789-996228707315,ec64f454-e359-47a5-bd3e-5c5ddb3a8959,72,1,1,1,00:01:46.004000,"2026-08-10 13:06:02.962518","2026-08-10 13:07:49.026535"
127,b8bc9742-22fa-4452-8508-ea0c435e36a9,47a3ed5c-d5fd-477b-9789-996228707315,deac46fd-316a-40c5-aa51-1c799179b646,71,1,1,1,00:01:28.321000,"2026-08-10 13:08:22.816410","2026-08-10 13:09:51.186906"
128,db1c9233-028d-44ff-a61e-1a03ed24e5f2,47a3ed5c-d5fd-477b-9789-996228707315,636911b9-9970-4e91-bae1-1bdc392b59ab,30,1,1,1,00:02:31.466000,"2026-08-10 13:08:52.496803","2026-08-10 13:11:24.018518"
129,b8bc9742-22fa-4452-8508-ea0c435e36a9,47a3ed5c-d5fd-477b-9789-996228707315,3daf0838-7140-4474-9bc5-53bf6fe16a76,54,1,1,1,00:01:26.260000,"2026-08-10 13:10:40.393208","2026-08-10 13:12:06.679054"
130,714c43b5-9968-4dbc-8802-29f2640c832c,47a3ed5c-d5fd-477b-9789-996228707315,a1218dab-fe02-49ea-9ac0-551dd98ea157,30,1,1,1,00:02:41.697000,"2026-08-10 13:10:58.863500","2026-08-10 13:13:40.612629"
131,431bd26e-ea1f-4549-90c4-c59aa383cf69,47a3ed5c-d5fd-477b-9789-996228707315,8950bbf8-f978-4b56-9333-969f90efc3f9,57,1,1,1,00:02:04.607000,"2026-08-10 13:12:08.637314","2026-08-10 13:14:13.311061"
132,b8bc9742-22fa-4452-8508-ea0c435e36a9,47a3ed5c-d5fd-477b-9789-996228707315,7ada4c8f-aa87-4b8f-b4d2-a5fa2488e0c7,40,1,1,1,00:01:25.732000,"2026-08-10 13:12:31.980687","2026-08-10 13:13:57.719798"
133,b8bc9742-22fa-4452-8508-ea0c435e36a9,47a3ed5c-d5fd-477b-9789-996228707315,5d95ad40-e42d-4d24-adf8-5b04bf5b79e4,59,1,1,1,00:01:22.180000,"2026-08-10 13:14:22.645421","2026-08-10 13:15:44.855279"
134,db1c9233-028d-44ff-a61e-1a03ed24e5f2,47a3ed5c-d5fd-477b-9789-996228707315,fe73bc7b-0681-42da-a3f9-35394bf119e9,61,1,1,1,00:02:24.569000,"2026-08-10 13:14:37.451959","2026-08-10 13:17:02.057479"
135,431bd26e-ea1f-4549-90c4-c59aa383cf69,47a3ed5c-d5fd-477b-9789-996228707315,79a1fd6b-6cc0-49ca-aa20-216e6fa5a2b8,28,1,1,1,00:01:21.797000,"2026-08-10 13:14:41.461669","2026-08-10 13:16:03.325989"
136,c9e86f33-2e02-4f41-bd54-08fe60c356d7,47a3ed5c-d5fd-477b-9789-996228707315,f9a6d3cf-98ed-4caa-863b-e6537ff30f97,77,1,1,1,00:01:15.235000,"2026-08-10 13:15:18.419922","2026-08-10 13:16:33.707811"
137,b8bc9742-22fa-4452-8508-ea0c435e36a9,47a3ed5c-d5fd-477b-9789-996228707315,756a4b1f-e8cd-44ce-af8f-a30a28789100,58,1,1,1,00:01:23.145000,"2026-08-10 13:16:20.341278","2026-08-10 13:17:43.529699"
138,431bd26e-ea1f-4549-90c4-c59aa383cf69,47a3ed5c-d5fd-477b-9789-996228707315,a0305cd9-6f5a-4450-bfcf-d7a57c85d7cf,24,1,1,1,00:01:12.280000,"2026-08-10 13:16:22.945414","2026-08-10 13:17:35.280178"
139,c9e86f33-2e02-4f41-bd54-08fe60c356d7,47a3ed5c-d5fd-477b-9789-996228707315,d77896bd-0b7d-4b6a-823c-c608927ac4e2,74,1,1,1,00:01:05.997000,"2026-08-10 13:16:50.030966","2026-08-10 13:17:56.077979"
140,714c43b5-9968-4dbc-8802-29f2640c832c,47a3ed5c-d5fd-477b-9789-996228707315,2a565e30-1d8b-49e8-a5f8-06053db05550,80,1,1,1,00:02:30.024000,"2026-08-10 13:17:01.998214","2026-08-10 13:19:32.145350"
141,db1c9233-028d-44ff-a61e-1a03ed24e5f2,47a3ed5c-d5fd-477b-9789-996228707315,b2c4516b-e755-4ed7-98f8-d7281278a86b,49,1,1,1,00:01:51.472000,"2026-08-10 13:17:31.755177","2026-08-10 13:19:23.417988"
142,431bd26e-ea1f-4549-90c4-c59aa383cf69,47a3ed5c-d5fd-477b-9789-996228707315,c8343e1e-c85f-4ce3-bb3b-a1f52d5ec90a,19,1,1,1,00:01:10.693000,"2026-08-10 13:17:54.065281","2026-08-10 13:19:04.810279"
143,b8bc9742-22fa-4452-8508-ea0c435e36a9,47a3ed5c-d5fd-477b-9789-996228707315,cd43934c-2f95-4e72-a8a6-661622e61950,70,1,1,1,00:01:21.742000,"2026-08-10 13:18:10.537028","2026-08-10 13:19:32.318390"
144,c9e86f33-2e02-4f41-bd54-08fe60c356d7,47a3ed5c-d5fd-477b-9789-996228707315,19b1c12b-05e7-4b57-bf2d-fdb173879a83,28,1,1,1,00:01:07.081000,"2026-08-10 13:18:11.839752","2026-08-10 13:19:18.964266"
145,431bd26e-ea1f-4549-90c4-c59aa383cf69,47a3ed5c-d5fd-477b-9789-996228707315,21872233-212d-4587-bf2c-ff2a1a6bdf33,46,1,1,1,00:01:15.355000,"2026-08-10 13:19:23.087117","2026-08-10 13:20:38.487022"
146,c9e86f33-2e02-4f41-bd54-08fe60c356d7,47a3ed5c-d5fd-477b-9789-996228707315,83a7ae79-54e0-4160-814d-28714bfef02a,20,1,1,1,00:01:01.319000,"2026-08-10 13:19:32.990389","2026-08-10 13:20:34.369985"
147,52370db6-cc36-438f-9574-68d0e577d372,47a3ed5c-d5fd-477b-9789-996228707315,aa386cd2-a951-4e89-8fc9-0869caacf8ea,65,1,1,1,00:01:22.503000,"2026-08-10 13:19:40.715606","2026-08-10 13:21:03.282974"
148,db1c9233-028d-44ff-a61e-1a03ed24e5f2,47a3ed5c-d5fd-477b-9789-996228707315,81170eac-b10b-46e1-b18a-5e95ec2ca073,14,1,1,1,00:02:17.854000,"2026-08-10 13:19:57.116672","2026-08-10 13:22:15.023423"
149,b8bc9742-22fa-4452-8508-ea0c435e36a9,47a3ed5c-d5fd-477b-9789-996228707315,f1d17442-8dee-44dc-acaf-2cdfe5444570,80,1,1,1,00:01:19.881000,"2026-08-10 13:19:59.335684","2026-08-10 13:21:19.270844"
150,714c43b5-9968-4dbc-8802-29f2640c832c,47a3ed5c-d5fd-477b-9789-996228707315,a1952403-5c5b-4899-b948-ef4d1a932cba,34,1,1,1,00:02:03.660000,"2026-08-10 13:20:59.530183","2026-08-10 13:23:03.226937"
151,431bd26e-ea1f-4549-90c4-c59aa383cf69,47a3ed5c-d5fd-477b-9789-996228707315,9f2cf8f4-b4f0-4452-b69e-c7775231fda1,54,1,1,1,00:01:08.192000,"2026-08-10 13:21:01.235178","2026-08-10 13:22:09.498631"
152,431bd26e-ea1f-4549-90c4-c59aa383cf69,47a3ed5c-d5fd-477b-9789-996228707315,cac7e548-7eee-4464-afc4-9ee3a9e4c253,55,1,1,1,00:01:13.906000,"2026-08-10 13:22:26.823541","2026-08-10 13:23:40.782842"
153,db1c9233-028d-44ff-a61e-1a03ed24e5f2,47a3ed5c-d5fd-477b-9789-996228707315,8cd903c2-df8c-432b-956b-cbcbc534cf2c,16,1,1,1,00:02:09.845000,"2026-08-10 13:23:00.963611","2026-08-10 13:25:10.854825"
154,714c43b5-9968-4dbc-8802-29f2640c832c,47a3ed5c-d5fd-477b-9789-996228707315,6d01beb2-3d83-4233-806e-a343d6e9c461,16,1,1,1,00:01:57.270000,"2026-08-10 13:23:50.620025","2026-08-10 13:25:47.931993"
155,431bd26e-ea1f-4549-90c4-c59aa383cf69,47a3ed5c-d5fd-477b-9789-996228707315,5232ea51-a2c1-42f0-babd-541616e9d042,49,1,1,1,00:01:07.401000,"2026-08-10 13:23:56.926188","2026-08-10 13:25:04.408311"
156,db1c9233-028d-44ff-a61e-1a03ed24e5f2,47a3ed5c-d5fd-477b-9789-996228707315,c7d47a23-35df-40c8-a5bc-37d41a7e0a97,31,1,1,1,00:01:52.950000,"2026-08-10 13:25:38.638572","2026-08-10 13:27:31.661900"
157,52370db6-cc36-438f-9574-68d0e577d372,47a3ed5c-d5fd-477b-9789-996228707315,a2a18530-9cae-48b0-9c62-b029a2a20abb,41,1,1,1,00:01:18.543000,"2026-08-10 13:26:01.509685","2026-08-10 13:27:20.119018"
158,714c43b5-9968-4dbc-8802-29f2640c832c,47a3ed5c-d5fd-477b-9789-996228707315,e6ffe85d-9723-4476-9409-b0808cac1832,21,1,1,1,00:02:00.192000,"2026-08-10 13:26:36.686637","2026-08-10 13:28:36.929263"
159,db1c9233-028d-44ff-a61e-1a03ed24e5f2,47a3ed5c-d5fd-477b-9789-996228707315,a99c55c7-6ccb-4e4e-b09f-3cc66cf64095,67,1,1,1,00:01:56.405000,"2026-08-10 13:27:55.303434","2026-08-10 13:29:51.759607"
160,52370db6-cc36-438f-9574-68d0e577d372,47a3ed5c-d5fd-477b-9789-996228707315,050752da-4a34-40be-a234-392f9f814e82,46,1,1,1,00:01:19.220000,"2026-08-10 13:28:17.143756","2026-08-10 13:29:36.450438"
161,714c43b5-9968-4dbc-8802-29f2640c832c,47a3ed5c-d5fd-477b-9789-996228707315,aac40705-4e31-45b2-a67b-ef88a4605653,83,1,1,1,00:02:03.364000,"2026-08-10 13:29:24.923007","2026-08-10 13:31:28.361457"
162,c9e86f33-2e02-4f41-bd54-08fe60c356d7,47a3ed5c-d5fd-477b-9789-996228707315,ed59aaea-5d9d-4834-b868-aa6407f6429a,60,1,1,1,00:01:11.487000,"2026-08-10 13:29:28.049891","2026-08-10 13:30:39.588847"
163,52370db6-cc36-438f-9574-68d0e577d372,47a3ed5c-d5fd-477b-9789-996228707315,ff6fe522-412f-4ca7-b0c5-7e1d8b10436c,26,1,1,1,00:01:20.153000,"2026-08-10 13:30:59.413748","2026-08-10 13:32:19.637438"
164,52370db6-cc36-438f-9574-68d0e577d372,47a3ed5c-d5fd-477b-9789-996228707315,1abdfe3f-2983-4845-9041-2e8d653820f5,32,1,1,1,00:01:13.564000,"2026-08-10 13:32:50.676001","2026-08-10 13:34:04.355993"
165,52370db6-cc36-438f-9574-68d0e577d372,47a3ed5c-d5fd-477b-9789-996228707315,3783904c-99fa-462f-9994-6d5790f143c0,11,1,1,1,00:01:28.267000,"2026-08-10 13:34:24.219049","2026-08-10 13:35:52.540836"
166,714c43b5-9968-4dbc-8802-29f2640c832c,47a3ed5c-d5fd-477b-9789-996228707315,5c0c4ccd-c1de-4de8-a010-7068bba16f2d,40,1,1,1,00:01:59.813000,"2026-08-10 13:35:19.881756","2026-08-10 13:37:19.738339"
167,52370db6-cc36-438f-9574-68d0e577d372,47a3ed5c-d5fd-477b-9789-996228707315,10474d41-1e85-45b8-8577-831c2ba108e0,17,1,1,1,00:01:17.827000,"2026-08-10 13:36:14.834342","2026-08-10 13:37:32.737752"
168,c9e86f33-2e02-4f41-bd54-08fe60c356d7,47a3ed5c-d5fd-477b-9789-996228707315,21381c4e-eb1d-4fc0-a85a-cd600e06b4ce,55,1,1,1,00:01:11.606000,"2026-08-10 13:37:16.494724","2026-08-10 13:38:28.144780"
169,714c43b5-9968-4dbc-8802-29f2640c832c,47a3ed5c-d5fd-477b-9789-996228707315,a8b48a84-dea9-4db4-85f8-3e47857e8275,66,1,1,1,00:01:32.431000,"2026-08-10 13:37:47.908209","2026-08-10 13:39:20.397292"
170,27ead293-241e-4018-acb8-d9dcf8b8ae58,47a3ed5c-d5fd-477b-9789-996228707315,0723d420-9f43-4c4f-a72a-99d9beef41f8,77,1,1,1,00:02:05.247000,"2026-08-10 13:46:52.241965","2026-08-10 13:48:57.602287"
171,d6efd731-814a-465d-8248-2cdc76ade273,47a3ed5c-d5fd-477b-9789-996228707315,09ef0d72-647d-46a8-b598-07ac998102db,2,1,1,1,00:01:50.541000,"2026-08-10 13:58:35.050804","2026-08-10 14:02:04.064532"
172,d6efd731-814a-465d-8248-2cdc76ade273,47a3ed5c-d5fd-477b-9789-996228707315,61a5b015-8711-4222-9f1f-1e0e70f244d4,31,1,1,1,00:01:35.223000,"2026-08-10 14:08:32.254523","2026-08-10 14:10:07.531899"
173,d6efd731-814a-465d-8248-2cdc76ade273,47a3ed5c-d5fd-477b-9789-996228707315,5c0f6262-3f58-4e6c-b0f7-c47cd121e469,42,1,1,1,00:01:22.214000,"2026-08-10 14:10:24.936526","2026-08-10 14:11:47.230992"
174,b3684da2-86b0-40fd-8c34-5671a2264ee3,47a3ed5c-d5fd-477b-9789-996228707315,afdccb08-f3b6-42c4-9c82-74a0e2456b99,59,1,1,1,00:01:28.798000,"2026-08-10 14:45:43.597115","2026-08-10 14:47:12.462441"
175,b3684da2-86b0-40fd-8c34-5671a2264ee3,47a3ed5c-d5fd-477b-9789-996228707315,f4c0d322-8ed6-4201-8dfd-d0af82e33585,18,1,1,1,00:01:19.067000,"2026-08-10 14:47:31.927500","2026-08-10 14:48:51.050730"
176,b3684da2-86b0-40fd-8c34-5671a2264ee3,47a3ed5c-d5fd-477b-9789-996228707315,b5f0466d-abb7-478b-b866-81613fcd6f29,80,1,1,1,00:01:18.050000,"2026-08-10 14:49:11.233212","2026-08-10 14:50:29.349225"
177,b3684da2-86b0-40fd-8c34-5671a2264ee3,47a3ed5c-d5fd-477b-9789-996228707315,49f1517f-4166-47b5-825e-469f87d108ee,16,1,1,1,00:01:07.108000,"2026-08-10 14:55:35.632869","2026-08-10 14:56:42.804247"
178,b3684da2-86b0-40fd-8c34-5671a2264ee3,47a3ed5c-d5fd-477b-9789-996228707315,cfc0db88-cb85-4943-871e-16e6339168f1,10,1,1,1,00:01:12.121000,"2026-08-10 14:56:59.112145","2026-08-10 14:58:11.287528"
179,b3684da2-86b0-40fd-8c34-5671a2264ee3,47a3ed5c-d5fd-477b-9789-996228707315,12b7d94d-d846-422f-8bf0-0c032caa272e,72,1,1,1,00:01:03.706000,"2026-08-10 14:58:26.278918","2026-08-10 14:59:30.057356"
180,2dfedf97-1322-499d-a00e-ef93639fa938,47a3ed5c-d5fd-477b-9789-996228707315,ff2cdcc6-9f27-4678-ae40-aa5574a2d86e,36,1,1,1,00:01:55.317000,"2026-08-10 14:59:11.089842","2026-08-10 15:01:06.455629"
181,b3684da2-86b0-40fd-8c34-5671a2264ee3,47a3ed5c-d5fd-477b-9789-996228707315,e5e386d4-abf8-48ba-8874-33eac596e841,81,1,1,1,00:01:05.536000,"2026-08-10 14:59:44.041212","2026-08-10 15:00:49.627237"
182,2dfedf97-1322-499d-a00e-ef93639fa938,47a3ed5c-d5fd-477b-9789-996228707315,9d813114-2d6c-48c1-8362-ae01cce1be93,69,1,1,1,00:01:50.363000,"2026-08-10 15:01:55.645383","2026-08-10 15:03:46.053755"
183,d8c22be3-47c9-4623-92fd-23d90d12e5c9,47a3ed5c-d5fd-477b-9789-996228707315,9f50bcfc-b7c8-4dc6-862f-1b879fb0e07e,17,1,1,1,00:01:50.053000,"2026-08-10 15:02:33.199940","2026-08-10 15:04:23.464943"
184,fa255d63-0247-4f98-b9cc-c242cc000956,47a3ed5c-d5fd-477b-9789-996228707315,54b31a9e-34cf-442d-a671-d8b372f78099,84,1,1,1,00:01:20.597000,"2026-08-10 15:03:08.055393","2026-08-10 15:04:28.698679"
185,b3684da2-86b0-40fd-8c34-5671a2264ee3,47a3ed5c-d5fd-477b-9789-996228707315,3e2103f2-bedf-44e1-8be8-4d57b4839a06,83,1,1,1,00:01:04.317000,"2026-08-10 15:03:55.499404","2026-08-10 15:04:59.862488"
186,f9991d4e-8ccf-41bf-9447-4ab5f8c77186,47a3ed5c-d5fd-477b-9789-996228707315,ab98d2dc-9ec7-4533-b093-668e4c754c3f,52,1,1,1,00:01:35.159000,"2026-08-10 15:04:02.788136","2026-08-10 15:05:38.125273"
187,caddd5d5-8bc0-4b05-81e3-1ef4b3e1daa3,47a3ed5c-d5fd-477b-9789-996228707315,93b6bac3-b357-4e71-a05d-b6bf10ea9aab,20,1,1,1,00:01:32.941000,"2026-08-10 15:04:09.121823","2026-08-10 15:05:41.962459"
188,2dfedf97-1322-499d-a00e-ef93639fa938,47a3ed5c-d5fd-477b-9789-996228707315,92449293-482b-4397-9901-36dc7f4b6ad4,41,1,1,1,00:01:29.605000,"2026-08-10 15:04:11.726654","2026-08-10 15:05:41.390335"
189,d8c22be3-47c9-4623-92fd-23d90d12e5c9,47a3ed5c-d5fd-477b-9789-996228707315,0959fa84-1ab7-458f-92ac-1cdeac2e6194,45,1,1,1,00:01:21.742000,"2026-08-10 15:04:44.718872","2026-08-10 15:06:06.507533"
190,fa255d63-0247-4f98-b9cc-c242cc000956,47a3ed5c-d5fd-477b-9789-996228707315,03fe80f0-3f9e-4530-bd26-256ae5304a75,13,1,1,1,00:01:28.851000,"2026-08-10 15:05:03.919691","2026-08-10 15:06:32.821303"
191,f9991d4e-8ccf-41bf-9447-4ab5f8c77186,47a3ed5c-d5fd-477b-9789-996228707315,2bd1fd39-e3b1-4cb4-9a32-7113d9356fe1,12,1,1,1,00:01:03.014000,"2026-08-10 15:05:58.272570","2026-08-10 15:07:01.330670"
192,b4d00fa4-1989-4bc3-bd6d-a8fafdde63d0,47a3ed5c-d5fd-477b-9789-996228707315,aa7bb060-d401-47f1-95df-c921367b06b3,42,1,1,1,00:01:18.729000,"2026-08-10 15:06:12.756360","2026-08-10 15:07:31.493932"
193,d8c22be3-47c9-4623-92fd-23d90d12e5c9,47a3ed5c-d5fd-477b-9789-996228707315,6317eb7c-5e7c-4e11-8a7c-a656a835bb61,73,1,1,1,00:01:19.062000,"2026-08-10 15:06:25.680111","2026-08-10 15:07:44.801413"
194,caddd5d5-8bc0-4b05-81e3-1ef4b3e1daa3,47a3ed5c-d5fd-477b-9789-996228707315,aac7e858-7723-49da-930a-22e37f711421,16,1,1,1,00:01:25.430000,"2026-08-10 15:06:35.374290","2026-08-10 15:08:00.883623"
195,fa255d63-0247-4f98-b9cc-c242cc000956,47a3ed5c-d5fd-477b-9789-996228707315,062eb22a-cd0f-4ad8-b807-20b7aee6b9f9,26,1,1,1,00:01:25.560000,"2026-08-10 15:06:52.581913","2026-08-10 15:08:18.192722"
196,f9991d4e-8ccf-41bf-9447-4ab5f8c77186,47a3ed5c-d5fd-477b-9789-996228707315,a06fbe3b-8f9a-4ed5-9efa-4e6e1d59f52d,60,1,1,1,00:01:09.605000,"2026-08-10 15:07:29.092693","2026-08-10 15:08:38.754970"
197,b4d00fa4-1989-4bc3-bd6d-a8fafdde63d0,47a3ed5c-d5fd-477b-9789-996228707315,6417e959-56bd-45cc-ab9f-c120e94e7722,10,1,1,1,00:01:22.588000,"2026-08-10 15:07:53.060486","2026-08-10 15:09:15.696184"
198,d8c22be3-47c9-4623-92fd-23d90d12e5c9,47a3ed5c-d5fd-477b-9789-996228707315,178bb0a6-3938-4a7d-b2a3-8f83d9da20db,52,1,1,1,00:01:37.200000,"2026-08-10 15:08:01.109878","2026-08-10 15:09:38.359402"
199,6b4daa0c-cd4a-4eef-8e08-40957371febb,47a3ed5c-d5fd-477b-9789-996228707315,83a0fc2b-1eb3-422b-aae7-104406b59cdb,72,1,1,1,00:01:47.852000,"2026-08-10 15:08:20.284975","2026-08-10 15:10:08.167183"
200,5743aa4c-e9e0-42b4-8349-ae2c2b48c8b9,47a3ed5c-d5fd-477b-9789-996228707315,74b60c7e-228f-431c-951e-6b6fdded8736,39,1,1,1,00:02:16.020000,"2026-08-10 15:08:32.627645","2026-08-10 15:10:48.671129"
201,fa255d63-0247-4f98-b9cc-c242cc000956,47a3ed5c-d5fd-477b-9789-996228707315,0de1fb4f-e565-4de6-b003-c22cdd2d0d34,9,1,1,1,00:01:20.963000,"2026-08-10 15:08:39.320603","2026-08-10 15:10:00.336732"
202,f9991d4e-8ccf-41bf-9447-4ab5f8c77186,47a3ed5c-d5fd-477b-9789-996228707315,c721c308-2456-4d23-919b-84e01ed95058,49,1,1,1,00:01:05.220000,"2026-08-10 15:08:49.740615","2026-08-10 15:09:54.989593"
203,caddd5d5-8bc0-4b05-81e3-1ef4b3e1daa3,47a3ed5c-d5fd-477b-9789-996228707315,7e9f2868-8044-4848-a475-d8d08fedb4f0,61,1,1,1,00:01:30.162000,"2026-08-10 15:08:53.538897","2026-08-10 15:10:23.652435"
204,0807f290-61e6-4e80-934c-014880a1de80,47a3ed5c-d5fd-477b-9789-996228707315,84ba148d-4c75-44ac-9912-7663b4b742f5,77,1,1,1,00:01:45.902000,"2026-08-10 15:09:04.200543","2026-08-10 15:10:50.036993"
205,f9899d35-efea-4149-b9c9-1503dd883c06,47a3ed5c-d5fd-477b-9789-996228707315,9f67972d-5564-4a5b-9123-eaed4f915b0e,46,1,1,1,00:01:40.118000,"2026-08-10 15:09:09.689645","2026-08-10 15:10:49.848987"
206,490ec39e-219e-42d9-adba-14ca9f161985,47a3ed5c-d5fd-477b-9789-996228707315,fd2e8131-8dbc-40b0-aeeb-b8d107532e96,23,1,1,1,00:01:55.471000,"2026-08-10 15:09:12.581935","2026-08-10 15:11:08.097627"
207,b4d00fa4-1989-4bc3-bd6d-a8fafdde63d0,47a3ed5c-d5fd-477b-9789-996228707315,15e6f97a-f9f2-405e-9bf1-ffc8351c4196,43,1,1,1,00:01:07.364000,"2026-08-10 15:09:33.392467","2026-08-10 15:10:40.803454"
208,d8c22be3-47c9-4623-92fd-23d90d12e5c9,47a3ed5c-d5fd-477b-9789-996228707315,7e851f68-1c04-49a3-94b9-c93137263d1b,50,1,1,1,00:01:29.598000,"2026-08-10 15:10:04.666138","2026-08-10 15:11:34.316624"
209,f9991d4e-8ccf-41bf-9447-4ab5f8c77186,47a3ed5c-d5fd-477b-9789-996228707315,e8a81916-68c0-4192-b6db-a01220b4fe06,34,1,1,1,00:01:01.422000,"2026-08-10 15:10:17.344123","2026-08-10 15:11:18.814199"
210,fa255d63-0247-4f98-b9cc-c242cc000956,47a3ed5c-d5fd-477b-9789-996228707315,5ada9497-e054-4f45-b6e0-39bb900a5abd,65,1,1,1,00:01:21.287000,"2026-08-10 15:10:20.004842","2026-08-10 15:11:41.339286"
211,931e5001-9192-4927-a873-c62b762583cb,47a3ed5c-d5fd-477b-9789-996228707315,7656cbe9-bced-4fdc-afaa-3cf622926eb3,13,1,1,1,00:02:00.729000,"2026-08-10 15:10:31.921703","2026-08-10 15:12:32.681821"
212,6b4daa0c-cd4a-4eef-8e08-40957371febb,47a3ed5c-d5fd-477b-9789-996228707315,3c14765e-3c47-4bb3-b7b6-f4c307669639,9,1,1,1,00:01:09.345000,"2026-08-10 15:10:32.059016","2026-08-10 15:11:41.452037"
213,4dfd40f3-3ae2-4e26-b3ec-7ff26574ed67,47a3ed5c-d5fd-477b-9789-996228707315,46099215-ea71-4a1b-90e8-6e81d6b8ccd1,66,1,1,1,00:01:48.584000,"2026-08-10 15:10:42.396636","2026-08-10 15:12:31.929773"
214,2dfedf97-1322-499d-a00e-ef93639fa938,47a3ed5c-d5fd-477b-9789-996228707315,f406afeb-b123-4b43-9ce4-a6bbe121ad50,82,1,1,1,00:01:33.740000,"2026-08-10 15:10:49.035884","2026-08-10 15:12:22.822154"
215,aacfbf83-60ec-4817-aecd-b731847992e7,47a3ed5c-d5fd-477b-9789-996228707315,b390af82-9c67-4052-97c5-8f2b1e8083b9,42,1,1,1,00:03:07.749000,"2026-08-10 15:10:54.094804","2026-08-10 15:14:02.254692"
216,be2ae2c7-c950-475b-ae3e-9f25834fceae,47a3ed5c-d5fd-477b-9789-996228707315,6ccaa04c-2785-436e-8c04-a5bdfb5e8067,21,1,1,1,00:01:41.958000,"2026-08-10 15:11:14.641449","2026-08-10 15:12:56.651857"
217,d8250051-228a-4409-a726-3621fd666683,47a3ed5c-d5fd-477b-9789-996228707315,0d2b44ff-6536-40e9-be6c-d6776eee20f8,59,1,1,1,00:02:50.839000,"2026-08-10 15:11:29.898884","2026-08-10 15:14:20.794020"
218,fa255d63-0247-4f98-b9cc-c242cc000956,47a3ed5c-d5fd-477b-9789-996228707315,0131c5e7-2d8b-43bf-898b-7f4215748bdf,69,1,1,1,00:01:26.821000,"2026-08-10 15:12:10.656530","2026-08-10 15:13:37.741829"
219,eb7f8be9-40fe-4d3b-97dd-ae7d4674f219,47a3ed5c-d5fd-477b-9789-996228707315,6e6661ed-3529-4322-aa60-b71f6b178102,28,1,1,1,00:01:37.667000,"2026-08-10 15:12:21.741219","2026-08-10 15:13:59.453148"
220,f9991d4e-8ccf-41bf-9447-4ab5f8c77186,47a3ed5c-d5fd-477b-9789-996228707315,1f48b993-45ba-49bd-8fb4-52c0f0445218,61,1,1,0,00:00:58.328000,"2026-08-10 15:13:02.582188","2026-08-10 15:14:00.952187"
221,931e5001-9192-4927-a873-c62b762583cb,47a3ed5c-d5fd-477b-9789-996228707315,859cd818-c45e-42cb-b668-134c916779af,54,1,1,1,00:01:48.819000,"2026-08-10 15:13:18.291533","2026-08-10 15:15:07.169021"
222,491c554a-433b-48e6-9048-8c0651f79cec,47a3ed5c-d5fd-477b-9789-996228707315,8881b5a2-56c4-4707-99ea-8925370cf0e9,57,1,1,1,00:01:40.138000,"2026-08-10 15:13:22.370287","2026-08-10 15:15:02.573276"
223,0807f290-61e6-4e80-934c-014880a1de80,47a3ed5c-d5fd-477b-9789-996228707315,3e15688a-7a2e-407a-a2a2-d3e1e1f8095c,72,1,1,1,00:01:19.816000,"2026-08-10 15:13:43.228855","2026-08-10 15:15:02.980671"
224,d13f7c59-51ec-4e05-8d3d-6970170936a4,47a3ed5c-d5fd-477b-9789-996228707315,04e5b796-904a-4c9b-8de8-8b8059e528ee,58,1,1,1,00:01:27.489000,"2026-08-10 15:14:01.562228","2026-08-10 15:15:29.080613"
225,fa255d63-0247-4f98-b9cc-c242cc000956,47a3ed5c-d5fd-477b-9789-996228707315,5670bd39-9d08-4fd4-bd78-8558dfec220a,62,1,1,1,00:01:15.600000,"2026-08-10 15:14:08.914617","2026-08-10 15:15:24.572959"
226,eb7f8be9-40fe-4d3b-97dd-ae7d4674f219,47a3ed5c-d5fd-477b-9789-996228707315,85a9f726-d105-42a0-908b-75ce2b62ffc1,61,1,1,1,00:01:14.800000,"2026-08-10 15:14:32.957204","2026-08-10 15:15:47.805577"
227,bd614f7c-50e7-46a8-8221-47f46284aa5c,47a3ed5c-d5fd-477b-9789-996228707315,6bb1e055-e604-4747-96de-553226534888,84,1,1,1,00:01:25.927000,"2026-08-10 15:14:44.088125","2026-08-10 15:16:10.058612"
228,aacfbf83-60ec-4817-aecd-b731847992e7,47a3ed5c-d5fd-477b-9789-996228707315,cc3227bd-0c81-47e4-9388-c13e70bd916e,31,1,1,1,00:01:42.958000,"2026-08-10 15:14:59.764435","2026-08-10 15:16:43.009969"
229,491c554a-433b-48e6-9048-8c0651f79cec,47a3ed5c-d5fd-477b-9789-996228707315,f9bd4905-bb81-4a2e-a063-5e7b6664e9bb,40,1,1,1,00:01:20.894000,"2026-08-10 15:15:21.397315","2026-08-10 15:16:42.338239"
230,d8250051-228a-4409-a726-3621fd666683,47a3ed5c-d5fd-477b-9789-996228707315,f9f72b94-83e1-4511-b7a3-b535a4bd562b,65,1,1,1,00:01:37.911000,"2026-08-10 15:15:25.455817","2026-08-10 15:17:03.420929"
231,bcf46f23-2c12-420f-b314-2d538485a7db,47a3ed5c-d5fd-477b-9789-996228707315,fc5465ea-8e48-4fdf-8fbe-eaa5faed1d2b,81,1,1,1,00:01:59.084000,"2026-08-10 15:15:27.378244","2026-08-10 15:17:26.607183"
232,fa255d63-0247-4f98-b9cc-c242cc000956,47a3ed5c-d5fd-477b-9789-996228707315,a4519df1-b0a6-4a10-9656-526a36b6ccb6,20,1,1,1,00:01:09.991000,"2026-08-10 15:15:44.887444","2026-08-10 15:16:54.943971"
233,d13f7c59-51ec-4e05-8d3d-6970170936a4,47a3ed5c-d5fd-477b-9789-996228707315,18e1683e-19a5-4984-8cea-2bab15367ef4,73,1,1,1,00:01:16.933000,"2026-08-10 15:15:53.414848","2026-08-10 15:17:10.346015"
234,eb7f8be9-40fe-4d3b-97dd-ae7d4674f219,47a3ed5c-d5fd-477b-9789-996228707315,e0940c7c-eee5-4cea-a133-e2e00f22ffcb,55,1,1,1,00:01:20.459000,"2026-08-10 15:16:11.218560","2026-08-10 15:17:31.727274"
235,f9899d35-efea-4149-b9c9-1503dd883c06,47a3ed5c-d5fd-477b-9789-996228707315,ae7c43c3-d0d5-4d66-aed4-0baa71351191,81,1,1,1,00:01:22.961000,"2026-08-10 15:16:12.788223","2026-08-10 15:17:35.796144"
236,b4d00fa4-1989-4bc3-bd6d-a8fafdde63d0,47a3ed5c-d5fd-477b-9789-996228707315,8e6d6217-98d2-4718-8f21-c024ce40b07f,9,1,1,1,00:01:09.206000,"2026-08-10 15:16:17.581064","2026-08-10 15:17:26.831203"
237,be2ae2c7-c950-475b-ae3e-9f25834fceae,47a3ed5c-d5fd-477b-9789-996228707315,40d85b96-2dca-441a-9d20-3ad0b72d60e0,75,1,1,1,00:01:29.226000,"2026-08-10 15:16:20.966927","2026-08-10 15:17:50.244699"
238,2dfedf97-1322-499d-a00e-ef93639fa938,47a3ed5c-d5fd-477b-9789-996228707315,d5350465-81db-41e1-9be0-17b20c69eb3f,20,1,1,1,00:01:19.617000,"2026-08-10 15:16:24.601112","2026-08-10 15:17:44.308529"
239,931e5001-9192-4927-a873-c62b762583cb,47a3ed5c-d5fd-477b-9789-996228707315,073ca36b-2bf2-4eda-9e53-0a67e4f44aa5,45,1,1,1,00:01:28.240000,"2026-08-10 15:16:27.681622","2026-08-10 15:17:55.977413"
240,0807f290-61e6-4e80-934c-014880a1de80,47a3ed5c-d5fd-477b-9789-996228707315,cd1b3847-5860-4037-86be-17b3d38eabf3,60,1,1,1,00:01:07.469000,"2026-08-10 15:16:34.988597","2026-08-10 15:17:42.376379"
241,bd614f7c-50e7-46a8-8221-47f46284aa5c,47a3ed5c-d5fd-477b-9789-996228707315,57caa781-7faa-4392-ab68-c6caa79acf11,20,1,1,1,00:01:24.700000,"2026-08-10 15:16:49.689725","2026-08-10 15:18:14.446067"
242,491c554a-433b-48e6-9048-8c0651f79cec,47a3ed5c-d5fd-477b-9789-996228707315,cade3831-3890-4a67-8c4b-605866a727f4,43,1,1,1,00:01:11.512000,"2026-08-10 15:17:02.994015","2026-08-10 15:18:14.579853"
243,d13f7c59-51ec-4e05-8d3d-6970170936a4,47a3ed5c-d5fd-477b-9789-996228707315,fd4177bf-01b6-4443-bb44-d18cd274a61b,56,1,1,1,00:01:08.564000,"2026-08-10 15:17:27.066330","2026-08-10 15:18:35.650581"
244,aacfbf83-60ec-4817-aecd-b731847992e7,47a3ed5c-d5fd-477b-9789-996228707315,c0a20d1d-8735-4b59-8132-0244fa2f7a53,45,1,1,1,00:01:45.086000,"2026-08-10 15:17:33.795988","2026-08-10 15:19:18.966059"
245,490ec39e-219e-42d9-adba-14ca9f161985,47a3ed5c-d5fd-477b-9789-996228707315,1cfef72d-fc7c-418a-bfcb-b79306563569,56,1,1,1,00:01:51.511000,"2026-08-10 15:17:44.022131","2026-08-10 15:19:35.571185"
246,b4d00fa4-1989-4bc3-bd6d-a8fafdde63d0,47a3ed5c-d5fd-477b-9789-996228707315,b158a072-35f4-4d99-9ffa-56a9a50f9d76,24,1,1,1,00:01:11.814000,"2026-08-10 15:17:45.122685","2026-08-10 15:18:57.002487"
247,bcf46f23-2c12-420f-b314-2d538485a7db,47a3ed5c-d5fd-477b-9789-996228707315,e66b3c72-d2ca-4850-b1c7-3f15814902ee,22,1,1,1,00:01:17.975000,"2026-08-10 15:17:49.788591","2026-08-10 15:19:07.802738"
248,f9899d35-efea-4149-b9c9-1503dd883c06,47a3ed5c-d5fd-477b-9789-996228707315,d1df662b-7e38-4e03-9565-7db00fe09a8a,82,1,1,1,00:01:14.706000,"2026-08-10 15:17:52.460923","2026-08-10 15:19:07.213922"
249,eb7f8be9-40fe-4d3b-97dd-ae7d4674f219,47a3ed5c-d5fd-477b-9789-996228707315,5b12db88-413c-4360-bc95-74a343653da5,83,1,1,1,00:01:08.021000,"2026-08-10 15:17:56.209966","2026-08-10 15:19:04.288169"
250,0807f290-61e6-4e80-934c-014880a1de80,47a3ed5c-d5fd-477b-9789-996228707315,27658a69-2118-4b65-b8ad-705553eb0058,69,1,1,1,00:01:08.906000,"2026-08-10 15:17:59.604128","2026-08-10 15:19:08.431418"
251,2dfedf97-1322-499d-a00e-ef93639fa938,47a3ed5c-d5fd-477b-9789-996228707315,7d77f5b8-67f3-4a67-879d-a68b2f4c82ce,22,1,1,1,00:01:25.210000,"2026-08-10 15:18:02.167567","2026-08-10 15:19:27.424730"
252,be2ae2c7-c950-475b-ae3e-9f25834fceae,47a3ed5c-d5fd-477b-9789-996228707315,745e4f1a-2e84-4747-8759-279d7d9f1bcb,39,1,1,1,00:01:20.676000,"2026-08-10 15:18:18.639303","2026-08-10 15:19:39.625219"
253,931e5001-9192-4927-a873-c62b762583cb,47a3ed5c-d5fd-477b-9789-996228707315,6cbfa4b6-5257-4b84-b11c-7efdba90f5f7,14,1,1,1,00:02:08.063000,"2026-08-10 15:18:28.173422","2026-08-10 15:20:37.183671"
254,d52a8b43-3bef-44ca-9f39-7a0c3da29979,47a3ed5c-d5fd-477b-9789-996228707315,08cbe57e-52eb-42bb-a823-556b997a0482,33,1,1,1,00:02:12.524000,"2026-08-10 15:18:35.862543","2026-08-10 15:20:48.431206"
255,491c554a-433b-48e6-9048-8c0651f79cec,47a3ed5c-d5fd-477b-9789-996228707315,7b47f28a-e91e-45f9-a7a9-7cc9ec935995,76,1,1,1,00:01:15.947000,"2026-08-10 15:18:46.659552","2026-08-10 15:20:02.653920"
256,d13f7c59-51ec-4e05-8d3d-6970170936a4,47a3ed5c-d5fd-477b-9789-996228707315,6e45fd47-4c0c-4ee2-8e36-7b4e582f8698,21,1,1,1,00:01:10.162000,"2026-08-10 15:18:51.935351","2026-08-10 15:20:02.106281"
257,b4d00fa4-1989-4bc3-bd6d-a8fafdde63d0,47a3ed5c-d5fd-477b-9789-996228707315,7b173ed6-6be7-4ccc-8cb6-b98501cb40c6,58,1,1,1,00:01:09.126000,"2026-08-10 15:19:18.476731","2026-08-10 15:20:27.845862"
258,f9899d35-efea-4149-b9c9-1503dd883c06,47a3ed5c-d5fd-477b-9789-996228707315,1b4bb15c-a6c6-471d-85ec-e5326188be67,51,1,1,1,00:01:12.017000,"2026-08-10 15:19:22.464580","2026-08-10 15:20:34.523822"
259,bcf46f23-2c12-420f-b314-2d538485a7db,47a3ed5c-d5fd-477b-9789-996228707315,81944cc5-93fa-49a5-a6dc-cf59c6c866dc,15,1,1,1,00:01:07.026000,"2026-08-10 15:19:26.792818","2026-08-10 15:20:33.862177"
260,eb7f8be9-40fe-4d3b-97dd-ae7d4674f219,47a3ed5c-d5fd-477b-9789-996228707315,cb0b6be5-4920-4bf6-be97-e03adfa4a7f9,19,1,1,1,00:01:06.912000,"2026-08-10 15:19:29.022289","2026-08-10 15:20:35.970266"
261,0807f290-61e6-4e80-934c-014880a1de80,47a3ed5c-d5fd-477b-9789-996228707315,a5b4b629-e3b4-4102-b2f3-eea5a0569efd,21,1,1,1,00:01:05.370000,"2026-08-10 15:19:31.277176","2026-08-10 15:20:36.603401"
262,146a560d-540e-4a2e-9b78-3958268b01bb,47a3ed5c-d5fd-477b-9789-996228707315,45bdb9d3-73c9-43c9-bcf6-a5bcd6e5ace3,62,1,1,1,00:02:14.057000,"2026-08-10 15:19:39.769008","2026-08-10 15:21:53.841755"
263,490ec39e-219e-42d9-adba-14ca9f161985,47a3ed5c-d5fd-477b-9789-996228707315,38f95b12-e25e-4a18-be50-2f80025ed404,72,1,1,1,00:01:58.300000,"2026-08-10 15:19:59.713696","2026-08-10 15:21:58.055570"
264,be2ae2c7-c950-475b-ae3e-9f25834fceae,47a3ed5c-d5fd-477b-9789-996228707315,663a211a-65f1-439e-9cf5-f5976a20d2b5,16,1,1,1,00:01:11.959000,"2026-08-10 15:20:05.578177","2026-08-10 15:21:17.596498"
265,bd614f7c-50e7-46a8-8221-47f46284aa5c,47a3ed5c-d5fd-477b-9789-996228707315,40ace829-25f1-4fac-bc54-deb24e456c76,48,1,1,1,00:01:31.749000,"2026-08-10 15:20:20.716413","2026-08-10 15:21:52.807344"
266,aacfbf83-60ec-4817-aecd-b731847992e7,47a3ed5c-d5fd-477b-9789-996228707315,f66f1913-1897-45ae-903f-99cd269bbb12,39,1,1,1,00:03:32.643000,"2026-08-10 15:20:25.400968","2026-08-10 15:23:58.107976"
267,d13f7c59-51ec-4e05-8d3d-6970170936a4,47a3ed5c-d5fd-477b-9789-996228707315,15fb6c88-7af8-4686-a455-2429cf4a421c,47,1,1,1,00:01:18.796000,"2026-08-10 15:20:26.131273","2026-08-10 15:21:45.038276"
268,7fbd153d-5330-4300-8bd3-a6d161721845,47a3ed5c-d5fd-477b-9789-996228707315,ed25774c-57f5-4fef-a9d3-f2af4ee61acf,18,1,1,1,00:02:11.015000,"2026-08-10 15:21:29.630802","2026-08-10 15:23:40.695046"
269,be2ae2c7-c950-475b-ae3e-9f25834fceae,47a3ed5c-d5fd-477b-9789-996228707315,21c4c312-e131-43e5-9373-309ff2cd52c2,13,1,1,1,00:01:31.736000,"2026-08-10 15:21:43.725961","2026-08-10 15:23:15.509774"
270,d52a8b43-3bef-44ca-9f39-7a0c3da29979,47a3ed5c-d5fd-477b-9789-996228707315,deb2a8a1-031d-43d9-9cd5-198189ec61fa,49,1,1,1,00:01:38.492000,"2026-08-10 15:21:54.709923","2026-08-10 15:23:33.225831"
271,d13f7c59-51ec-4e05-8d3d-6970170936a4,47a3ed5c-d5fd-477b-9789-996228707315,ccc6a6e5-0446-47bf-868f-010b306813a4,75,1,1,1,00:01:15.943000,"2026-08-10 15:22:01.905500","2026-08-10 15:23:17.877262"
272,bd614f7c-50e7-46a8-8221-47f46284aa5c,47a3ed5c-d5fd-477b-9789-996228707315,da8b9ead-553a-44ea-8209-3d307c352597,47,1,1,1,00:01:25.337000,"2026-08-10 15:22:10.700137","2026-08-10 15:23:36.082670"
273,490ec39e-219e-42d9-adba-14ca9f161985,47a3ed5c-d5fd-477b-9789-996228707315,221908ec-ce0e-41b3-ba57-c4af51a7b6ed,25,1,1,1,00:01:40.288000,"2026-08-10 15:22:13.485192","2026-08-10 15:23:53.813810"
274,146a560d-540e-4a2e-9b78-3958268b01bb,47a3ed5c-d5fd-477b-9789-996228707315,6a497022-c1a2-487e-bc6d-6f2fac0bf267,13,1,1,1,00:01:59.086000,"2026-08-10 15:22:27.539538","2026-08-10 15:24:26.668345"
275,0807f290-61e6-4e80-934c-014880a1de80,47a3ed5c-d5fd-477b-9789-996228707315,70661266-3a81-4fe4-9953-398dd9a41da6,42,1,1,1,00:01:06.791000,"2026-08-10 15:23:09.750564","2026-08-10 15:24:16.455385"
276,b4d00fa4-1989-4bc3-bd6d-a8fafdde63d0,47a3ed5c-d5fd-477b-9789-996228707315,638f1c6f-d851-432e-948a-4245536b2125,40,1,1,1,00:01:20.037000,"2026-08-10 15:23:13.283794","2026-08-10 15:24:33.426230"
277,491c554a-433b-48e6-9048-8c0651f79cec,47a3ed5c-d5fd-477b-9789-996228707315,4cc74418-b182-413c-8c7c-a9f149c79d63,16,1,1,1,00:01:07.796000,"2026-08-10 15:23:31.490339","2026-08-10 15:24:39.334669"
278,d13f7c59-51ec-4e05-8d3d-6970170936a4,47a3ed5c-d5fd-477b-9789-996228707315,a9ec48c4-d184-4eef-ab7c-5518c60cfaa5,39,1,1,1,00:01:15.989000,"2026-08-10 15:23:31.842349","2026-08-10 15:24:47.807535"
279,eb7f8be9-40fe-4d3b-97dd-ae7d4674f219,47a3ed5c-d5fd-477b-9789-996228707315,bd9b7b92-d950-4bd4-beb0-fae23b755527,41,1,1,1,00:01:13.253000,"2026-08-10 15:23:50.123551","2026-08-10 15:25:03.618126"
280,bd614f7c-50e7-46a8-8221-47f46284aa5c,47a3ed5c-d5fd-477b-9789-996228707315,4ca0bd35-a1ed-4084-bb63-12bd706ed15c,68,1,1,1,00:01:25.110000,"2026-08-10 15:24:00.808899","2026-08-10 15:25:25.973170"
281,7fbd153d-5330-4300-8bd3-a6d161721845,47a3ed5c-d5fd-477b-9789-996228707315,ed8e4e74-0b45-4d77-8673-d56432e62e36,12,1,1,1,00:01:28.082000,"2026-08-10 15:24:04.725443","2026-08-10 15:25:32.851302"
282,490ec39e-219e-42d9-adba-14ca9f161985,47a3ed5c-d5fd-477b-9789-996228707315,b6e7ddb0-db85-4950-985a-ae55cb9f2608,45,1,1,1,00:01:23.444000,"2026-08-10 15:24:13.608625","2026-08-10 15:25:37.103379"
283,d52a8b43-3bef-44ca-9f39-7a0c3da29979,47a3ed5c-d5fd-477b-9789-996228707315,97d41043-1cb9-4316-b713-24b4053d0b82,20,1,1,1,00:01:28.948000,"2026-08-10 15:24:15.860834","2026-08-10 15:25:44.851764"
284,be2ae2c7-c950-475b-ae3e-9f25834fceae,47a3ed5c-d5fd-477b-9789-996228707315,6dcbd377-012e-4898-87e3-d2940955bce7,69,1,1,1,00:01:28.408000,"2026-08-10 15:24:20.410303","2026-08-10 15:25:48.887743"
285,0807f290-61e6-4e80-934c-014880a1de80,47a3ed5c-d5fd-477b-9789-996228707315,82d5847c-4b14-48c2-8153-bc3de1410766,82,1,1,1,00:01:04.110000,"2026-08-10 15:24:34.127482","2026-08-10 15:25:38.197614"
286,146a560d-540e-4a2e-9b78-3958268b01bb,47a3ed5c-d5fd-477b-9789-996228707315,e7df5983-9afe-45fb-9eb2-e5ad8542e7e5,81,1,1,1,00:01:39.817000,"2026-08-10 15:25:01.775504","2026-08-10 15:26:41.638278"
287,491c554a-433b-48e6-9048-8c0651f79cec,47a3ed5c-d5fd-477b-9789-996228707315,6f8372e7-359c-4781-a74b-a9fddc33f904,64,1,1,1,00:01:06.979000,"2026-08-10 15:25:02.469656","2026-08-10 15:26:09.473673"
288,b4d00fa4-1989-4bc3-bd6d-a8fafdde63d0,47a3ed5c-d5fd-477b-9789-996228707315,6ed5da1a-d4ae-453b-8fa3-f46c824e6c8d,54,1,1,1,00:01:07.516000,"2026-08-10 15:25:02.929750","2026-08-10 15:26:10.423881"
289,d13f7c59-51ec-4e05-8d3d-6970170936a4,47a3ed5c-d5fd-477b-9789-996228707315,de1cdae2-66dc-40b5-a700-e705573fd3f0,71,1,1,1,00:01:09.153000,"2026-08-10 15:25:25.994358","2026-08-10 15:26:35.169211"
290,eb7f8be9-40fe-4d3b-97dd-ae7d4674f219,47a3ed5c-d5fd-477b-9789-996228707315,97d16ca7-85ba-4e69-a9da-7ec7770dee7c,63,1,1,1,00:01:15.875000,"2026-08-10 15:25:26.384676","2026-08-10 15:26:42.301174"
291,bd614f7c-50e7-46a8-8221-47f46284aa5c,47a3ed5c-d5fd-477b-9789-996228707315,ab1028de-1565-47ff-b0da-c6adf07bc28f,14,1,1,1,00:01:20.123000,"2026-08-10 15:25:46.192516","2026-08-10 15:27:06.485911"
292,490ec39e-219e-42d9-adba-14ca9f161985,47a3ed5c-d5fd-477b-9789-996228707315,185eda4b-268f-4f68-9069-4605ac5c1ef1,15,1,1,1,00:01:38.633000,"2026-08-10 15:25:54.717397","2026-08-10 15:27:33.388865"
293,0807f290-61e6-4e80-934c-014880a1de80,47a3ed5c-d5fd-477b-9789-996228707315,2d42bf7b-8c13-482c-8150-7fe6560c4211,57,1,1,1,00:01:04.045000,"2026-08-10 15:25:56.862543","2026-08-10 15:27:00.829844"
294,be2ae2c7-c950-475b-ae3e-9f25834fceae,47a3ed5c-d5fd-477b-9789-996228707315,c517f9f3-9a38-4c67-ac16-a66c3e5a4b40,48,1,1,1,00:01:15.670000,"2026-08-10 15:26:17.781287","2026-08-10 15:27:33.502612"
295,491c554a-433b-48e6-9048-8c0651f79cec,47a3ed5c-d5fd-477b-9789-996228707315,46d6e763-a01e-4b55-b598-d037a0e58b58,51,1,1,1,00:01:06.888000,"2026-08-10 15:26:29.224798","2026-08-10 15:27:36.090624"
296,eb7f8be9-40fe-4d3b-97dd-ae7d4674f219,47a3ed5c-d5fd-477b-9789-996228707315,ad8e36b5-5706-45ba-93bf-13401ebebf95,11,1,1,1,00:01:10.069000,"2026-08-10 15:27:09.342946","2026-08-10 15:28:19.468003"
297,146a560d-540e-4a2e-9b78-3958268b01bb,47a3ed5c-d5fd-477b-9789-996228707315,866fbd42-b175-4383-9d63-2ce9f877b970,72,1,1,1,00:01:55.660000,"2026-08-10 15:27:21.426907","2026-08-10 15:29:17.135883"
298,bd614f7c-50e7-46a8-8221-47f46284aa5c,47a3ed5c-d5fd-477b-9789-996228707315,b9028897-80f4-4cb2-806e-4bc36b0b7b40,76,1,1,1,00:01:28.465000,"2026-08-10 15:27:23.482975","2026-08-10 15:28:52.002531"
299,7fbd153d-5330-4300-8bd3-a6d161721845,47a3ed5c-d5fd-477b-9789-996228707315,7087b5c3-4b22-4588-aabd-0217c0f08e3d,53,1,1,1,00:01:26.426000,"2026-08-10 15:27:57.171215","2026-08-10 15:29:23.640307"
300,490ec39e-219e-42d9-adba-14ca9f161985,47a3ed5c-d5fd-477b-9789-996228707315,6b99b1bc-0325-4680-b2d2-391e3cfa4337,47,1,1,1,00:01:34.603000,"2026-08-10 15:28:06.971903","2026-08-10 15:29:41.615823"
301,be2ae2c7-c950-475b-ae3e-9f25834fceae,47a3ed5c-d5fd-477b-9789-996228707315,2ca323ef-7abe-47d0-a43a-6320292f6e2f,62,1,1,1,00:01:16.931000,"2026-08-10 15:28:20.370691","2026-08-10 15:29:37.358521"
302,491c554a-433b-48e6-9048-8c0651f79cec,47a3ed5c-d5fd-477b-9789-996228707315,07c4ca5c-964e-48f0-816f-812921cdb518,41,1,1,1,00:01:07.524000,"2026-08-10 15:29:06.763496","2026-08-10 15:30:14.338023"
303,bd614f7c-50e7-46a8-8221-47f46284aa5c,47a3ed5c-d5fd-477b-9789-996228707315,d2e1b9f0-9aee-4d2b-8e10-b11721fe99d9,39,1,1,1,00:01:17.368000,"2026-08-10 15:29:10.745151","2026-08-10 15:30:28.155561"
304,aacfbf83-60ec-4817-aecd-b731847992e7,47a3ed5c-d5fd-477b-9789-996228707315,5a5e04a0-f438-4f2a-b1fb-7c3e4a87ed81,18,1,1,1,00:04:05.744000,"2026-08-10 15:29:11.386242","2026-08-10 15:33:17.529019"
305,490ec39e-219e-42d9-adba-14ca9f161985,47a3ed5c-d5fd-477b-9789-996228707315,e8e19fe6-0953-42ed-8f39-f63131c8eb66,60,1,1,1,00:01:21.554000,"2026-08-10 15:29:57.899569","2026-08-10 15:31:19.457355"
306,7fbd153d-5330-4300-8bd3-a6d161721845,47a3ed5c-d5fd-477b-9789-996228707315,980e47d2-7fe3-46e7-a168-55f11ac74ff6,15,1,1,1,00:01:24.347000,"2026-08-10 15:30:08.039180","2026-08-10 15:31:32.426585"
307,146a560d-540e-4a2e-9b78-3958268b01bb,47a3ed5c-d5fd-477b-9789-996228707315,b0ecb456-80d7-4f62-8831-ec88440b1b50,32,1,1,1,00:01:46.342000,"2026-08-10 15:30:09.595373","2026-08-10 15:31:55.998213"
308,931e5001-9192-4927-a873-c62b762583cb,47a3ed5c-d5fd-477b-9789-996228707315,9fe831d0-503b-43ac-8c4c-9c2fe6048f58,58,1,1,1,00:01:26.665000,"2026-08-10 15:30:27.461966","2026-08-10 15:31:54.195545"
309,bcf46f23-2c12-420f-b314-2d538485a7db,47a3ed5c-d5fd-477b-9789-996228707315,2e52dd04-a9f1-4da3-a0cf-0c5cf844438b,20,1,1,1,00:01:20.490000,"2026-08-10 15:30:42.060953","2026-08-10 15:32:02.585951"
310,7fbd153d-5330-4300-8bd3-a6d161721845,47a3ed5c-d5fd-477b-9789-996228707315,7e2c0df3-9d7a-4afc-8763-dd1900b6a14d,31,1,1,1,00:01:19.515000,"2026-08-10 15:31:53.210900","2026-08-10 15:33:12.773489"
311,146a560d-540e-4a2e-9b78-3958268b01bb,47a3ed5c-d5fd-477b-9789-996228707315,224866c7-ce61-497c-8c35-0ad65108e2a0,24,1,1,1,00:01:36.028000,"2026-08-10 15:32:27.957651","2026-08-10 15:34:04.277331"
312,aacfbf83-60ec-4817-aecd-b731847992e7,47a3ed5c-d5fd-477b-9789-996228707315,cc6f4df1-bed2-4f08-a41f-e0ebf0695829,33,1,1,1,00:01:12.217000,"2026-08-10 15:34:11.708425","2026-08-10 15:35:24.025346"
313,487c420b-5403-49d8-aae0-c52ddd6e3cce,47a3ed5c-d5fd-477b-9789-996228707315,858335da-359a-48bf-b366-388781280ade,35,1,1,1,00:02:15.065000,"2026-08-10 15:34:20.110053","2026-08-10 15:36:35.153917"
314,7fbd153d-5330-4300-8bd3-a6d161721845,47a3ed5c-d5fd-477b-9789-996228707315,f2d8c0ba-e2f3-4c05-bb8f-5a8fef8165f0,37,1,1,1,00:01:18.593000,"2026-08-10 15:34:21.632439","2026-08-10 15:35:40.275689"
315,bcf46f23-2c12-420f-b314-2d538485a7db,47a3ed5c-d5fd-477b-9789-996228707315,ccf21756-c05d-48ef-b79f-8f3c6ce582a7,38,1,1,1,00:01:20.090000,"2026-08-10 15:35:22.317668","2026-08-10 15:36:42.563430"
316,146a560d-540e-4a2e-9b78-3958268b01bb,47a3ed5c-d5fd-477b-9789-996228707315,6b66ca08-ea96-48d8-9d32-fb08b0e91a43,54,1,1,1,00:01:38.074000,"2026-08-10 15:35:46.056399","2026-08-10 15:37:24.518560"
317,7fbd153d-5330-4300-8bd3-a6d161721845,47a3ed5c-d5fd-477b-9789-996228707315,45047b2c-dd83-4775-8162-8b5d9170f981,68,1,1,1,00:01:39.903000,"2026-08-10 15:36:28.521553","2026-08-10 15:38:08.461706"
318,bcf46f23-2c12-420f-b314-2d538485a7db,47a3ed5c-d5fd-477b-9789-996228707315,c6b96c4a-0931-465f-bf6c-00314a222324,32,1,1,1,00:01:09.059000,"2026-08-10 15:36:56.947114","2026-08-10 15:38:06.056297"
319,487c420b-5403-49d8-aae0-c52ddd6e3cce,47a3ed5c-d5fd-477b-9789-996228707315,35da41dc-a4bd-4871-899c-7941ebbc24fb,60,1,1,1,00:01:26.306000,"2026-08-10 15:37:12.166837","2026-08-10 15:38:38.547584"
320,146a560d-540e-4a2e-9b78-3958268b01bb,47a3ed5c-d5fd-477b-9789-996228707315,4b8cc929-9a11-43a8-82d4-f55f42d49b0d,40,1,1,1,00:01:59.416000,"2026-08-10 15:38:12.548540","2026-08-10 15:40:12.160588"
321,d52a8b43-3bef-44ca-9f39-7a0c3da29979,47a3ed5c-d5fd-477b-9789-996228707315,7767839a-12d9-4db0-846b-5c9be10ef250,69,1,1,1,00:01:41.809000,"2026-08-10 15:38:16.609477","2026-08-10 15:39:58.472547"
322,bcf46f23-2c12-420f-b314-2d538485a7db,47a3ed5c-d5fd-477b-9789-996228707315,dc36d026-57ea-49b5-91e7-0245ea39bfaa,45,1,1,1,00:01:12.897000,"2026-08-10 15:38:34.957142","2026-08-10 15:39:47.906290"
323,d8c22be3-47c9-4623-92fd-23d90d12e5c9,47a3ed5c-d5fd-477b-9789-996228707315,b49f0427-9852-468d-a83e-d4232c24b259,27,1,1,1,00:01:45.417000,"2026-08-10 15:38:40.239248","2026-08-10 15:40:25.738379"
324,7fbd153d-5330-4300-8bd3-a6d161721845,47a3ed5c-d5fd-477b-9789-996228707315,3ee3486d-a091-4ff0-bd05-6e4b0a04a187,76,1,1,1,00:01:34.477000,"2026-08-10 15:38:50.753291","2026-08-10 15:40:25.259409"
325,487c420b-5403-49d8-aae0-c52ddd6e3cce,47a3ed5c-d5fd-477b-9789-996228707315,357fdd8f-47cb-4062-8308-13dbc4bad4a8,73,1,1,1,00:01:43.539000,"2026-08-10 15:39:30.591963","2026-08-10 15:41:14.041304"
326,d8c22be3-47c9-4623-92fd-23d90d12e5c9,47a3ed5c-d5fd-477b-9789-996228707315,f7f3c4ba-4842-4b37-99f4-54e72317edd8,81,1,1,1,00:01:15.042000,"2026-08-10 15:40:41.007386","2026-08-10 15:41:56.152372"
327,d8c22be3-47c9-4623-92fd-23d90d12e5c9,47a3ed5c-d5fd-477b-9789-996228707315,b582a2f0-b88c-44d8-88f5-417df8b388d4,21,1,1,1,00:01:31.280000,"2026-08-10 15:42:13.162529","2026-08-10 15:43:44.498031"
328,2dfedf97-1322-499d-a00e-ef93639fa938,47a3ed5c-d5fd-477b-9789-996228707315,82902ae5-21cd-44c7-918e-2c972aa6b258,38,1,1,1,00:01:29.445000,"2026-08-10 15:42:31.303753","2026-08-10 15:44:00.926752"
329,0d318d00-95e0-414d-9083-74e16aba69ab,47a3ed5c-d5fd-477b-9789-996228707315,0ff090ed-b000-42bc-b34e-685b18c613b7,79,1,1,1,00:03:21.330000,"2026-08-10 15:42:48.960503","2026-08-10 15:46:10.570387"
330,487c420b-5403-49d8-aae0-c52ddd6e3cce,47a3ed5c-d5fd-477b-9789-996228707315,22d8c84f-57ca-47f9-b759-c8068e20f7ef,44,1,1,1,00:03:35.886000,"2026-08-10 15:43:25.373840","2026-08-10 15:50:51.658842"
331,2dfedf97-1322-499d-a00e-ef93639fa938,47a3ed5c-d5fd-477b-9789-996228707315,ef89eae1-ce8c-42b1-8ded-774099a35b35,44,1,1,1,00:01:16.122000,"2026-08-10 15:44:26.870546","2026-08-10 15:45:43.093355"
332,20463f1d-1778-4e17-b499-e9838e1e1328,47a3ed5c-d5fd-477b-9789-996228707315,a4afac44-b4d5-4ffe-beb1-35e847cbdd48,43,1,1,1,00:02:14.795000,"2026-08-10 15:47:00.266507","2026-08-10 15:49:15.118064"
333,bcf46f23-2c12-420f-b314-2d538485a7db,47a3ed5c-d5fd-477b-9789-996228707315,65a13cca-ffa0-4de2-a595-48c2ca16ca7f,49,1,1,1,00:01:15.765000,"2026-08-10 15:48:48.301687","2026-08-10 15:50:04.104880"
334,20463f1d-1778-4e17-b499-e9838e1e1328,47a3ed5c-d5fd-477b-9789-996228707315,e2d3cf74-08de-4323-ab8d-1d47101efaa2,63,1,1,1,00:01:53.834000,"2026-08-10 15:50:23.632466","2026-08-10 15:52:17.535033"
335,487c420b-5403-49d8-aae0-c52ddd6e3cce,47a3ed5c-d5fd-477b-9789-996228707315,faa5e65e-17a8-4c01-8719-0ceebdc86899,61,1,1,1,00:01:11.740000,"2026-08-10 15:51:29.518477","2026-08-10 15:52:41.359675"
336,20463f1d-1778-4e17-b499-e9838e1e1328,47a3ed5c-d5fd-477b-9789-996228707315,fcf2b84f-5b62-4060-b6bf-b37bb209aaa4,19,1,1,1,00:01:53.101000,"2026-08-10 15:53:05.596278","2026-08-10 15:54:58.734495"
337,487c420b-5403-49d8-aae0-c52ddd6e3cce,47a3ed5c-d5fd-477b-9789-996228707315,c6168d75-a429-4493-a97f-48cc3f73cb1c,10,1,1,1,00:01:16.006000,"2026-08-10 15:53:10.200102","2026-08-10 15:54:26.332420"
338,487c420b-5403-49d8-aae0-c52ddd6e3cce,47a3ed5c-d5fd-477b-9789-996228707315,7b9728dc-a410-4fbd-88de-3edefae0ffc4,32,1,1,1,00:01:24.435000,"2026-08-10 15:55:15.847439","2026-08-10 15:56:40.326184"
339,20463f1d-1778-4e17-b499-e9838e1e1328,47a3ed5c-d5fd-477b-9789-996228707315,db80dadb-259b-463d-b675-ed6c5b5b2ce3,12,1,1,1,00:01:44.264000,"2026-08-10 15:55:45.334649","2026-08-10 15:57:29.655879"
340,d8250051-228a-4409-a726-3621fd666683,47a3ed5c-d5fd-477b-9789-996228707315,7294cc6e-e0a2-4a68-b125-583ce3408876,62,1,1,1,00:01:43.721000,"2026-08-10 15:56:03.594370","2026-08-10 15:57:47.379896"
341,487c420b-5403-49d8-aae0-c52ddd6e3cce,47a3ed5c-d5fd-477b-9789-996228707315,9855f8ef-bdb7-42ee-b60e-2b0a86963464,28,1,1,1,00:01:11.844000,"2026-08-10 15:57:14.195332","2026-08-10 15:58:26.091801"
342,20463f1d-1778-4e17-b499-e9838e1e1328,47a3ed5c-d5fd-477b-9789-996228707315,bc1acdc6-85d4-425d-a1bd-5e157ebb70af,23,1,1,0,00:01:58.822000,"2026-08-10 15:58:12.525675","2026-08-10 16:00:11.398031"
343,d6efd731-814a-465d-8248-2cdc76ade273,47a3ed5c-d5fd-477b-9789-996228707315,591a4300-fd3b-4b10-9e03-ec74bdc2ab90,81,1,1,1,00:01:38.924000,"2026-08-10 15:58:19.825117","2026-08-10 15:59:58.794971"
344,d8250051-228a-4409-a726-3621fd666683,47a3ed5c-d5fd-477b-9789-996228707315,b85247c7-f52e-4779-bcae-133b68ce5c85,45,1,1,1,00:01:36.360000,"2026-08-10 15:58:34.226065","2026-08-10 16:00:10.647501"
345,d8250051-228a-4409-a726-3621fd666683,47a3ed5c-d5fd-477b-9789-996228707315,e32fc710-fc91-45dc-944d-c427c1efea15,84,1,1,1,00:00:56.702000,"2026-08-10 16:00:49.921885","2026-08-10 16:01:46.686420"
346,9e6c437a-3569-42e0-981d-985899738f79,47a3ed5c-d5fd-477b-9789-996228707315,db5779bd-0543-4d66-aade-bb4a97f65603,17,1,1,1,00:01:35.879000,"2026-08-10 16:14:21.976576","2026-08-10 16:15:57.920010"
347,d52a8b43-3bef-44ca-9f39-7a0c3da29979,47a3ed5c-d5fd-477b-9789-996228707315,3e57eb1a-10ac-4ebc-8744-0bcbefc47907,62,1,1,1,00:02:00.338000,"2026-08-10 16:14:29.763041","2026-08-10 16:16:30.225301"
348,9e6c437a-3569-42e0-981d-985899738f79,47a3ed5c-d5fd-477b-9789-996228707315,c59a8e6e-dd57-4b5d-805a-342860bb0d9e,34,1,1,1,00:01:17.932000,"2026-08-10 16:16:20.335711","2026-08-10 16:17:38.321024"
349,d52a8b43-3bef-44ca-9f39-7a0c3da29979,47a3ed5c-d5fd-477b-9789-996228707315,f93ef8b7-e7bf-4085-b23a-dd556f00311c,76,1,1,1,00:01:35.411000,"2026-08-10 16:16:57.922387","2026-08-10 16:18:33.384808"
350,9d4f8692-973a-4513-bb80-3b97dc375a98,47a3ed5c-d5fd-477b-9789-996228707315,bb76bc81-9771-4015-9bce-185e52f4fa04,63,1,1,1,00:01:32.304000,"2026-08-10 16:17:57.917574","2026-08-10 16:19:30.271405"
351,9e6c437a-3569-42e0-981d-985899738f79,47a3ed5c-d5fd-477b-9789-996228707315,5e31d25a-de10-46be-911a-4c06986c6f2e,46,1,1,1,00:01:23.254000,"2026-08-10 16:18:08.528363","2026-08-10 16:19:31.831014"
352,d6efd731-814a-465d-8248-2cdc76ade273,47a3ed5c-d5fd-477b-9789-996228707315,30c67868-fbfd-43d3-912b-5cfb97a6bd0b,10,1,1,1,00:01:43.304000,"2026-08-10 16:18:21.611313","2026-08-10 16:20:04.967716"
353,9e6c437a-3569-42e0-981d-985899738f79,47a3ed5c-d5fd-477b-9789-996228707315,5647d451-cf49-4d34-a895-28a415fcd55d,56,1,1,1,00:01:25.504000,"2026-08-10 16:19:52.064972","2026-08-10 16:21:17.627282"
354,d52a8b43-3bef-44ca-9f39-7a0c3da29979,47a3ed5c-d5fd-477b-9789-996228707315,5f684137-f384-4bc7-a369-221645f49ba4,32,1,1,1,00:01:23.968000,"2026-08-10 16:20:36.721976","2026-08-10 16:22:00.768149"
355,9e6c437a-3569-42e0-981d-985899738f79,47a3ed5c-d5fd-477b-9789-996228707315,84a949a9-e34d-4ae0-bedf-fade8ada92a8,19,1,1,1,00:01:12.035000,"2026-08-10 16:21:40.285770","2026-08-10 16:22:52.372350"
356,9e6c437a-3569-42e0-981d-985899738f79,47a3ed5c-d5fd-477b-9789-996228707315,afd7c4f8-ca43-411e-a506-2decb99726c6,29,1,1,1,00:01:17.066000,"2026-08-10 16:23:12.674323","2026-08-10 16:24:29.793587"
357,9e6c437a-3569-42e0-981d-985899738f79,47a3ed5c-d5fd-477b-9789-996228707315,1ae0ed84-2f1b-4b4d-817c-272d3a19e78b,48,1,1,1,00:01:23.191000,"2026-08-10 16:24:49.565579","2026-08-10 16:26:12.806348"
358,6b4daa0c-cd4a-4eef-8e08-40957371febb,47a3ed5c-d5fd-477b-9789-996228707315,29d52eae-9622-431c-aca1-0d70656d2f50,18,1,1,1,00:01:13.025000,"2026-08-10 16:25:41.801841","2026-08-10 16:26:54.875829"
359,9e6c437a-3569-42e0-981d-985899738f79,47a3ed5c-d5fd-477b-9789-996228707315,b6dac294-5109-45f3-bf1a-5ebbb7e2fc5f,52,1,1,1,00:01:20.605000,"2026-08-10 16:26:46.918689","2026-08-10 16:28:07.583331"
360,6b4daa0c-cd4a-4eef-8e08-40957371febb,47a3ed5c-d5fd-477b-9789-996228707315,853387b9-6a46-4514-88d5-6dc622200a56,23,1,1,1,00:01:12.437000,"2026-08-10 16:27:23.084229","2026-08-10 16:28:35.567917"
361,5707c2e1-98a8-49fd-9af0-39e1a8e4f086,47a3ed5c-d5fd-477b-9789-996228707315,2c860e9d-f549-4cdc-b765-38787c67ecc6,14,1,1,1,00:03:32.574000,"2026-08-10 16:28:56.366065","2026-08-10 16:32:29.109597"
362,9d4f8692-973a-4513-bb80-3b97dc375a98,47a3ed5c-d5fd-477b-9789-996228707315,8ad004a2-174a-4383-81dd-a8770f4c9a39,81,1,1,1,00:01:19.981000,"2026-08-10 16:54:28.592048","2026-08-10 16:55:48.651757"
363,0d318d00-95e0-414d-9083-74e16aba69ab,47a3ed5c-d5fd-477b-9789-996228707315,7054710c-7c49-477b-bc09-3cfc396ab3c3,40,1,1,1,00:02:21.399000,"2026-08-10 17:11:34.391724","2026-08-10 17:13:55.839154"
364,0d318d00-95e0-414d-9083-74e16aba69ab,47a3ed5c-d5fd-477b-9789-996228707315,47f59bbe-f476-489a-b385-88e2b55e868f,66,1,1,1,00:01:50.110000,"2026-08-10 17:14:18.487312","2026-08-10 17:16:08.655335"
365,0d318d00-95e0-414d-9083-74e16aba69ab,47a3ed5c-d5fd-477b-9789-996228707315,2f747361-57c1-4b96-9bf5-684877c13edc,15,1,1,1,00:02:01.685000,"2026-08-10 17:16:29.290705","2026-08-10 17:18:31.015923"
366,0d318d00-95e0-414d-9083-74e16aba69ab,47a3ed5c-d5fd-477b-9789-996228707315,c47f52a0-6b96-46a3-877a-5c6ea1af8246,19,1,1,1,00:01:33.805000,"2026-08-10 17:18:50.529361","2026-08-10 17:20:24.386466"
367,1551fc02-61a9-4632-9967-1ca2647b4ccc,47a3ed5c-d5fd-477b-9789-996228707315,8068f38f-2da4-47be-8861-0da1db8e7c3b,55,1,1,1,00:01:15.441000,"2026-08-10 17:25:33.700680","2026-08-10 17:26:49.290228"
368,0d318d00-95e0-414d-9083-74e16aba69ab,47a3ed5c-d5fd-477b-9789-996228707315,663ab18d-2e2d-4486-b750-9eceab3c2314,33,1,1,0,00:02:58.189000,"2026-08-10 17:25:51.194179","2026-08-10 17:28:49.402931"
369,1551fc02-61a9-4632-9967-1ca2647b4ccc,47a3ed5c-d5fd-477b-9789-996228707315,b0da37bd-aff1-4f01-99c3-2f5e78676b82,76,1,1,1,00:01:05.047000,"2026-08-10 17:27:01.492743","2026-08-10 17:28:06.590797"
370,5a3f1ab5-6c86-416c-92c9-8d4b74a1af08,47a3ed5c-d5fd-477b-9789-996228707315,548647ff-5e04-4fd3-a15f-142439081ffb,25,1,1,1,00:01:33.795000,"2026-08-10 18:00:18.720144","2026-08-10 18:01:52.590312"
371,5a3f1ab5-6c86-416c-92c9-8d4b74a1af08,47a3ed5c-d5fd-477b-9789-996228707315,55037d12-c4d2-438f-9fc4-abf185e1e808,67,1,1,1,00:01:19.105000,"2026-08-10 18:16:07.932225","2026-08-10 18:17:27.044534"
372,5a3f1ab5-6c86-416c-92c9-8d4b74a1af08,47a3ed5c-d5fd-477b-9789-996228707315,c97080df-d1b3-4e0f-9a77-4def5f9327d9,24,1,1,1,00:01:35.981000,"2026-08-10 18:17:59.521609","2026-08-10 18:19:35.555238"
373,d447ed63-91a9-4410-88ce-a0e8e6a85301,47a3ed5c-d5fd-477b-9789-996228707315,e05bf4a9-1d2e-4b1d-bbeb-c1a13aaf438a,14,1,1,1,00:02:14.033000,"2026-08-10 18:22:38.464840","2026-08-10 18:24:52.618601"
374,d447ed63-91a9-4410-88ce-a0e8e6a85301,47a3ed5c-d5fd-477b-9789-996228707315,7e308b4c-1872-4724-95f5-90448afd356b,32,1,1,1,00:01:34.217000,"2026-08-10 18:25:39.789014","2026-08-10 18:27:14.082781"
375,d447ed63-91a9-4410-88ce-a0e8e6a85301,47a3ed5c-d5fd-477b-9789-996228707315,1136ff17-0fac-42e2-884e-1c2e397e6601,75,1,1,1,00:01:56.463000,"2026-08-10 18:28:18.923669","2026-08-10 18:30:15.437109"
376,5707c2e1-98a8-49fd-9af0-39e1a8e4f086,47a3ed5c-d5fd-477b-9789-996228707315,c8ed7da9-6c57-487f-b139-c9d364f620cd,49,1,1,1,00:03:12.081000,"2026-08-10 18:31:52.254665","2026-08-10 18:35:04.528013"
377,d447ed63-91a9-4410-88ce-a0e8e6a85301,47a3ed5c-d5fd-477b-9789-996228707315,e9ee8801-ba2a-440f-b159-897cf8158fac,36,1,1,1,00:04:18.957000,"2026-08-10 18:32:53.322353","2026-08-10 18:37:12.322843"
378,5707c2e1-98a8-49fd-9af0-39e1a8e4f086,47a3ed5c-d5fd-477b-9789-996228707315,6c09b958-71d9-47dc-ae9d-08d5cf1adbb6,36,1,1,1,00:02:35.377000,"2026-08-10 18:35:38.475486","2026-08-10 18:38:13.879551"
379,5a3f1ab5-6c86-416c-92c9-8d4b74a1af08,47a3ed5c-d5fd-477b-9789-996228707315,18b52ca2-a6cb-4fc6-a13b-a466f6ab0cb0,50,1,1,1,00:01:21.002000,"2026-08-10 18:36:49.029870","2026-08-10 18:38:10.052287"
380,5707c2e1-98a8-49fd-9af0-39e1a8e4f086,47a3ed5c-d5fd-477b-9789-996228707315,85e5939f-8550-4c41-95cc-9cf339e25be1,19,1,1,1,00:02:52.565000,"2026-08-10 18:38:38.594236","2026-08-10 18:41:31.178729"
381,5a3f1ab5-6c86-416c-92c9-8d4b74a1af08,47a3ed5c-d5fd-477b-9789-996228707315,f46276b5-ce47-469b-a337-ecd4af935091,83,1,1,1,00:01:20.374000,"2026-08-10 18:44:11.377304","2026-08-10 18:45:31.806867"
382,5a3f1ab5-6c86-416c-92c9-8d4b74a1af08,47a3ed5c-d5fd-477b-9789-996228707315,623a6e64-89d6-4abc-b61a-cd5428013337,51,1,1,1,00:01:17.835000,"2026-08-10 18:46:00.499523","2026-08-10 18:47:18.405817"
383,5a3f1ab5-6c86-416c-92c9-8d4b74a1af08,47a3ed5c-d5fd-477b-9789-996228707315,f050198f-f6ca-4020-8146-9a18b112facc,65,1,1,1,00:01:20.008000,"2026-08-10 18:47:48.809487","2026-08-10 18:49:08.879212"
384,5a3f1ab5-6c86-416c-92c9-8d4b74a1af08,47a3ed5c-d5fd-477b-9789-996228707315,fc2dc5f8-6b8c-4351-9f31-6267d7b3a757,27,1,1,1,00:01:16.032000,"2026-08-10 18:49:37.567818","2026-08-10 18:50:54.273031"
385,84fdde06-f2d0-4243-9a03-284751288d68,47a3ed5c-d5fd-477b-9789-996228707315,3ce2c125-c6cd-4e9a-bd29-861efcc3cdc1,76,1,1,1,00:01:58.539000,"2026-08-10 19:06:04.301344","2026-08-10 19:08:02.880196"
386,17f166c7-ad5d-4189-939d-1c4f2891373c,47a3ed5c-d5fd-477b-9789-996228707315,89bab77e-39dd-439e-a29e-90b44aa7ab9d,59,1,1,1,00:01:19.574000,"2026-08-10 19:06:16.289923","2026-08-10 19:07:36.196728"
387,8eb8d38d-6b42-4827-bcb9-927d7c67fdaf,47a3ed5c-d5fd-477b-9789-996228707315,a364bdc7-c831-4a4e-8e1f-7f1db058737b,77,1,1,1,00:01:30.319000,"2026-08-10 19:06:16.602709","2026-08-10 19:07:46.981856"
388,7e0152af-9db8-49b3-b3e5-fac41998ffec,47a3ed5c-d5fd-477b-9789-996228707315,98ad9ced-bfd8-4dfe-b21b-9cad654924a9,49,1,1,1,00:01:38.381000,"2026-08-10 19:06:24.231031","2026-08-10 19:08:02.669500"
389,2b9e3eb3-8c0c-42b3-ba05-3686196eb212,47a3ed5c-d5fd-477b-9789-996228707315,1269dbcb-7686-4839-b333-e1cf0c496dcb,42,1,1,1,00:01:49.372000,"2026-08-10 19:06:28.798582","2026-08-10 19:08:18.214485"
390,612b143f-f729-47a1-ad73-3181b04a34b5,47a3ed5c-d5fd-477b-9789-996228707315,bfcccc51-717d-4059-a969-fe111daa0f15,24,1,1,1,00:03:01.939000,"2026-08-10 19:06:52.921786","2026-08-10 19:09:55.173332"
391,d787a4fc-434c-43b5-853f-f03a8a10d1f4,47a3ed5c-d5fd-477b-9789-996228707315,a0ccb109-8791-4dd5-9c46-964eda7d04c0,9,1,1,1,00:01:58.890000,"2026-08-10 19:07:04.272890","2026-08-10 19:09:03.456973"
392,98d570c8-9010-489f-a406-95d75acc8e42,47a3ed5c-d5fd-477b-9789-996228707315,35046075-c04c-4893-bdbf-f569e0525a7b,77,1,1,1,00:01:55.505000,"2026-08-10 19:07:14.667565","2026-08-10 19:09:10.212599"
393,d447ed63-91a9-4410-88ce-a0e8e6a85301,47a3ed5c-d5fd-477b-9789-996228707315,924ad4eb-8c04-449d-81c0-b7e883994fa5,74,1,1,1,00:01:38.424000,"2026-08-10 19:07:17.079484","2026-08-10 19:08:55.761691"
394,d43ed3ec-b54e-48e1-adf8-f872e1e63368,47a3ed5c-d5fd-477b-9789-996228707315,37caea9d-47aa-4911-9e0a-a20ed95bc784,77,1,1,1,00:01:45.666000,"2026-08-10 19:07:30.416965","2026-08-10 19:09:16.075972"
395,9b73fc2f-ad4c-4028-b2f7-32342451cbb2,47a3ed5c-d5fd-477b-9789-996228707315,f9a8b62b-4c08-4897-b952-00fd2d20b446,50,1,1,1,00:02:19.193000,"2026-08-10 19:07:30.786585","2026-08-10 19:09:50.033818"
396,17f166c7-ad5d-4189-939d-1c4f2891373c,47a3ed5c-d5fd-477b-9789-996228707315,08b572cb-964f-493c-a31d-1378aae1bfab,40,1,1,1,00:01:11.871000,"2026-08-10 19:07:59.732920","2026-08-10 19:09:11.651205"
397,9cdc9245-aec1-48af-82f3-52c820b8e0cf,47a3ed5c-d5fd-477b-9789-996228707315,6613cee4-6e3c-45d8-bef9-0712327a6a28,44,1,1,1,00:01:15.263000,"2026-08-10 19:08:04.787919","2026-08-10 19:09:20.095342"
398,8eb8d38d-6b42-4827-bcb9-927d7c67fdaf,47a3ed5c-d5fd-477b-9789-996228707315,4c4b8e37-fbaa-4303-a276-c327e81e3517,78,1,1,1,00:01:21.490000,"2026-08-10 19:08:19.056874","2026-08-10 19:09:40.613124"
399,7e0152af-9db8-49b3-b3e5-fac41998ffec,47a3ed5c-d5fd-477b-9789-996228707315,3a4142fb-37b2-432a-867a-8da06f0e80fd,59,1,1,1,00:01:23.939000,"2026-08-10 19:08:24.819659","2026-08-10 19:09:48.801698"
400,84fdde06-f2d0-4243-9a03-284751288d68,47a3ed5c-d5fd-477b-9789-996228707315,70b52a3e-30b4-4b37-a201-1d9c3918c5d8,29,1,1,1,00:01:30.879000,"2026-08-10 19:08:27.171464","2026-08-10 19:09:58.092776"
401,11197d2a-f840-4645-9876-ca7c670c6ffb,47a3ed5c-d5fd-477b-9789-996228707315,546ace17-e44c-47da-97c5-5c72c584cfa6,13,1,1,1,00:01:17.967000,"2026-08-10 19:08:39.012467","2026-08-10 19:09:57.009205"
402,3b3e37be-8f8a-4668-af55-10228e6c36ed,47a3ed5c-d5fd-477b-9789-996228707315,2997ff30-8ecf-4bbf-87d7-12b0e4a3bed7,70,1,1,1,00:02:27.005000,"2026-08-10 19:08:44.826005","2026-08-10 19:11:11.968210"
403,affa52c5-f595-41b4-afc3-00b3f9c0eab5,47a3ed5c-d5fd-477b-9789-996228707315,5b952afc-7244-4a60-ae81-26bb475eba9a,14,1,1,1,00:01:39.031000,"2026-08-10 19:08:46.622697","2026-08-10 19:10:25.686414"
404,3f1d69cf-72cc-4baa-b5c2-86b683b5b111,47a3ed5c-d5fd-477b-9789-996228707315,43249ad0-bd04-4449-9193-cf1d7747ab6d,19,1,1,1,00:01:23.781000,"2026-08-10 19:08:49.709831","2026-08-10 19:10:13.513751"
405,c425c4c4-8d26-4b36-bba0-ff3ce0139641,47a3ed5c-d5fd-477b-9789-996228707315,2f42651c-f21d-4e4c-b929-7385aa909942,22,1,1,1,00:02:16.742000,"2026-08-10 19:08:50.117765","2026-08-10 19:11:07.004861"
406,2b9e3eb3-8c0c-42b3-ba05-3686196eb212,47a3ed5c-d5fd-477b-9789-996228707315,cd98e079-f4fe-491d-a779-e4655da713da,60,1,1,1,00:01:13.089000,"2026-08-10 19:08:52.487564","2026-08-10 19:10:05.630603"
407,98d570c8-9010-489f-a406-95d75acc8e42,47a3ed5c-d5fd-477b-9789-996228707315,7a613330-461d-4a88-ae8a-5061ffd737d4,67,1,1,1,00:01:34.139000,"2026-08-10 19:09:28.478935","2026-08-10 19:11:02.669254"
408,17f166c7-ad5d-4189-939d-1c4f2891373c,47a3ed5c-d5fd-477b-9789-996228707315,61a79703-b6ff-416f-bb7b-b52a2085ddff,80,1,1,1,00:00:57.076000,"2026-08-10 19:09:32.177643","2026-08-10 19:10:29.312467"
409,d787a4fc-434c-43b5-853f-f03a8a10d1f4,47a3ed5c-d5fd-477b-9789-996228707315,6c193a83-d04d-4450-b3c6-0899b15ce6b8,30,1,1,1,00:02:06.594000,"2026-08-10 19:09:33.848118","2026-08-10 19:11:40.494014"
410,9cdc9245-aec1-48af-82f3-52c820b8e0cf,47a3ed5c-d5fd-477b-9789-996228707315,b26a963f-f3b0-47d7-b4b5-d093f5d2c355,71,1,1,1,00:01:16.953000,"2026-08-10 19:09:44.835031","2026-08-10 19:11:01.856938"
411,d43ed3ec-b54e-48e1-adf8-f872e1e63368,47a3ed5c-d5fd-477b-9789-996228707315,0e45cf01-49a0-4ed8-86d3-b67f17e8056b,29,1,1,1,00:01:42.865000,"2026-08-10 19:09:57.374924","2026-08-10 19:11:40.285631"
412,7e0152af-9db8-49b3-b3e5-fac41998ffec,47a3ed5c-d5fd-477b-9789-996228707315,6f1a8c78-17eb-46aa-9201-f6b11447303a,74,1,1,1,00:01:28.972000,"2026-08-10 19:10:09.589427","2026-08-10 19:11:38.601406"
413,9b73fc2f-ad4c-4028-b2f7-32342451cbb2,47a3ed5c-d5fd-477b-9789-996228707315,e7cf58b8-ce09-487a-b20c-349b67b1f000,34,1,1,1,00:01:36.714000,"2026-08-10 19:10:16.223658","2026-08-10 19:13:11.043210"
414,84fdde06-f2d0-4243-9a03-284751288d68,47a3ed5c-d5fd-477b-9789-996228707315,3d76ea78-4af5-4fd1-aaad-381b9c9d18dc,64,1,1,1,00:01:24.181000,"2026-08-10 19:10:21.457064","2026-08-10 19:11:45.686452"
415,d447ed63-91a9-4410-88ce-a0e8e6a85301,47a3ed5c-d5fd-477b-9789-996228707315,3797f8ad-82cc-4d3f-b0c1-98bb34a69016,64,1,1,1,00:01:34.600000,"2026-08-10 19:10:28.022960","2026-08-10 19:12:02.669469"
416,3f1d69cf-72cc-4baa-b5c2-86b683b5b111,47a3ed5c-d5fd-477b-9789-996228707315,60785b0e-6f3c-4f6b-bafa-cc6a70a4ddc4,70,1,1,1,00:01:13.125000,"2026-08-10 19:10:36.754565","2026-08-10 19:11:49.905446"
417,11197d2a-f840-4645-9876-ca7c670c6ffb,47a3ed5c-d5fd-477b-9789-996228707315,444d9d26-a8f5-40d1-a0d4-e5581217d448,84,1,1,1,00:00:46.550000,"2026-08-10 19:10:38.167660","2026-08-10 19:11:24.701016"
418,564f08df-e39a-4f5a-8fa7-7f647eb81c8b,47a3ed5c-d5fd-477b-9789-996228707315,2d09c2b8-fcaa-4448-a7fd-561932a752d0,58,1,1,1,00:01:43.700000,"2026-08-10 19:10:44.954746","2026-08-10 19:12:28.709289"
419,2ee7818f-711d-4b56-b7e4-7c1c58c8d41f,47a3ed5c-d5fd-477b-9789-996228707315,14990630-8231-4f01-a771-6033488d2c79,73,1,1,1,00:02:06.474000,"2026-08-10 19:10:45.716438","2026-08-10 19:12:52.228767"
420,612b143f-f729-47a1-ad73-3181b04a34b5,47a3ed5c-d5fd-477b-9789-996228707315,3347bd05-340d-492d-952e-68bf6f468893,46,1,1,1,00:01:41.690000,"2026-08-10 19:10:47.361845","2026-08-10 19:13:37.823943"
421,affa52c5-f595-41b4-afc3-00b3f9c0eab5,47a3ed5c-d5fd-477b-9789-996228707315,1f81ea24-1c7c-4b3a-a558-d65e3cc715ae,62,1,1,1,00:01:43.729000,"2026-08-10 19:10:47.881776","2026-08-10 19:12:31.655630"
422,07e5e501-8706-417a-912d-6050cd89172f,47a3ed5c-d5fd-477b-9789-996228707315,af05cccc-1435-4a8d-ac00-f68d4c8cb00d,80,1,1,1,00:01:48.885000,"2026-08-10 19:10:57.418651","2026-08-10 19:12:46.346285"
423,8eb8d38d-6b42-4827-bcb9-927d7c67fdaf,47a3ed5c-d5fd-477b-9789-996228707315,8d4f1ebf-062f-4512-9bb0-d8a4ddecbe50,36,1,1,1,00:01:33.349000,"2026-08-10 19:10:58.872672","2026-08-10 19:12:32.261344"
424,17f166c7-ad5d-4189-939d-1c4f2891373c,47a3ed5c-d5fd-477b-9789-996228707315,02d9a492-74ab-4bb7-affd-6f5195d5c81d,57,1,1,1,00:01:04.783000,"2026-08-10 19:11:00.271057","2026-08-10 19:12:05.120617"
425,98d570c8-9010-489f-a406-95d75acc8e42,47a3ed5c-d5fd-477b-9789-996228707315,dd9b311d-66a0-4fb4-8c0e-3c3aafa4fc30,34,1,1,1,00:01:35.462000,"2026-08-10 19:11:23.332428","2026-08-10 19:12:58.850064"
426,84524269-83fe-4bab-96d4-f78fb5e1332d,47a3ed5c-d5fd-477b-9789-996228707315,b217e7b3-cafa-4264-8658-a60a2785881e,43,1,1,1,00:04:01.263000,"2026-08-10 19:11:27.322285","2026-08-10 19:15:29.133936"
427,9cdc9245-aec1-48af-82f3-52c820b8e0cf,47a3ed5c-d5fd-477b-9789-996228707315,8e9ea351-8f19-46b5-a92a-ea221f329d52,39,1,1,1,00:01:16.156000,"2026-08-10 19:11:28.245599","2026-08-10 19:12:44.452294"
428,2b9e3eb3-8c0c-42b3-ba05-3686196eb212,47a3ed5c-d5fd-477b-9789-996228707315,c7f9580a-9ea2-4003-a1a2-033de3791ab3,54,1,1,1,00:01:07.919000,"2026-08-10 19:11:29.179185","2026-08-10 19:12:37.169598"
429,84fdde06-f2d0-4243-9a03-284751288d68,47a3ed5c-d5fd-477b-9789-996228707315,ecc11da3-4976-4566-b732-051361683549,43,1,1,1,00:01:10.333000,"2026-08-10 19:12:17.367420","2026-08-10 19:13:27.753505"
430,17f166c7-ad5d-4189-939d-1c4f2891373c,47a3ed5c-d5fd-477b-9789-996228707315,3ebdbecc-8ce6-4ec3-b05c-e7825196bb1d,29,1,1,1,00:00:57.837000,"2026-08-10 19:12:24.712630","2026-08-10 19:13:22.603467"
431,2b9e3eb3-8c0c-42b3-ba05-3686196eb212,47a3ed5c-d5fd-477b-9789-996228707315,bac2bcd0-679e-486f-9898-e825c1598463,62,1,1,1,00:01:14.700000,"2026-08-10 19:12:55.164028","2026-08-10 19:14:09.917436"
432,98d570c8-9010-489f-a406-95d75acc8e42,47a3ed5c-d5fd-477b-9789-996228707315,bdadd010-0d99-45a5-ad58-304d3897fdaf,27,1,1,1,00:01:43.958000,"2026-08-10 19:13:19.341422","2026-08-10 19:15:03.690206"
433,9cdc9245-aec1-48af-82f3-52c820b8e0cf,47a3ed5c-d5fd-477b-9789-996228707315,8c5c9b2e-ec9e-44a1-96a3-f8bebf7d3931,34,1,1,1,00:01:12.607000,"2026-08-10 19:13:20.576125","2026-08-10 19:14:33.233685"
434,233f28d0-e8fa-4b4f-a16c-68a48b2436da,47a3ed5c-d5fd-477b-9789-996228707315,54e17838-6d74-4408-be0c-29097a3f1028,54,1,1,1,00:01:43.786000,"2026-08-10 19:13:28.129741","2026-08-10 19:15:11.974954"
435,9b73fc2f-ad4c-4028-b2f7-32342451cbb2,47a3ed5c-d5fd-477b-9789-996228707315,673528ec-aa29-4d63-b825-6e0907e889f3,64,1,1,1,00:01:40.780000,"2026-08-10 19:13:43.334838","2026-08-10 19:15:24.161918"
436,84fdde06-f2d0-4243-9a03-284751288d68,47a3ed5c-d5fd-477b-9789-996228707315,bd20a000-166f-430b-a952-8e6dee3c97ae,28,1,1,1,00:01:11.613000,"2026-08-10 19:13:49.020853","2026-08-10 19:15:00.653176"
437,269ebc7c-9f24-42cd-a1b0-650fa9baecd6,47a3ed5c-d5fd-477b-9789-996228707315,dbbfeaaf-3779-4b56-aaad-db20e32159c1,15,1,1,1,00:01:42.547000,"2026-08-10 19:13:52.261953","2026-08-10 19:15:34.856466"
438,612b143f-f729-47a1-ad73-3181b04a34b5,47a3ed5c-d5fd-477b-9789-996228707315,559c4060-c77e-4e46-8872-7337f4842bf3,38,1,1,1,00:01:33.036000,"2026-08-10 19:13:52.863592","2026-08-10 19:16:51.667857"
439,17f166c7-ad5d-4189-939d-1c4f2891373c,47a3ed5c-d5fd-477b-9789-996228707315,4246f46d-2c8f-40c2-af4c-bdfe15c997e1,28,1,1,1,00:00:59.369000,"2026-08-10 19:13:54.998227","2026-08-10 19:14:54.421790"
440,7e0152af-9db8-49b3-b3e5-fac41998ffec,47a3ed5c-d5fd-477b-9789-996228707315,26349507-1e37-467d-844d-e70575eb3e2c,82,1,1,1,00:01:17.119000,"2026-08-10 19:14:25.557921","2026-08-10 19:15:42.721858"
441,11197d2a-f840-4645-9876-ca7c670c6ffb,47a3ed5c-d5fd-477b-9789-996228707315,fcf6b962-16e4-41eb-8c89-59e073f54f06,22,1,1,1,00:01:10.710000,"2026-08-10 19:14:52.262631","2026-08-10 19:16:02.850711"
442,8eb8d38d-6b42-4827-bcb9-927d7c67fdaf,47a3ed5c-d5fd-477b-9789-996228707315,fe22dc60-a687-42a7-a435-6204ba3a6014,18,1,1,1,00:01:33.754000,"2026-08-10 19:14:52.310538","2026-08-10 19:16:26.112147"
443,affa52c5-f595-41b4-afc3-00b3f9c0eab5,47a3ed5c-d5fd-477b-9789-996228707315,ff680f26-0d8a-4644-994b-2fafe64567c9,24,1,1,1,00:01:48.735000,"2026-08-10 19:14:55.764695","2026-08-10 19:16:44.528954"
444,28f913e0-0440-4825-b142-91a39e91b7d9,47a3ed5c-d5fd-477b-9789-996228707315,d649fbc6-4947-4157-944a-61124b464aec,64,1,1,1,00:02:49.591000,"2026-08-10 19:14:57.263722","2026-08-10 19:17:46.902593"
445,0b767bfb-7560-4308-a383-7e498a710622,47a3ed5c-d5fd-477b-9789-996228707315,fce54353-c268-4fd7-83b6-536f912b583c,66,1,1,1,00:01:32.376000,"2026-08-10 19:14:59.921869","2026-08-10 19:16:32.330590"
446,d787a4fc-434c-43b5-853f-f03a8a10d1f4,47a3ed5c-d5fd-477b-9789-996228707315,83b50d45-75a6-4b8e-8a6e-48fe2e47d098,83,1,1,1,00:03:14.153000,"2026-08-10 19:15:02.389621","2026-08-10 19:18:16.826204"
447,94e79b90-6648-46f0-96d0-32865a9a058f,47a3ed5c-d5fd-477b-9789-996228707315,93b24887-61e8-4762-a0af-0620cc629d76,64,1,1,1,00:02:14.406000,"2026-08-10 19:15:05.273864","2026-08-10 19:17:19.804275"
448,17f166c7-ad5d-4189-939d-1c4f2891373c,47a3ed5c-d5fd-477b-9789-996228707315,57b38057-e47e-4060-b8ca-88d1e643dc11,48,1,1,1,00:00:59.000000,"2026-08-10 19:15:17.608665","2026-08-10 19:16:16.662389"
449,84fdde06-f2d0-4243-9a03-284751288d68,47a3ed5c-d5fd-477b-9789-996228707315,1f60d0c7-08ea-4a7c-84d1-45ea0b30a923,17,1,1,1,00:01:18.111000,"2026-08-10 19:15:17.674684","2026-08-10 19:16:35.843578"
450,9cdc9245-aec1-48af-82f3-52c820b8e0cf,47a3ed5c-d5fd-477b-9789-996228707315,9793c691-4815-478f-a251-d2decc222996,13,1,1,1,00:01:10.413000,"2026-08-10 19:15:18.236001","2026-08-10 19:16:28.707063"
451,98d570c8-9010-489f-a406-95d75acc8e42,47a3ed5c-d5fd-477b-9789-996228707315,2d340df8-f5f7-4602-834b-5e04fc3e2653,45,1,1,1,00:01:25.782000,"2026-08-10 19:15:28.481146","2026-08-10 19:16:54.311370"
452,07e5e501-8706-417a-912d-6050cd89172f,47a3ed5c-d5fd-477b-9789-996228707315,7eb9830b-45f3-479d-94b7-47427247cc3d,31,1,1,1,00:01:22.940000,"2026-08-10 19:15:30.284198","2026-08-10 19:16:53.269954"
453,564f08df-e39a-4f5a-8fa7-7f647eb81c8b,47a3ed5c-d5fd-477b-9789-996228707315,cdbf7009-1fd0-4a59-982e-3b9d1ede828b,73,1,1,1,00:01:38.506000,"2026-08-10 19:15:31.220701","2026-08-10 19:17:09.787893"
454,3b3e37be-8f8a-4668-af55-10228e6c36ed,47a3ed5c-d5fd-477b-9789-996228707315,3484b9e5-e548-4d05-ba7f-ec9aae10455a,67,1,1,1,00:01:58.563000,"2026-08-10 19:15:38.326359","2026-08-10 19:17:36.941473"
455,9b73fc2f-ad4c-4028-b2f7-32342451cbb2,47a3ed5c-d5fd-477b-9789-996228707315,5c213b4e-fc7b-4042-ae8b-7ee1090d5fef,37,1,1,1,00:01:43.749000,"2026-08-10 19:15:46.544974","2026-08-10 19:17:30.333624"
456,7e0152af-9db8-49b3-b3e5-fac41998ffec,47a3ed5c-d5fd-477b-9789-996228707315,1ef69027-5d40-4a83-b9d8-222eb4c4b0a4,55,1,1,1,00:01:17.503000,"2026-08-10 19:15:58.702668","2026-08-10 19:17:16.258934"
457,269ebc7c-9f24-42cd-a1b0-650fa9baecd6,47a3ed5c-d5fd-477b-9789-996228707315,802751dd-5fbe-4fd2-b99c-7af4374cf6eb,24,1,1,1,00:01:26.990000,"2026-08-10 19:16:07.617881","2026-08-10 19:17:34.653796"
458,e7cf95e5-3dec-45e2-8936-7fd1cdadf0bc,47a3ed5c-d5fd-477b-9789-996228707315,d7036832-fc46-4f2b-91d2-c4ccb497ee09,53,1,1,1,00:02:45.396000,"2026-08-10 19:16:09.875366","2026-08-10 19:18:55.314358"
459,84524269-83fe-4bab-96d4-f78fb5e1332d,47a3ed5c-d5fd-477b-9789-996228707315,60cd82bb-a0c4-4bf8-9044-dc860db3e59c,41,1,1,1,00:02:47.181000,"2026-08-10 19:16:18.084366","2026-08-10 19:19:05.312709"
460,a5ed32f0-c4cd-4cf6-809e-276d51cc0662,47a3ed5c-d5fd-477b-9789-996228707315,9c4c1ba2-2223-4a18-b4cd-7241e86b0c86,21,1,1,1,00:02:25.943000,"2026-08-10 19:16:20.084716","2026-08-10 19:18:46.075660"
461,233f28d0-e8fa-4b4f-a16c-68a48b2436da,47a3ed5c-d5fd-477b-9789-996228707315,bd2bbd4f-8e41-4456-9df5-2a5e4a3c61ff,18,1,1,1,00:01:21.080000,"2026-08-10 19:16:23.853589","2026-08-10 19:17:44.963860"
462,17f166c7-ad5d-4189-939d-1c4f2891373c,47a3ed5c-d5fd-477b-9789-996228707315,594197d0-77bd-4bc3-a1b2-83d96f387014,12,1,1,1,00:00:57.979000,"2026-08-10 19:16:39.853818","2026-08-10 19:17:37.871860"
463,11197d2a-f840-4645-9876-ca7c670c6ffb,47a3ed5c-d5fd-477b-9789-996228707315,3bb2dc31-f158-4a44-af53-78111caf4f7f,15,1,1,1,00:01:07.139000,"2026-08-10 19:16:44.554380","2026-08-10 19:17:51.591847"
464,2b9e3eb3-8c0c-42b3-ba05-3686196eb212,47a3ed5c-d5fd-477b-9789-996228707315,56020b31-ae4a-42a3-8a95-8a3502871f46,68,1,1,1,00:01:20.361000,"2026-08-10 19:16:51.123306","2026-08-10 19:18:11.538116"
465,8eb8d38d-6b42-4827-bcb9-927d7c67fdaf,47a3ed5c-d5fd-477b-9789-996228707315,623a5610-2be9-4c95-ba03-de3423017f64,11,1,1,1,00:01:24.701000,"2026-08-10 19:16:52.232693","2026-08-10 19:18:17.028881"
466,84fdde06-f2d0-4243-9a03-284751288d68,47a3ed5c-d5fd-477b-9789-996228707315,7c36d1cd-1306-40b0-b3dd-7186f7494ded,22,1,1,1,00:01:18.551000,"2026-08-10 19:16:57.470162","2026-08-10 19:18:16.050829"
467,d43ed3ec-b54e-48e1-adf8-f872e1e63368,47a3ed5c-d5fd-477b-9789-996228707315,2e6a82b6-7c3c-4079-943c-e663f3147dde,42,1,1,1,00:01:58.071000,"2026-08-10 19:16:58.936766","2026-08-10 19:18:57.056882"
468,3f1d69cf-72cc-4baa-b5c2-86b683b5b111,47a3ed5c-d5fd-477b-9789-996228707315,d297d177-6efb-4206-985b-904eae08cb95,75,1,1,1,00:01:18.420000,"2026-08-10 19:16:59.379062","2026-08-10 19:18:17.987433"
469,affa52c5-f595-41b4-afc3-00b3f9c0eab5,47a3ed5c-d5fd-477b-9789-996228707315,d10db4d3-c267-4ad0-a1f6-1ca0fd3ce8bd,17,1,1,1,00:01:39.540000,"2026-08-10 19:17:05.909946","2026-08-10 19:18:45.476902"
470,98d570c8-9010-489f-a406-95d75acc8e42,47a3ed5c-d5fd-477b-9789-996228707315,8af25155-3105-4f32-ab3e-cc2295c47247,66,1,1,1,00:01:24.427000,"2026-08-10 19:17:10.767730","2026-08-10 19:18:35.246851"
471,612b143f-f729-47a1-ad73-3181b04a34b5,47a3ed5c-d5fd-477b-9789-996228707315,30597faf-4b29-46a0-9152-857f5b11941a,71,1,1,1,00:01:25.536000,"2026-08-10 19:17:15.283398","2026-08-10 19:18:40.815521"
472,07e5e501-8706-417a-912d-6050cd89172f,47a3ed5c-d5fd-477b-9789-996228707315,e388aeb5-adc5-450b-8308-d0500f3ee58c,22,1,1,1,00:01:18.947000,"2026-08-10 19:17:18.428663","2026-08-10 19:18:37.414933"
473,0b767bfb-7560-4308-a383-7e498a710622,47a3ed5c-d5fd-477b-9789-996228707315,d1e50f35-3d83-4de1-922e-bf48cce3cdf1,11,1,1,1,00:01:20.443000,"2026-08-10 19:17:19.117124","2026-08-10 19:18:39.590747"
474,9cdc9245-aec1-48af-82f3-52c820b8e0cf,47a3ed5c-d5fd-477b-9789-996228707315,b0052cc5-2a4e-4cb0-b55d-8848a57b23f4,38,1,1,1,00:01:15.915000,"2026-08-10 19:17:20.932638","2026-08-10 19:18:37.182015"
475,7e0152af-9db8-49b3-b3e5-fac41998ffec,47a3ed5c-d5fd-477b-9789-996228707315,52e5ddc3-49ed-43aa-aada-3038a5e214f0,25,1,1,1,00:01:24.291000,"2026-08-10 19:17:32.435037","2026-08-10 19:18:56.768942"
476,564f08df-e39a-4f5a-8fa7-7f647eb81c8b,47a3ed5c-d5fd-477b-9789-996228707315,a02f0963-9649-461b-a18a-2f5f768614b3,38,1,1,1,00:02:03.235000,"2026-08-10 19:17:32.739486","2026-08-10 19:19:35.940594"
477,fed8a370-47ad-44d4-9208-88a9fa5373bd,47a3ed5c-d5fd-477b-9789-996228707315,9c7e4270-9c53-4925-afa3-9fb6f86a7523,43,1,1,1,00:01:27.111000,"2026-08-10 19:17:44.292600","2026-08-10 19:19:11.443657"
478,94e79b90-6648-46f0-96d0-32865a9a058f,47a3ed5c-d5fd-477b-9789-996228707315,e1d74d69-e46a-4aa5-bef3-acf9bc490862,32,1,1,1,00:01:07.462000,"2026-08-10 19:17:51.164997","2026-08-10 19:18:58.762594"
479,9b73fc2f-ad4c-4028-b2f7-32342451cbb2,47a3ed5c-d5fd-477b-9789-996228707315,ccdc9958-6c05-4229-8491-ff3d2ec5282e,71,1,1,1,00:01:43.739000,"2026-08-10 19:17:57.124962","2026-08-10 19:19:40.913973"
480,3b3e37be-8f8a-4668-af55-10228e6c36ed,47a3ed5c-d5fd-477b-9789-996228707315,fc7bb35a-a0f6-42a3-822e-ffdd26fce62f,42,1,1,1,00:01:59.253000,"2026-08-10 19:17:58.571311","2026-08-10 19:19:57.864720"
481,269ebc7c-9f24-42cd-a1b0-650fa9baecd6,47a3ed5c-d5fd-477b-9789-996228707315,33f27e2d-c79c-4ca8-bc53-39a1c0985ee8,70,1,1,1,00:01:12.782000,"2026-08-10 19:18:16.960304","2026-08-10 19:19:29.773943"
482,11197d2a-f840-4645-9876-ca7c670c6ffb,47a3ed5c-d5fd-477b-9789-996228707315,1682e9e7-3bcf-42ef-afda-6d476ecb1601,44,1,1,1,00:01:03.385000,"2026-08-10 19:18:21.065360","2026-08-10 19:19:24.389222"
483,28f913e0-0440-4825-b142-91a39e91b7d9,47a3ed5c-d5fd-477b-9789-996228707315,c56d6540-62a2-437e-a435-8465b88b44fe,79,1,1,1,00:02:01.532000,"2026-08-10 19:18:27.636617","2026-08-10 19:20:29.349455"
484,84fdde06-f2d0-4243-9a03-284751288d68,47a3ed5c-d5fd-477b-9789-996228707315,1dd8ea03-1d5f-45ac-b9dd-61fd9bd3771a,35,1,1,1,00:01:18.242000,"2026-08-10 19:18:32.707055","2026-08-10 19:19:51.000460"
485,3f1d69cf-72cc-4baa-b5c2-86b683b5b111,47a3ed5c-d5fd-477b-9789-996228707315,5246fc42-489e-4e42-9871-0214c01fcb6b,71,1,1,1,00:01:03.934000,"2026-08-10 19:18:42.733974","2026-08-10 19:19:46.805006"
486,d787a4fc-434c-43b5-853f-f03a8a10d1f4,47a3ed5c-d5fd-477b-9789-996228707315,2bed8345-fb41-4f94-b010-7251a58813cd,70,1,1,1,00:02:21.309000,"2026-08-10 19:18:45.154232","2026-08-10 19:21:06.513903"
487,612b143f-f729-47a1-ad73-3181b04a34b5,47a3ed5c-d5fd-477b-9789-996228707315,f1c2a0cb-8c1b-42dc-8ac2-9deadbe2466e,63,1,1,1,00:01:24.954000,"2026-08-10 19:18:53.298435","2026-08-10 19:21:16.662809"
488,98d570c8-9010-489f-a406-95d75acc8e42,47a3ed5c-d5fd-477b-9789-996228707315,588f9b1e-4d52-4015-8b78-2f71d2f40e39,57,1,1,1,00:01:32.826000,"2026-08-10 19:18:53.670775","2026-08-10 19:20:26.463760"
489,2ee7818f-711d-4b56-b7e4-7c1c58c8d41f,47a3ed5c-d5fd-477b-9789-996228707315,fca4f28e-9d96-484a-b226-628d14bd4e19,56,1,1,1,00:01:24.720000,"2026-08-10 19:18:55.580551","2026-08-10 19:20:20.344056"
490,9cdc9245-aec1-48af-82f3-52c820b8e0cf,47a3ed5c-d5fd-477b-9789-996228707315,a4d91e0f-6a2e-4929-9739-152bfe7299e9,30,1,1,1,00:01:10.935000,"2026-08-10 19:18:58.453699","2026-08-10 19:20:09.427888"
491,d707d3fc-ab0c-4645-b182-f1b672430fe8,47a3ed5c-d5fd-477b-9789-996228707315,816dad71-3616-41e7-ac2a-8663a26df383,10,1,1,1,00:01:31.802000,"2026-08-10 19:19:01.955024","2026-08-10 19:20:33.812729"
492,affa52c5-f595-41b4-afc3-00b3f9c0eab5,47a3ed5c-d5fd-477b-9789-996228707315,da09fa57-b16d-4154-808c-592ab5807f80,31,1,1,1,00:01:27.266000,"2026-08-10 19:19:04.452239","2026-08-10 19:20:32.133346"
493,07e5e501-8706-417a-912d-6050cd89172f,47a3ed5c-d5fd-477b-9789-996228707315,56d98390-abbb-4e18-98ec-8b5d9ff6f147,18,1,1,1,00:01:13.981000,"2026-08-10 19:19:12.673481","2026-08-10 19:20:26.790777"
494,7e0152af-9db8-49b3-b3e5-fac41998ffec,47a3ed5c-d5fd-477b-9789-996228707315,510ec763-20b5-422e-bd2e-9bbff808d5a4,61,1,1,1,00:01:15.027000,"2026-08-10 19:19:15.611713","2026-08-10 19:20:30.677170"
495,0b767bfb-7560-4308-a383-7e498a710622,47a3ed5c-d5fd-477b-9789-996228707315,656747f7-f63d-4848-809f-df7f4ca742e3,26,1,1,1,00:01:19.490000,"2026-08-10 19:19:15.865269","2026-08-10 19:20:35.315865"
496,94e79b90-6648-46f0-96d0-32865a9a058f,47a3ed5c-d5fd-477b-9789-996228707315,56dc6a71-da49-41b6-83b2-44053b9f39cd,84,1,1,1,00:00:44.935000,"2026-08-10 19:19:20.235574","2026-08-10 19:20:05.206491"
497,a5ed32f0-c4cd-4cf6-809e-276d51cc0662,47a3ed5c-d5fd-477b-9789-996228707315,01e8a87f-e9fa-404b-b5cb-595444b29da5,10,1,1,1,00:01:50.593000,"2026-08-10 19:19:28.167358","2026-08-10 19:21:18.816313"
498,8eb8d38d-6b42-4827-bcb9-927d7c67fdaf,47a3ed5c-d5fd-477b-9789-996228707315,484ab3d8-0d79-4c48-bfdf-a4f4dbfc1bff,65,1,1,1,00:01:09.456000,"2026-08-10 19:19:28.623216","2026-08-10 19:20:38.107341"
499,e7cf95e5-3dec-45e2-8936-7fd1cdadf0bc,47a3ed5c-d5fd-477b-9789-996228707315,7f0f651f-3a22-4233-8044-d638b956037f,39,1,1,1,00:01:36.491000,"2026-08-10 19:19:36.722936","2026-08-10 19:21:13.259373"
500,fed8a370-47ad-44d4-9208-88a9fa5373bd,47a3ed5c-d5fd-477b-9789-996228707315,748e2c0b-62ea-4dc7-a22d-8ef94017663e,25,1,1,1,00:01:24.288000,"2026-08-10 19:19:38.912749","2026-08-10 19:21:03.242152"
501,d43ed3ec-b54e-48e1-adf8-f872e1e63368,47a3ed5c-d5fd-477b-9789-996228707315,e354d00c-c0f3-4f27-8188-31b399af294a,59,1,1,1,00:01:23.914000,"2026-08-10 19:19:39.633161","2026-08-10 19:21:03.605761"
502,3fcf6637-0634-4401-852a-fda63e9a470a,47a3ed5c-d5fd-477b-9789-996228707315,d9471873-888d-486f-90b8-2d9635d1466b,10,1,1,1,00:02:19.744000,"2026-08-10 19:19:47.981340","2026-08-10 19:22:07.689840"
503,269ebc7c-9f24-42cd-a1b0-650fa9baecd6,47a3ed5c-d5fd-477b-9789-996228707315,187a08df-aac5-4b1c-b2a9-342b4453f525,28,1,1,1,00:01:16.666000,"2026-08-10 19:19:53.893179","2026-08-10 19:21:10.596243"
504,564f08df-e39a-4f5a-8fa7-7f647eb81c8b,47a3ed5c-d5fd-477b-9789-996228707315,afb49421-43a2-4481-ada0-48171c7058d3,17,1,1,1,00:01:37.796000,"2026-08-10 19:19:57.090113","2026-08-10 19:21:34.926372"
505,11197d2a-f840-4645-9876-ca7c670c6ffb,47a3ed5c-d5fd-477b-9789-996228707315,41e19405-4720-442f-b35a-e489362fbc7c,69,1,1,1,00:01:06.973000,"2026-08-10 19:19:58.319868","2026-08-10 19:21:05.246005"
506,9b73fc2f-ad4c-4028-b2f7-32342451cbb2,47a3ed5c-d5fd-477b-9789-996228707315,d98cddec-b83e-4dab-b84d-3d2b4e8e0941,67,1,1,1,00:01:25.137000,"2026-08-10 19:20:01.849227","2026-08-10 19:21:27.033373"
507,3f1d69cf-72cc-4baa-b5c2-86b683b5b111,47a3ed5c-d5fd-477b-9789-996228707315,e2b13399-8830-4295-816b-47f541a81f74,30,1,1,1,00:01:06.357000,"2026-08-10 19:20:07.750059","2026-08-10 19:21:14.110950"
508,3b3e37be-8f8a-4668-af55-10228e6c36ed,47a3ed5c-d5fd-477b-9789-996228707315,c40067e9-1358-41bd-8e27-40acd0a73053,59,1,1,1,00:01:39.994000,"2026-08-10 19:20:18.212173","2026-08-10 19:21:58.246339"
509,b76daa41-5e5b-4512-9e8e-37ff708b43fd,47a3ed5c-d5fd-477b-9789-996228707315,1169dfee-f5da-4851-90ec-d5312c921581,60,1,1,1,00:02:11.910000,"2026-08-10 19:20:21.164005","2026-08-10 19:22:33.126962"
510,84524269-83fe-4bab-96d4-f78fb5e1332d,47a3ed5c-d5fd-477b-9789-996228707315,6e1e2a53-0209-4613-8103-979fca672782,30,1,1,1,00:03:29.041000,"2026-08-10 19:20:26.174774","2026-08-10 19:23:55.490027"
511,78cd55e1-9b8a-424a-8fe6-19bcd747b171,47a3ed5c-d5fd-477b-9789-996228707315,b651cadf-9af3-47b1-a81d-531fda8792a9,58,1,1,1,00:02:49.099000,"2026-08-10 19:20:26.529439","2026-08-10 19:23:15.661297"
512,94e79b90-6648-46f0-96d0-32865a9a058f,47a3ed5c-d5fd-477b-9789-996228707315,b9350f35-c339-4b42-bcbc-4cb840f2a02b,69,1,1,1,00:01:03.359000,"2026-08-10 19:20:28.934783","2026-08-10 19:21:32.330007"
513,9dd27179-b94b-4937-b1f7-1c30ee2519d0,47a3ed5c-d5fd-477b-9789-996228707315,fb15d30e-a8bd-44a9-a7c4-3b89dd3dc292,66,1,1,1,00:02:07.825000,"2026-08-10 19:20:30.525807","2026-08-10 19:22:38.806571"
514,9cdc9245-aec1-48af-82f3-52c820b8e0cf,47a3ed5c-d5fd-477b-9789-996228707315,6d98ce5b-d99f-40c4-be67-5e458b64c725,73,1,1,1,00:01:08.845000,"2026-08-10 19:20:31.404608","2026-08-10 19:21:40.297845"
515,affa52c5-f595-41b4-afc3-00b3f9c0eab5,47a3ed5c-d5fd-477b-9789-996228707315,3cc1b111-2fd7-4c54-b31f-2281c7e69087,12,1,1,1,00:01:28.503000,"2026-08-10 19:21:16.858370","2026-08-10 19:22:45.654450"
516,fed8a370-47ad-44d4-9208-88a9fa5373bd,47a3ed5c-d5fd-477b-9789-996228707315,8f394b8d-9027-4a20-b41d-79ae79de56a6,80,1,1,1,00:01:11.378000,"2026-08-10 19:21:21.640898","2026-08-10 19:22:33.065984"
517,07e5e501-8706-417a-912d-6050cd89172f,47a3ed5c-d5fd-477b-9789-996228707315,5ecca378-a530-4687-bbeb-81ecbb39d4c8,33,1,1,1,00:01:11.967000,"2026-08-10 19:21:27.671925","2026-08-10 19:22:39.678886"
518,11197d2a-f840-4645-9876-ca7c670c6ffb,47a3ed5c-d5fd-477b-9789-996228707315,a15222e5-57d0-4aa8-a530-076c1585c1fd,51,1,1,1,00:01:01.010000,"2026-08-10 19:21:30.129606","2026-08-10 19:22:31.105390"
519,d43ed3ec-b54e-48e1-adf8-f872e1e63368,47a3ed5c-d5fd-477b-9789-996228707315,cc0d69b0-7e2b-4160-b37c-fce812458f33,27,1,1,1,00:01:22.850000,"2026-08-10 19:21:30.419379","2026-08-10 19:22:53.278666"
520,269ebc7c-9f24-42cd-a1b0-650fa9baecd6,47a3ed5c-d5fd-477b-9789-996228707315,54d1b385-5a57-4efb-8ecc-c7f5076776d4,55,1,1,1,00:01:17.369000,"2026-08-10 19:21:31.297755","2026-08-10 19:22:48.715153"
521,612b143f-f729-47a1-ad73-3181b04a34b5,47a3ed5c-d5fd-477b-9789-996228707315,aacf7c1f-7d67-4b1a-9046-15cd433a658b,52,1,1,1,00:01:34.591000,"2026-08-10 19:21:31.792546","2026-08-10 19:23:06.401558"
522,3f1d69cf-72cc-4baa-b5c2-86b683b5b111,47a3ed5c-d5fd-477b-9789-996228707315,16f35ac7-18a5-4a75-a81d-fa16a32f7757,42,1,1,1,00:01:06.321000,"2026-08-10 19:21:32.798189","2026-08-10 19:22:39.126411"
523,d787a4fc-434c-43b5-853f-f03a8a10d1f4,47a3ed5c-d5fd-477b-9789-996228707315,ab6b0e59-94dd-4234-a916-762acca5202a,63,1,1,1,00:02:05.051000,"2026-08-10 19:21:38.799923","2026-08-10 19:23:43.900984"
524,564f08df-e39a-4f5a-8fa7-7f647eb81c8b,47a3ed5c-d5fd-477b-9789-996228707315,977ff1b9-44d8-416c-8b24-1f297562080a,15,1,1,1,00:01:45.144000,"2026-08-10 19:21:54.711609","2026-08-10 19:23:39.908449"
525,94e79b90-6648-46f0-96d0-32865a9a058f,47a3ed5c-d5fd-477b-9789-996228707315,402f4f46-a1b9-4fa0-9c6d-50644599c6d9,47,1,1,1,00:01:03.831000,"2026-08-10 19:22:00.209987","2026-08-10 19:23:04.191798"
526,9b73fc2f-ad4c-4028-b2f7-32342451cbb2,47a3ed5c-d5fd-477b-9789-996228707315,f90148fc-9153-4262-98a6-543ce95e1eb3,70,1,1,1,00:01:41.593000,"2026-08-10 19:22:08.740812","2026-08-10 19:23:50.381908"
527,7a0598af-431c-47bb-af0c-cfa1e1a9cbd9,47a3ed5c-d5fd-477b-9789-996228707315,1a48852e-ac68-4310-af01-b2c31d30e967,60,1,1,1,00:01:57.800000,"2026-08-10 19:22:13.594423","2026-08-10 19:24:11.445698"
528,a5ed32f0-c4cd-4cf6-809e-276d51cc0662,47a3ed5c-d5fd-477b-9789-996228707315,baf97028-d9c2-46e3-8e9f-252703c7be12,9,1,1,1,00:01:28.778000,"2026-08-10 19:22:14.354481","2026-08-10 19:23:43.183918"
529,3b3e37be-8f8a-4668-af55-10228e6c36ed,47a3ed5c-d5fd-477b-9789-996228707315,42a91d43-99de-44b5-b4f7-93de8d2dec68,57,1,1,1,00:01:58.897000,"2026-08-10 19:22:15.754687","2026-08-10 19:24:14.705309"
530,2b9e3eb3-8c0c-42b3-ba05-3686196eb212,47a3ed5c-d5fd-477b-9789-996228707315,65dac532-aadd-40da-9853-670f14a960a7,33,1,1,1,00:01:41.027000,"2026-08-10 19:22:24.171243","2026-08-10 19:24:05.254948"
531,9dd27179-b94b-4937-b1f7-1c30ee2519d0,47a3ed5c-d5fd-477b-9789-996228707315,d0068d1e-cd3e-40c2-966a-8ab3811d5ad1,29,1,1,1,00:02:00.143000,"2026-08-10 19:22:57.388809","2026-08-10 19:24:57.583888"
532,fed8a370-47ad-44d4-9208-88a9fa5373bd,47a3ed5c-d5fd-477b-9789-996228707315,63f1d2db-4ca5-4547-a7b0-a8d03b7c12b3,71,1,1,1,00:01:13.432000,"2026-08-10 19:22:58.088246","2026-08-10 19:24:11.554993"
533,11197d2a-f840-4645-9876-ca7c670c6ffb,47a3ed5c-d5fd-477b-9789-996228707315,35ef906d-635e-4700-b29d-eeb2ef497cd2,11,1,1,1,00:01:08.488000,"2026-08-10 19:22:59.238208","2026-08-10 19:24:07.763597"
534,07e5e501-8706-417a-912d-6050cd89172f,47a3ed5c-d5fd-477b-9789-996228707315,71278796-c94d-48bb-9ca0-5203da00f12b,78,1,1,1,00:01:12.224000,"2026-08-10 19:23:02.007003","2026-08-10 19:24:14.294246"
535,3f1d69cf-72cc-4baa-b5c2-86b683b5b111,47a3ed5c-d5fd-477b-9789-996228707315,9bd53e37-9462-4598-8ec3-4faed8c07e51,22,1,1,1,00:01:06.314000,"2026-08-10 19:23:02.300458","2026-08-10 19:24:08.531995"
536,7e0152af-9db8-49b3-b3e5-fac41998ffec,47a3ed5c-d5fd-477b-9789-996228707315,ab5af544-d82c-44e1-a8a5-8b489e5257e0,11,1,1,1,00:01:14.504000,"2026-08-10 19:23:03.856914","2026-08-10 19:24:18.793373"
537,affa52c5-f595-41b4-afc3-00b3f9c0eab5,47a3ed5c-d5fd-477b-9789-996228707315,dd97b79e-04bc-4ab4-89c7-9a9bf768e5d0,71,1,1,1,00:01:26.230000,"2026-08-10 19:23:06.451542","2026-08-10 19:24:32.702410"
538,269ebc7c-9f24-42cd-a1b0-650fa9baecd6,47a3ed5c-d5fd-477b-9789-996228707315,e48cbea7-ea4f-41d1-9a83-7522249a9c13,52,1,1,1,00:01:15.704000,"2026-08-10 19:23:11.467448","2026-08-10 19:24:27.232326"
539,612b143f-f729-47a1-ad73-3181b04a34b5,47a3ed5c-d5fd-477b-9789-996228707315,53ae9d4a-be86-47bc-9266-376a1826d56b,51,1,1,1,00:01:25.345000,"2026-08-10 19:23:16.929507","2026-08-10 19:24:42.331944"
540,d43ed3ec-b54e-48e1-adf8-f872e1e63368,47a3ed5c-d5fd-477b-9789-996228707315,7b8d8b9a-3156-4453-906e-760e6e1523ae,15,1,1,1,00:01:23.513000,"2026-08-10 19:23:22.101327","2026-08-10 19:24:45.953910"
541,b76daa41-5e5b-4512-9e8e-37ff708b43fd,47a3ed5c-d5fd-477b-9789-996228707315,dd595eb5-e2e1-4aff-b380-24bd151c4611,37,1,1,1,00:01:42.124000,"2026-08-10 19:23:25.681043","2026-08-10 19:25:07.850546"
542,0b767bfb-7560-4308-a383-7e498a710622,47a3ed5c-d5fd-477b-9789-996228707315,6f53fa55-4c77-44c9-baa2-561b5025ff23,80,1,1,1,00:02:04.348000,"2026-08-10 19:23:32.170725","2026-08-10 19:25:36.577613"
543,94e79b90-6648-46f0-96d0-32865a9a058f,47a3ed5c-d5fd-477b-9789-996228707315,fa3d355d-8825-41f8-9300-73f60b70c863,33,1,1,1,00:02:23.482000,"2026-08-10 19:23:35.075156","2026-08-10 19:25:58.611003"
544,3fcf6637-0634-4401-852a-fda63e9a470a,47a3ed5c-d5fd-477b-9789-996228707315,3a14e1ef-10df-49ff-9406-02f71527ca8a,23,1,1,1,00:01:44.621000,"2026-08-10 19:23:35.964427","2026-08-10 19:25:20.835868"
545,78cd55e1-9b8a-424a-8fe6-19bcd747b171,47a3ed5c-d5fd-477b-9789-996228707315,9a5daf14-e06c-4941-a442-5ad41deac56e,27,1,1,1,00:01:59.756000,"2026-08-10 19:23:51.514221","2026-08-10 19:25:51.298038"
546,e7cf95e5-3dec-45e2-8936-7fd1cdadf0bc,47a3ed5c-d5fd-477b-9789-996228707315,fc95cf70-0fcf-47f9-93f2-cc7cea9a81ec,17,1,1,1,00:01:51.197000,"2026-08-10 19:23:59.390128","2026-08-10 19:25:50.635538"
547,a5ed32f0-c4cd-4cf6-809e-276d51cc0662,47a3ed5c-d5fd-477b-9789-996228707315,e7119d02-6eb4-4c82-828b-0a8a16a7bc45,74,1,1,1,00:01:17.711000,"2026-08-10 19:24:08.210343","2026-08-10 19:25:25.980604"
548,9b73fc2f-ad4c-4028-b2f7-32342451cbb2,47a3ed5c-d5fd-477b-9789-996228707315,6548d53a-8b0b-4917-b7cc-487f72f1345f,30,1,1,1,00:01:29.245000,"2026-08-10 19:24:11.968423","2026-08-10 19:25:41.263790"
549,d787a4fc-434c-43b5-853f-f03a8a10d1f4,47a3ed5c-d5fd-477b-9789-996228707315,8b5999c5-ad91-4803-93f9-c37e01693ca3,52,1,1,1,00:02:42.214000,"2026-08-10 19:24:19.173585","2026-08-10 19:27:01.430759"
550,84524269-83fe-4bab-96d4-f78fb5e1332d,47a3ed5c-d5fd-477b-9789-996228707315,6c8dda77-e40e-49dd-9614-473c6b10e452,65,1,1,1,00:02:58.576000,"2026-08-10 19:24:25.561930","2026-08-10 19:27:24.190525"
551,fed8a370-47ad-44d4-9208-88a9fa5373bd,47a3ed5c-d5fd-477b-9789-996228707315,860e06b2-ccdb-46e7-a814-da4bf1b7ba83,67,1,1,1,00:01:10.982000,"2026-08-10 19:24:29.581255","2026-08-10 19:25:40.627684"
552,3f1d69cf-72cc-4baa-b5c2-86b683b5b111,47a3ed5c-d5fd-477b-9789-996228707315,56df1fdc-2b4a-4ba6-bfe6-89e739506234,76,1,1,1,00:01:05.840000,"2026-08-10 19:24:29.854094","2026-08-10 19:25:35.750199"
553,07e5e501-8706-417a-912d-6050cd89172f,47a3ed5c-d5fd-477b-9789-996228707315,e3a176b3-3d95-4712-8d11-f7247116467e,47,1,1,1,00:01:10.985000,"2026-08-10 19:24:34.459984","2026-08-10 19:25:45.484279"
554,3b3e37be-8f8a-4668-af55-10228e6c36ed,47a3ed5c-d5fd-477b-9789-996228707315,80f9c370-de46-498a-8c6f-f1ff7a5912c0,12,1,1,1,00:01:43.463000,"2026-08-10 19:24:36.478841","2026-08-10 19:26:19.971733"
555,269ebc7c-9f24-42cd-a1b0-650fa9baecd6,47a3ed5c-d5fd-477b-9789-996228707315,c1b6f077-547b-4fac-90df-f16896f48a63,58,1,1,1,00:01:14.149000,"2026-08-10 19:24:47.487861","2026-08-10 19:26:01.660356"
556,612b143f-f729-47a1-ad73-3181b04a34b5,47a3ed5c-d5fd-477b-9789-996228707315,1086f44e-9ae9-41ae-af86-cb11dca80275,12,1,1,1,00:01:12.702000,"2026-08-10 19:24:53.452590","2026-08-10 19:26:06.173631"
557,d51979a6-5661-4c4f-a4f2-268d394040d2,47a3ed5c-d5fd-477b-9789-996228707315,a7aded06-88ac-4fb1-801e-d7f1ce64d86b,55,1,1,1,00:01:58.165000,"2026-08-10 19:24:53.524409","2026-08-10 19:26:51.733373"
558,affa52c5-f595-41b4-afc3-00b3f9c0eab5,47a3ed5c-d5fd-477b-9789-996228707315,e891a772-7811-418c-ae01-26cad7554b7b,46,1,1,1,00:01:17.072000,"2026-08-10 19:24:56.669185","2026-08-10 19:26:14.076530"
559,7a0598af-431c-47bb-af0c-cfa1e1a9cbd9,47a3ed5c-d5fd-477b-9789-996228707315,203d05e7-241e-45ee-965d-7489a1c855fd,37,1,1,1,00:01:29.028000,"2026-08-10 19:25:03.093707","2026-08-10 19:26:32.175294"
560,2b9e3eb3-8c0c-42b3-ba05-3686196eb212,47a3ed5c-d5fd-477b-9789-996228707315,edff541a-cea4-477e-ab8d-a00d22ab4a70,29,1,1,1,00:01:14.488000,"2026-08-10 19:25:05.253872","2026-08-10 19:26:19.784982"
561,d43ed3ec-b54e-48e1-adf8-f872e1e63368,47a3ed5c-d5fd-477b-9789-996228707315,be18d419-7b98-4962-b911-6c76c2b69061,78,1,1,1,00:01:21.792000,"2026-08-10 19:25:15.523352","2026-08-10 19:26:37.366511"
562,9dd27179-b94b-4937-b1f7-1c30ee2519d0,47a3ed5c-d5fd-477b-9789-996228707315,aa1c57bf-9e55-4b81-a875-a12be9e7c1ca,57,1,1,1,00:01:48.392000,"2026-08-10 19:25:19.694279","2026-08-10 19:27:08.343613"
563,b76daa41-5e5b-4512-9e8e-37ff708b43fd,47a3ed5c-d5fd-477b-9789-996228707315,7929f36f-eead-4b90-9966-d029ec554092,82,1,1,1,00:01:54.042000,"2026-08-10 19:25:27.591622","2026-08-10 19:27:21.665389"
564,d447ed63-91a9-4410-88ce-a0e8e6a85301,47a3ed5c-d5fd-477b-9789-996228707315,72d38127-1686-4b92-b95f-96e4b4fc27a5,46,1,1,1,00:01:19.757000,"2026-08-10 19:25:43.985114","2026-08-10 19:27:03.785563"
565,a5ed32f0-c4cd-4cf6-809e-276d51cc0662,47a3ed5c-d5fd-477b-9789-996228707315,d18a32ae-94b8-4a5d-8a63-b6492c4b5fd7,67,1,1,1,00:01:21.773000,"2026-08-10 19:25:50.189788","2026-08-10 19:27:12.021792"
566,3fcf6637-0634-4401-852a-fda63e9a470a,47a3ed5c-d5fd-477b-9789-996228707315,54b65a3e-2304-40f8-b450-06938d9310a7,65,1,1,1,00:01:33.066000,"2026-08-10 19:25:55.356968","2026-08-10 19:27:28.190501"
567,07e5e501-8706-417a-912d-6050cd89172f,47a3ed5c-d5fd-477b-9789-996228707315,947108f2-70c1-4118-bcb2-52a969d712d3,55,1,1,1,00:01:12.136000,"2026-08-10 19:26:05.148732","2026-08-10 19:27:17.315656"
568,e7cf95e5-3dec-45e2-8936-7fd1cdadf0bc,47a3ed5c-d5fd-477b-9789-996228707315,7929ac18-cd1d-496a-b0db-40a83ad7a720,36,1,1,1,00:01:44.312000,"2026-08-10 19:26:15.562393","2026-08-10 19:27:59.918365"
569,269ebc7c-9f24-42cd-a1b0-650fa9baecd6,47a3ed5c-d5fd-477b-9789-996228707315,38dbf9cd-240a-4a46-91bf-3825aefd2877,23,1,1,1,00:01:16.610000,"2026-08-10 19:26:29.325814","2026-08-10 19:27:45.978317"
570,2b9e3eb3-8c0c-42b3-ba05-3686196eb212,47a3ed5c-d5fd-477b-9789-996228707315,d69efbd7-c31c-4749-807b-21a1a1a30426,53,1,1,1,00:01:09.904000,"2026-08-10 19:26:34.681452","2026-08-10 19:27:44.630330"
571,3b3e37be-8f8a-4668-af55-10228e6c36ed,47a3ed5c-d5fd-477b-9789-996228707315,9a9323e9-92ca-44db-be1c-ab49d901ce87,36,1,1,1,00:01:36.966000,"2026-08-10 19:26:41.868589","2026-08-10 19:28:18.880748"
572,0b767bfb-7560-4308-a383-7e498a710622,47a3ed5c-d5fd-477b-9789-996228707315,5e217c96-8324-47c7-99ec-23e7fe420c3f,61,1,1,1,00:01:14.638000,"2026-08-10 19:26:51.819829","2026-08-10 19:28:06.432870"
573,d43ed3ec-b54e-48e1-adf8-f872e1e63368,47a3ed5c-d5fd-477b-9789-996228707315,0d7ad5ee-444c-49ae-999a-a8fc3f91bc05,84,1,1,1,00:00:50.363000,"2026-08-10 19:27:05.336294","2026-08-10 19:27:55.730191"
574,7a0598af-431c-47bb-af0c-cfa1e1a9cbd9,47a3ed5c-d5fd-477b-9789-996228707315,8be26ba1-1ec5-454c-ad04-c9d9c3714f8c,53,1,1,1,00:01:31.369000,"2026-08-10 19:27:11.925385","2026-08-10 19:28:43.349768"
575,9dd27179-b94b-4937-b1f7-1c30ee2519d0,47a3ed5c-d5fd-477b-9789-996228707315,0ea57cd4-3192-4080-adbb-7d015e2828cd,41,1,1,1,00:01:33.119000,"2026-08-10 19:27:24.766556","2026-08-10 19:28:57.960493"
576,d51979a6-5661-4c4f-a4f2-268d394040d2,47a3ed5c-d5fd-477b-9789-996228707315,c6a66f4c-1e65-44c8-98b4-95ac8018b9e0,24,1,1,1,00:01:20.240000,"2026-08-10 19:27:28.592114","2026-08-10 19:28:48.888068"
577,a5ed32f0-c4cd-4cf6-809e-276d51cc0662,47a3ed5c-d5fd-477b-9789-996228707315,a3f227fe-82ec-4d8e-97bc-1a130ac1deec,48,1,1,1,00:01:24.251000,"2026-08-10 19:27:34.665187","2026-08-10 19:28:58.973285"
578,28f913e0-0440-4825-b142-91a39e91b7d9,47a3ed5c-d5fd-477b-9789-996228707315,5faf3d2e-8075-41cc-a072-b4813f4d070d,63,1,1,1,00:01:50.771000,"2026-08-10 19:27:37.988823","2026-08-10 19:29:29.420233"
579,fed8a370-47ad-44d4-9208-88a9fa5373bd,47a3ed5c-d5fd-477b-9789-996228707315,1a3b4b6c-7c20-489c-9524-275fea7ed029,84,1,1,1,00:00:45.689000,"2026-08-10 19:27:52.380328","2026-08-10 19:28:38.096185"
580,84524269-83fe-4bab-96d4-f78fb5e1332d,47a3ed5c-d5fd-477b-9789-996228707315,75c715bb-6f1b-4437-abde-164cc6457fe0,84,1,1,1,00:01:25.749000,"2026-08-10 19:27:54.746514","2026-08-10 19:29:20.523583"
581,d787a4fc-434c-43b5-853f-f03a8a10d1f4,47a3ed5c-d5fd-477b-9789-996228707315,ce282321-a369-45ae-b6fa-718a3b2bf1e1,36,1,1,1,00:02:16.873000,"2026-08-10 19:28:01.675157","2026-08-10 19:30:18.599516"
582,3fcf6637-0634-4401-852a-fda63e9a470a,47a3ed5c-d5fd-477b-9789-996228707315,ff25ab15-9732-488e-bf37-3465b5099480,22,1,1,1,00:01:28.910000,"2026-08-10 19:28:04.368979","2026-08-10 19:29:33.172598"
583,b76daa41-5e5b-4512-9e8e-37ff708b43fd,47a3ed5c-d5fd-477b-9789-996228707315,7eae9baf-4b7c-4fd7-a466-7fea04f5502a,33,1,1,1,00:01:37.829000,"2026-08-10 19:28:14.687399","2026-08-10 19:29:52.567626"
584,e7cf95e5-3dec-45e2-8936-7fd1cdadf0bc,47a3ed5c-d5fd-477b-9789-996228707315,b9811254-e3e0-4360-99c7-b62c789dbae4,23,1,1,1,00:02:05.111000,"2026-08-10 19:28:28.415608","2026-08-10 19:30:33.570240"
585,0b767bfb-7560-4308-a383-7e498a710622,47a3ed5c-d5fd-477b-9789-996228707315,9eacfce6-592c-4dc5-b1ce-7b9efd47f91a,56,1,1,1,00:01:17.613000,"2026-08-10 19:28:36.342716","2026-08-10 19:29:54.016589"
586,3b3e37be-8f8a-4668-af55-10228e6c36ed,47a3ed5c-d5fd-477b-9789-996228707315,a7b7c6bb-80d1-46e8-aa2f-8bcdb0997023,38,1,1,1,00:01:44.050000,"2026-08-10 19:28:40.081801","2026-08-10 19:30:24.175795"
587,fed8a370-47ad-44d4-9208-88a9fa5373bd,47a3ed5c-d5fd-477b-9789-996228707315,dd831d13-2083-4980-8c37-989301a2fe64,75,1,1,1,00:01:13.046000,"2026-08-10 19:28:55.293306","2026-08-10 19:30:08.389691"
588,9dd27179-b94b-4937-b1f7-1c30ee2519d0,47a3ed5c-d5fd-477b-9789-996228707315,6a7c27e3-b780-445e-8d40-7985c4bd9c35,39,1,1,1,00:01:48.070000,"2026-08-10 19:29:13.399232","2026-08-10 19:31:01.521586"
589,7a0598af-431c-47bb-af0c-cfa1e1a9cbd9,47a3ed5c-d5fd-477b-9789-996228707315,e6b15a2d-0a6b-46b9-8172-595a9689c57a,48,1,1,1,00:01:34.306000,"2026-08-10 19:29:26.503162","2026-08-10 19:31:00.866303"
590,a5ed32f0-c4cd-4cf6-809e-276d51cc0662,47a3ed5c-d5fd-477b-9789-996228707315,b7367260-9709-4dde-bc90-901bae0fbead,57,1,1,1,00:01:25.833000,"2026-08-10 19:29:30.498462","2026-08-10 19:30:56.410459"
591,84524269-83fe-4bab-96d4-f78fb5e1332d,47a3ed5c-d5fd-477b-9789-996228707315,db82d452-441d-40b5-b291-133c8f97f7a9,56,1,1,1,00:03:03.970000,"2026-08-10 19:29:47.816278","2026-08-10 19:32:52.049983"
592,28f913e0-0440-4825-b142-91a39e91b7d9,47a3ed5c-d5fd-477b-9789-996228707315,569da2b5-dee5-4750-8c40-2d52daa8f3e8,9,1,1,1,00:01:41.887000,"2026-08-10 19:29:55.654660","2026-08-10 19:31:37.617460"
593,3fcf6637-0634-4401-852a-fda63e9a470a,47a3ed5c-d5fd-477b-9789-996228707315,bef29e49-5674-4f50-963d-309ffd256332,53,1,1,1,00:01:17.219000,"2026-08-10 19:30:03.867005","2026-08-10 19:31:20.938691"
594,3083a824-ae73-426a-adbc-ff56868831d7,47a3ed5c-d5fd-477b-9789-996228707315,4a030b47-f04b-496d-b66c-55d9b90a775a,53,1,1,1,00:02:07.118000,"2026-08-10 19:30:07.739250","2026-08-10 19:32:14.915143"
595,b76daa41-5e5b-4512-9e8e-37ff708b43fd,47a3ed5c-d5fd-477b-9789-996228707315,0fa474f6-0cce-4072-a9a6-7b2e09d56e06,66,1,1,1,00:01:28.887000,"2026-08-10 19:30:15.790597","2026-08-10 19:31:44.756512"
596,fed8a370-47ad-44d4-9208-88a9fa5373bd,47a3ed5c-d5fd-477b-9789-996228707315,149e7836-e2df-41e4-bd93-517a28eb7412,50,1,1,1,00:01:12.789000,"2026-08-10 19:30:24.655691","2026-08-10 19:31:37.500750"
597,0b767bfb-7560-4308-a383-7e498a710622,47a3ed5c-d5fd-477b-9789-996228707315,c4108c26-4015-4be2-8e71-2af4760371d4,17,1,1,1,00:01:44.010000,"2026-08-10 19:30:25.314420","2026-08-10 19:32:09.375604"
598,d51979a6-5661-4c4f-a4f2-268d394040d2,47a3ed5c-d5fd-477b-9789-996228707315,de82b6f6-5c0f-47bc-93e9-351390db646d,35,1,1,1,00:01:13.051000,"2026-08-10 19:30:45.402927","2026-08-10 19:31:58.508757"
599,94e79b90-6648-46f0-96d0-32865a9a058f,47a3ed5c-d5fd-477b-9789-996228707315,bbd2547e-432f-48c3-bc10-e847030682fa,79,1,1,1,00:01:52.800000,"2026-08-10 19:31:15.432728","2026-08-10 19:33:08.291753"
600,d787a4fc-434c-43b5-853f-f03a8a10d1f4,47a3ed5c-d5fd-477b-9789-996228707315,b71b99bd-03ff-4915-baac-e9e098b2c48f,31,1,1,1,00:01:41.036000,"2026-08-10 19:31:47.693489","2026-08-10 19:33:28.774395"
601,28f913e0-0440-4825-b142-91a39e91b7d9,47a3ed5c-d5fd-477b-9789-996228707315,9c53d343-60b8-40bd-830d-2e3dfc6616a3,25,1,1,1,00:01:43.331000,"2026-08-10 19:32:00.256061","2026-08-10 19:33:43.647935"
602,d51979a6-5661-4c4f-a4f2-268d394040d2,47a3ed5c-d5fd-477b-9789-996228707315,ce4537b1-4f73-4030-9167-c3cf70647e70,27,1,1,1,00:01:21.767000,"2026-08-10 19:32:19.689948","2026-08-10 19:33:41.510424"
603,78cd55e1-9b8a-424a-8fe6-19bcd747b171,47a3ed5c-d5fd-477b-9789-996228707315,84bc3fa3-eb80-4226-9936-c30334047e61,52,1,1,1,00:01:49.564000,"2026-08-10 19:32:48.345414","2026-08-10 19:34:37.971586"
604,9dd27179-b94b-4937-b1f7-1c30ee2519d0,47a3ed5c-d5fd-477b-9789-996228707315,a5d11941-c90f-48c5-b3ad-b03a9a62e79c,23,1,1,1,00:02:00.970000,"2026-08-10 19:33:47.166978","2026-08-10 19:35:48.366801"
605,e7cf95e5-3dec-45e2-8936-7fd1cdadf0bc,47a3ed5c-d5fd-477b-9789-996228707315,e5a4b348-f039-468e-87bc-92e224806040,31,1,1,1,00:02:19.932000,"2026-08-10 19:34:04.667928","2026-08-10 19:36:24.653031"
606,d51979a6-5661-4c4f-a4f2-268d394040d2,47a3ed5c-d5fd-477b-9789-996228707315,fa698333-45eb-4a64-b870-25f091afab0c,26,1,1,1,00:01:19.461000,"2026-08-10 19:34:07.778400","2026-08-10 19:35:27.297975"
607,28f913e0-0440-4825-b142-91a39e91b7d9,47a3ed5c-d5fd-477b-9789-996228707315,9111b686-1805-4ab4-bc73-caae239e0377,81,1,1,1,00:01:28.973000,"2026-08-10 19:34:22.792603","2026-08-10 19:35:51.812477"
608,78cd55e1-9b8a-424a-8fe6-19bcd747b171,47a3ed5c-d5fd-477b-9789-996228707315,03ac913f-96b7-4c7e-9646-cfffe79d6102,26,1,1,1,00:02:34.536000,"2026-08-10 19:35:19.493524","2026-08-10 19:37:54.077149"
609,0b767bfb-7560-4308-a383-7e498a710622,47a3ed5c-d5fd-477b-9789-996228707315,203c5b0a-1f2d-4a2c-b730-abaf6772c887,82,1,1,1,00:01:33.551000,"2026-08-10 19:35:21.578030","2026-08-10 19:36:55.174855"
610,d51979a6-5661-4c4f-a4f2-268d394040d2,47a3ed5c-d5fd-477b-9789-996228707315,433553f9-efc4-4e4b-88a4-30e29e740181,23,1,1,1,00:01:17.972000,"2026-08-10 19:35:42.507343","2026-08-10 19:37:00.522902"
611,94e79b90-6648-46f0-96d0-32865a9a058f,47a3ed5c-d5fd-477b-9789-996228707315,5ff75711-fee4-4269-8ada-734457cc2a13,35,1,1,1,00:01:03.174000,"2026-08-10 19:35:45.641488","2026-08-10 19:36:48.877898"
612,3083a824-ae73-426a-adbc-ff56868831d7,47a3ed5c-d5fd-477b-9789-996228707315,8067c3fe-3313-40fd-ad9f-084531b2193b,11,1,1,1,00:01:38.293000,"2026-08-10 19:35:46.217010","2026-08-10 19:37:24.567833"
613,b76daa41-5e5b-4512-9e8e-37ff708b43fd,47a3ed5c-d5fd-477b-9789-996228707315,99793b76-ee22-46f0-80b6-933df2e44e42,78,1,1,1,00:01:35.500000,"2026-08-10 19:35:49.928778","2026-08-10 19:37:25.437600"
614,9dd27179-b94b-4937-b1f7-1c30ee2519d0,47a3ed5c-d5fd-477b-9789-996228707315,474fcf26-ed7f-47c6-9d31-15818995b306,83,1,1,1,00:02:10.858000,"2026-08-10 19:36:04.535349","2026-08-10 19:38:15.452143"
615,28f913e0-0440-4825-b142-91a39e91b7d9,47a3ed5c-d5fd-477b-9789-996228707315,c30246c1-bade-4f6c-b48e-d0f0f5759add,29,1,1,1,00:01:31.776000,"2026-08-10 19:36:16.959219","2026-08-10 19:37:48.795034"
616,3083a824-ae73-426a-adbc-ff56868831d7,47a3ed5c-d5fd-477b-9789-996228707315,6eb56d4c-6e22-42cd-a95b-59bf15fc1f9d,56,1,1,1,00:01:23.130000,"2026-08-11 08:36:32.672166","2026-08-11 08:37:55.884984"
617,3083a824-ae73-426a-adbc-ff56868831d7,47a3ed5c-d5fd-477b-9789-996228707315,9516f9be-e7aa-4d6e-8a36-7494488e2a2e,49,1,1,1,00:01:16.935000,"2026-08-11 08:39:39.398760","2026-08-11 08:40:56.424252"
618,7a0598af-431c-47bb-af0c-cfa1e1a9cbd9,47a3ed5c-d5fd-477b-9789-996228707315,4352552c-f58e-42d4-b97f-7f900f920df0,35,1,1,1,00:01:54.702000,"2026-08-11 08:40:47.541721","2026-08-11 08:42:42.311608"
619,ca2b4387-16ad-4409-8d9f-2b635f7fac33,47a3ed5c-d5fd-477b-9789-996228707315,b9a9752a-af10-4bb4-a5c0-56ce63846184,74,1,1,1,00:01:46.262000,"2026-08-11 08:42:11.669225","2026-08-11 08:43:57.984375"
620,073f6768-be74-4de9-8344-0f4dc486dbb8,47a3ed5c-d5fd-477b-9789-996228707315,326dc792-9ed8-494d-a77d-2efc2374ba81,41,1,1,1,00:01:35.114000,"2026-08-11 08:42:23.134010","2026-08-11 08:43:58.306940"
621,8da0a8de-b837-4294-a614-ba7c0106ba76,47a3ed5c-d5fd-477b-9789-996228707315,48829f0f-5f48-4331-ac45-0cbd6d18fbff,48,1,1,1,00:02:29.544000,"2026-08-11 08:43:21.310216","2026-08-11 08:45:50.904375"
622,7a0598af-431c-47bb-af0c-cfa1e1a9cbd9,47a3ed5c-d5fd-477b-9789-996228707315,74c0eca9-5d77-4289-9d53-2d522027d8f0,56,1,1,1,00:01:48.250000,"2026-08-11 08:43:40.553841","2026-08-11 08:45:28.858786"
623,3083a824-ae73-426a-adbc-ff56868831d7,47a3ed5c-d5fd-477b-9789-996228707315,18e6d3a2-7c0b-4875-8887-d8582c7f7335,68,1,1,1,00:01:22.148000,"2026-08-11 08:44:03.971831","2026-08-11 08:45:26.186144"
624,c2cbc175-c3fa-401e-aff0-5dda47e06231,47a3ed5c-d5fd-477b-9789-996228707315,e234d36e-70d1-4f82-93d4-cd13d78708e3,66,1,1,1,00:04:00.856000,"2026-08-11 08:44:20.195359","2026-08-11 08:48:21.549987"
625,ca2b4387-16ad-4409-8d9f-2b635f7fac33,47a3ed5c-d5fd-477b-9789-996228707315,b31767bf-1cfd-4005-b19d-446b3d9ca8d1,78,1,1,1,00:01:24.321000,"2026-08-11 08:44:34.203211","2026-08-11 08:45:58.573226"
626,77b6e777-90df-489d-a37f-01b7d5d58d03,47a3ed5c-d5fd-477b-9789-996228707315,397d5cff-adef-461a-bc62-c5e576e16005,82,1,1,1,00:01:56.662000,"2026-08-11 08:44:53.769993","2026-08-11 08:46:50.484785"
627,3083a824-ae73-426a-adbc-ff56868831d7,47a3ed5c-d5fd-477b-9789-996228707315,1e5b0060-d864-4936-b119-cd4578547f47,25,1,1,1,00:01:12.659000,"2026-08-11 08:46:02.041950","2026-08-11 08:47:14.750196"
628,8da0a8de-b837-4294-a614-ba7c0106ba76,47a3ed5c-d5fd-477b-9789-996228707315,14cad225-9688-4851-9396-68acddce87fa,50,1,1,1,00:01:30.129000,"2026-08-11 08:46:13.854900","2026-08-11 08:47:44.041373"
629,2cc9942f-2595-4093-bf6a-72f6e6d47043,47a3ed5c-d5fd-477b-9789-996228707315,364a988e-7662-473f-b516-51fd8a66030a,68,1,1,1,00:01:54.715000,"2026-08-11 08:46:17.743810","2026-08-11 08:48:12.512929"
630,ca2b4387-16ad-4409-8d9f-2b635f7fac33,47a3ed5c-d5fd-477b-9789-996228707315,87855010-bab8-4462-8453-d9ccc566d197,48,1,1,1,00:01:19.059000,"2026-08-11 08:46:31.670431","2026-08-11 08:47:50.788527"
631,92607b12-f798-4a90-ab46-42fdad700a37,47a3ed5c-d5fd-477b-9789-996228707315,aaefef37-761a-46ac-bf8d-2e6de5b32488,25,1,1,1,00:02:12.219000,"2026-08-11 08:46:46.592666","2026-08-11 08:48:58.834586"
632,77b6e777-90df-489d-a37f-01b7d5d58d03,47a3ed5c-d5fd-477b-9789-996228707315,db06950c-073a-472e-9434-388d927d5832,63,1,1,1,00:01:19.764000,"2026-08-11 08:47:12.032453","2026-08-11 08:48:31.835299"
633,3083a824-ae73-426a-adbc-ff56868831d7,47a3ed5c-d5fd-477b-9789-996228707315,53b7ac1b-6089-4386-8ad9-f3ee50fd9c9f,67,1,1,1,00:01:18.177000,"2026-08-11 08:47:45.183280","2026-08-11 08:49:03.418482"
634,ca2b4387-16ad-4409-8d9f-2b635f7fac33,47a3ed5c-d5fd-477b-9789-996228707315,c6700bbb-9dd2-4629-aa3c-e75965e1d94e,54,1,1,1,00:01:13.320000,"2026-08-11 08:48:04.998254","2026-08-11 08:49:18.440613"
635,8da0a8de-b837-4294-a614-ba7c0106ba76,47a3ed5c-d5fd-477b-9789-996228707315,dadd7d5f-6299-4737-ac94-0e9f506757a7,26,1,1,1,00:01:40.768000,"2026-08-11 08:48:05.632801","2026-08-11 08:49:46.464226"
636,073f6768-be74-4de9-8344-0f4dc486dbb8,47a3ed5c-d5fd-477b-9789-996228707315,ce9e8ce9-c418-4bc2-9055-f513ed79f01e,79,1,1,1,00:01:06.234000,"2026-08-11 08:48:06.723212","2026-08-11 08:49:13.010227"
637,2cc9942f-2595-4093-bf6a-72f6e6d47043,47a3ed5c-d5fd-477b-9789-996228707315,c7f7fded-18a8-4c98-8030-819594f6cfc4,25,1,1,1,00:01:28.301000,"2026-08-11 08:48:46.688461","2026-08-11 08:50:15.051403"
638,77b6e777-90df-489d-a37f-01b7d5d58d03,47a3ed5c-d5fd-477b-9789-996228707315,e1318559-d971-4fe7-a3c4-33b210cbcf95,53,1,1,1,00:01:23.245000,"2026-08-11 08:48:48.050194","2026-08-11 08:50:11.342690"
639,c2cbc175-c3fa-401e-aff0-5dda47e06231,47a3ed5c-d5fd-477b-9789-996228707315,1e0ed7f8-a861-4148-b5fe-1790cd3399f6,44,1,1,1,00:03:36.306000,"2026-08-11 08:48:48.110583","2026-08-11 08:52:24.895229"
640,92607b12-f798-4a90-ab46-42fdad700a37,47a3ed5c-d5fd-477b-9789-996228707315,5beb50d9-3d83-4b03-8ab5-2f516e6db73e,41,1,1,1,00:01:26.498000,"2026-08-11 08:49:31.641176","2026-08-11 08:50:58.194506"
641,ca2b4387-16ad-4409-8d9f-2b635f7fac33,47a3ed5c-d5fd-477b-9789-996228707315,0932f170-8bf9-4f36-850c-e29c1ba1b744,9,1,1,1,00:01:05.962000,"2026-08-11 08:49:37.302614","2026-08-11 08:50:43.316504"
642,8da0a8de-b837-4294-a614-ba7c0106ba76,47a3ed5c-d5fd-477b-9789-996228707315,3231b5a3-98f1-422a-98c7-3e180b8fddf0,77,1,1,1,00:01:28.265000,"2026-08-11 08:50:04.715351","2026-08-11 08:51:33.033572"
643,77b6e777-90df-489d-a37f-01b7d5d58d03,47a3ed5c-d5fd-477b-9789-996228707315,7a5945da-f3c0-4df8-8ead-ddb334e11390,75,1,1,1,00:01:26.151000,"2026-08-11 08:50:27.693470","2026-08-11 08:51:53.912391"
644,8da0a8de-b837-4294-a614-ba7c0106ba76,47a3ed5c-d5fd-477b-9789-996228707315,9b898c50-d01e-4558-a542-0e83495580b2,37,1,1,1,00:01:29.780000,"2026-08-11 08:52:02.128544","2026-08-11 08:53:31.964929"
645,77b6e777-90df-489d-a37f-01b7d5d58d03,47a3ed5c-d5fd-477b-9789-996228707315,696ea738-7dea-4c27-818e-60c5491b2a01,68,1,1,1,00:01:16.262000,"2026-08-11 08:52:10.405956","2026-08-11 08:53:26.717893"
646,92607b12-f798-4a90-ab46-42fdad700a37,47a3ed5c-d5fd-477b-9789-996228707315,8e8330f3-8664-45a9-8df2-0a6ebee08c22,33,1,1,1,00:01:27.698000,"2026-08-11 08:52:17.739951","2026-08-11 08:53:45.491068"
647,2cc9942f-2595-4093-bf6a-72f6e6d47043,47a3ed5c-d5fd-477b-9789-996228707315,86f5e485-874a-47e7-a2c7-5d105739c8a5,78,1,1,1,00:02:11.723000,"2026-08-11 08:52:50.944777","2026-08-11 08:55:02.715806"
648,c2cbc175-c3fa-401e-aff0-5dda47e06231,47a3ed5c-d5fd-477b-9789-996228707315,2e2f427f-35f2-4906-87eb-c0bed6b3e8f6,82,1,1,1,00:03:53.508000,"2026-08-11 08:53:19.435976","2026-08-11 08:57:13.961388"
649,77b6e777-90df-489d-a37f-01b7d5d58d03,47a3ed5c-d5fd-477b-9789-996228707315,af77e381-0286-4152-9d95-6e7f757074bf,35,1,1,1,00:01:16.742000,"2026-08-11 08:53:45.100163","2026-08-11 08:55:01.897507"
650,8da0a8de-b837-4294-a614-ba7c0106ba76,47a3ed5c-d5fd-477b-9789-996228707315,7eea4872-fcf5-4ae0-a294-51451f611568,44,1,1,1,00:01:18.082000,"2026-08-11 08:53:47.637756","2026-08-11 08:55:05.882249"
651,92607b12-f798-4a90-ab46-42fdad700a37,47a3ed5c-d5fd-477b-9789-996228707315,7b4e83f5-da40-4c10-bc3a-9900fcd06a6b,29,1,1,1,00:01:15.865000,"2026-08-11 08:54:10.385365","2026-08-11 08:55:26.286587"
652,77b6e777-90df-489d-a37f-01b7d5d58d03,47a3ed5c-d5fd-477b-9789-996228707315,0feae2a9-5b41-403f-91e7-7e7d7fc5230f,38,1,1,1,00:01:35.169000,"2026-08-11 08:55:18.576388","2026-08-11 08:56:53.781478"
653,8da0a8de-b837-4294-a614-ba7c0106ba76,47a3ed5c-d5fd-477b-9789-996228707315,4640fc23-ede3-43a6-ba1d-44c00d5fa993,53,1,1,1,00:01:22.735000,"2026-08-11 08:55:20.064355","2026-08-11 08:56:42.868566"
654,2cc9942f-2595-4093-bf6a-72f6e6d47043,47a3ed5c-d5fd-477b-9789-996228707315,68f3da3e-bd97-4b77-a3cd-23747bb9bb34,38,1,1,1,00:01:33.959000,"2026-08-11 08:55:45.714686","2026-08-11 08:57:19.722146"
655,92607b12-f798-4a90-ab46-42fdad700a37,47a3ed5c-d5fd-477b-9789-996228707315,e8e41fcb-f93f-42dd-a1a4-96c271922c86,44,1,1,1,00:01:15.189000,"2026-08-11 08:55:59.103498","2026-08-11 08:57:14.333374"
656,8da0a8de-b837-4294-a614-ba7c0106ba76,47a3ed5c-d5fd-477b-9789-996228707315,e8d96dba-5d03-47b1-acf3-5db478e7d201,35,1,1,1,00:01:35.041000,"2026-08-11 08:56:58.770946","2026-08-11 08:58:33.875258"
657,f9899d35-efea-4149-b9c9-1503dd883c06,47a3ed5c-d5fd-477b-9789-996228707315,5dff8fbf-7d4c-48d8-a925-ae238a63e2fb,78,1,1,1,00:01:23.638000,"2026-08-11 08:57:16.134386","2026-08-11 08:58:39.820681"
658,77b6e777-90df-489d-a37f-01b7d5d58d03,47a3ed5c-d5fd-477b-9789-996228707315,af8420b8-0024-4899-8ea0-2f5ebf1ab28a,50,1,1,1,00:01:15.833000,"2026-08-11 08:57:18.666928","2026-08-11 08:58:34.566834"
659,c2cbc175-c3fa-401e-aff0-5dda47e06231,47a3ed5c-d5fd-477b-9789-996228707315,de705de0-5a3a-44e6-828f-cbd69d68f463,63,1,1,1,00:03:02.530000,"2026-08-11 08:57:38.622212","2026-08-11 09:00:41.213523"
660,ca2b4387-16ad-4409-8d9f-2b635f7fac33,47a3ed5c-d5fd-477b-9789-996228707315,fbabbe0d-8775-4937-8e6f-25b4bbb84695,11,1,1,1,00:01:14.016000,"2026-08-11 08:57:39.663063","2026-08-11 08:58:53.729507"
661,92607b12-f798-4a90-ab46-42fdad700a37,47a3ed5c-d5fd-477b-9789-996228707315,1836a76c-93c8-4187-aabd-ad4fb3981bc9,78,1,1,1,00:01:23.998000,"2026-08-11 08:57:52.107001","2026-08-11 08:59:16.145178"
662,f9899d35-efea-4149-b9c9-1503dd883c06,47a3ed5c-d5fd-477b-9789-996228707315,38af81ed-43ea-4c5d-9c04-e112da5aebea,44,1,1,1,00:01:23.021000,"2026-08-11 08:58:55.116673","2026-08-11 09:00:18.183373"
663,ca2b4387-16ad-4409-8d9f-2b635f7fac33,47a3ed5c-d5fd-477b-9789-996228707315,f3186982-0318-49fc-b69f-a90e413f5306,44,1,1,1,00:01:04.324000,"2026-08-11 08:59:13.662917","2026-08-11 09:00:18.051462"
664,92607b12-f798-4a90-ab46-42fdad700a37,47a3ed5c-d5fd-477b-9789-996228707315,7bf1a2d9-0c9e-41dd-a2ca-843c6ed38a40,68,1,1,1,00:01:23.974000,"2026-08-11 08:59:47.068115","2026-08-11 09:01:11.094649"
665,f9899d35-efea-4149-b9c9-1503dd883c06,47a3ed5c-d5fd-477b-9789-996228707315,33962193-1963-4f82-9dab-c73a88ccdc1a,79,1,1,1,00:01:17.671000,"2026-08-11 09:00:38.697823","2026-08-11 09:01:56.412047"
666,c2cbc175-c3fa-401e-aff0-5dda47e06231,47a3ed5c-d5fd-477b-9789-996228707315,7bd9ed7c-cfaf-4cc8-b3a2-22d0d4729850,26,1,1,1,00:03:00.884000,"2026-08-11 09:01:15.380267","2026-08-11 09:04:16.287735"
667,92607b12-f798-4a90-ab46-42fdad700a37,47a3ed5c-d5fd-477b-9789-996228707315,53d6c540-4f2f-4495-8f23-f24f92d555af,79,1,1,1,00:01:21.160000,"2026-08-11 09:01:46.151033","2026-08-11 09:03:07.382182"
668,c2cbc175-c3fa-401e-aff0-5dda47e06231,47a3ed5c-d5fd-477b-9789-996228707315,4415ada0-6d8e-454b-b03f-4bd044dfe135,79,1,1,1,00:01:58.915000,"2026-08-11 09:04:42.904544","2026-08-11 09:06:41.887662"
669,2cc9942f-2595-4093-bf6a-72f6e6d47043,47a3ed5c-d5fd-477b-9789-996228707315,1034d77f-315e-47eb-8a11-74b2b01a464a,50,1,1,1,00:01:14.193000,"2026-08-11 09:04:43.617464","2026-08-11 09:05:57.878210"
670,2cc9942f-2595-4093-bf6a-72f6e6d47043,47a3ed5c-d5fd-477b-9789-996228707315,99c48f68-b560-4be5-848a-3581df529a2d,79,1,1,1,00:01:19.822000,"2026-08-11 09:06:18.921434","2026-08-11 09:07:38.812435"
671,c2cbc175-c3fa-401e-aff0-5dda47e06231,47a3ed5c-d5fd-477b-9789-996228707315,c0cde7ca-8ee8-4925-b68e-530e6207368b,9,1,1,1,00:02:01.846000,"2026-08-11 09:07:00.874224","2026-08-11 09:09:02.785840"
672,c2cbc175-c3fa-401e-aff0-5dda47e06231,47a3ed5c-d5fd-477b-9789-996228707315,510d07fc-75ba-4aa2-90de-6b20e9e1bf59,50,1,1,1,00:02:44.170000,"2026-08-11 09:09:46.517545","2026-08-11 09:12:30.741648"
673,2cc9942f-2595-4093-bf6a-72f6e6d47043,47a3ed5c-d5fd-477b-9789-996228707315,4c8fd6cb-f75a-47a9-bfdd-254a1c8dde3a,47,1,1,1,00:01:39.339000,"2026-08-11 09:11:12.943265","2026-08-11 09:12:52.337160"
674,2cc9942f-2595-4093-bf6a-72f6e6d47043,47a3ed5c-d5fd-477b-9789-996228707315,83d44187-fa67-4e4e-9d68-70ca8ebb4419,37,1,1,1,00:01:23.688000,"2026-08-11 09:13:18.364403","2026-08-11 09:14:42.139809"
675,3fcf6637-0634-4401-852a-fda63e9a470a,47a3ed5c-d5fd-477b-9789-996228707315,c4e6986c-fd18-4b34-8c5d-018fb4542de5,74,1,1,1,00:01:28.789000,"2026-08-11 09:17:37.331243","2026-08-11 09:19:06.169474"
676,ca2b4387-16ad-4409-8d9f-2b635f7fac33,47a3ed5c-d5fd-477b-9789-996228707315,8c476042-a8e9-4a30-bd68-e2c15e731887,37,1,1,1,00:01:08.866000,"2026-08-11 09:17:53.556767","2026-08-11 09:19:02.642923"
677,e6a6e9d7-bf0c-418d-9903-b582d912ff6c,47a3ed5c-d5fd-477b-9789-996228707315,bafe58eb-eb2e-4505-b2e0-dbbc07867774,47,1,1,1,00:01:55.688000,"2026-08-11 09:19:55.956451","2026-08-11 09:21:51.732949"
678,e6a6e9d7-bf0c-418d-9903-b582d912ff6c,47a3ed5c-d5fd-477b-9789-996228707315,8b569500-5270-47b7-be42-b9a6c1c904d7,26,1,1,1,00:01:07.876000,"2026-08-11 09:22:39.610400","2026-08-11 09:23:47.543464"
679,a16a092e-4f6d-4205-84d1-179d51ba833e,47a3ed5c-d5fd-477b-9789-996228707315,d1c35753-3ae8-44c0-a3db-fb50e8e3129c,61,1,1,1,00:01:22.369000,"2026-08-11 09:37:53.476576","2026-08-11 09:39:15.907425"
680,a16a092e-4f6d-4205-84d1-179d51ba833e,47a3ed5c-d5fd-477b-9789-996228707315,95741391-bdf6-40b9-b736-055304ab21bc,33,1,1,1,00:01:29.953000,"2026-08-11 09:44:25.351254","2026-08-11 09:45:55.357718"
