file_path,present_word,absent_word,predicted_word,probability_generated_text,is_correct,feature,test_type,talker,condition,hash
data/audio/level_normalized_26dbfs_w_concat_carrier_phrase_2/B4_nac/cop_cap_edge_wad_chop_duke.wav,duke,dupe,duke,0.968770384788513,1,Compactness,final,f2,B4_nac,a21e24c341e2d96e5f7d4bde55654c5b
data/audio/level_normalized_26dbfs_w_concat_carrier_phrase_2/B5_asr_bn/yield_duke_rod_wad_dip_mode.wav,mode,moan,mode,0.95758444070816,1,Nasality,final,f1,B5_asr_bn,e215591e6fc6d6501b68567c0f835c64
data/audio/level_normalized_26dbfs_w_concat_carrier_phrase_2/clean/English/test-data/bob_cop_you_met_brawn_bib.wav,bib,big,bib,0.999994158744812,1,Compactness,final,f1,clean,6111fd52198b40ac989a1b9bfb11691a
data/audio/level_normalized_26dbfs_w_concat_carrier_phrase_2/B2_mcadams/rib_pack_tick_bomb_patch_noon.wav,noon,nude,noon,0.999997735023499,1,Nasality,final,m1,B2_mcadams,22c1bb864f44ffe50b32e0373a48c03f
data/audio/level_normalized_26dbfs_w_concat_carrier_phrase_2/B3_sttts/so_troth_rich_guilt_vole_gin.wav,gin,chin,gin,0.99999737739563,1,Voicing,initial,m1,B3_sttts,51cbd835feb48dcc0fcc78ae407a4275
data/audio/level_normalized_26dbfs_w_concat_carrier_phrase_2/B4_nac/chew_lib_peg_dip_thee_rim.wav,rim,rib,rim,0.970628380775452,1,Nasality,final,m2,B4_nac,93a57461b7e532ed6c86e1946de82758
data/audio/level_normalized_26dbfs_w_concat_carrier_phrase_2/B5_asr_bn/choose_notch_dot_trough_foal_bed.wav,bed,beg,bed,0.99991762638092,1,Compactness,final,f2,B5_asr_bn,2f39ef42a80b19270f510eb94bfe7a52
data/audio/level_normalized_26dbfs_w_concat_carrier_phrase_2/clean/English/test-data/wreath_moan_egg_thong_rap_nog.wav,nog,knob,nog,0.997841000556946,1,Compactness,final,m1,clean,4ece919c0ce6913995df6758eee89933
data/audio/level_normalized_26dbfs_w_concat_carrier_phrase_2/B2_mcadams/jaws_than_shin_neck_dan_teak.wav,teak,peak,teak,0.571173191070557,1,Graveness,initial,m1,B2_mcadams,c5a748ca2d6a1991c1e29c3a299fcc84
data/audio/level_normalized_26dbfs_w_concat_carrier_phrase_2/B3_sttts/though_moan_bong_keg_thee_wed.wav,wed,web,wed,0.999675631523132,1,Graveness,final,m1,B3_sttts,46a6c1b8a91233d7b8c3a4965c2d981e
data/audio/level_normalized_26dbfs_w_concat_carrier_phrase_2/B4_nac/nip_thin_deck_tick_back_meat.wav,meat,beat,meat,0.988738298416138,1,Nasality,initial,m1,B4_nac,79fe75ca8c3ecc1865d4c7bff4de6ca4
data/audio/level_normalized_26dbfs_w_concat_carrier_phrase_2/B5_asr_bn/flog_oat_go_joe_seed_myth.wav,myth,miss,myth,0.999269783496857,1,Sibilation,final,m1,B5_asr_bn,9d4d04d55d302d43c9216a1723dea4fc
data/audio/level_normalized_26dbfs_w_concat_carrier_phrase_2/clean/English/test-data/moot_sheet_loon_broke_sue_loop.wav,loop,lube,loop,0.999981999397278,1,Voicing,final,m2,clean,3c850f3eb20d669d3167c83dccafa832
data/audio/level_normalized_26dbfs_w_concat_carrier_phrase_2/B2_mcadams/chop_wed_bad_bong_rue_live.wav,live,lib,live,0.99999988079071,1,Sustention,final,m1,B2_mcadams,2a5d2ddc09b83402620e5eb01a1584b7
data/audio/level_normalized_26dbfs_w_concat_carrier_phrase_2/B3_sttts/pack_sheave_flog_jaws_than_oat.wav,oat,oak,oat,0.9995197057724,1,Compactness,final,f2,B3_sttts,35752a2c6099990c81cd00d4678ae5c3
data/audio/level_normalized_26dbfs_w_concat_carrier_phrase_2/B4_nac/notch_vox_dan_jaws_than_seed.wav,seed,seethe,seed,0.999995589256287,1,Sustention,final,m1,B4_nac,8bd8bd24ffcf8475b5849eb0f9fc7728
data/audio/level_normalized_26dbfs_w_concat_carrier_phrase_2/B5_asr_bn/rue_bag_sheet_bean_teak_bob.wav,bob,bomb,bob,0.999956965446472,1,Nasality,final,m2,B5_asr_bn,66a795b4d2bd61db5bdf34c4d7d5d70c
data/audio/TTS_Qwen/boot_Ryan.wav,boot,moot,boot,0.999998331069946,1,Nasality,initial,TTS_Ryan,TTS_Qwen,ad41cf9a38982082006f64c782badf02
data/audio/level_normalized_26dbfs_w_concat_carrier_phrase_2/clean/English/test-data/zoo_deck_patch_myth_oat_bat.wav,bat,gat,bat,1.0,1,Compactness,initial,f2,clean,cd57e5d306845ff9327f3642afe4c434
data/audio/level_normalized_26dbfs_w_concat_carrier_phrase_2/B2_mcadams/bob_rap_loom_tong_care_lube.wav,lube,loop,lube,0.99489563703537,1,Voicing,final,f1,B2_mcadams,628dddc2279f7e25132e1967dd3d22e2
data/audio/level_normalized_26dbfs_w_concat_carrier_phrase_2/B3_sttts/than_sheaf_meat_care_oat_gawp.wav,gawp,goff,gawp,0.893882036209106,1,Sustention,final,f1,B3_sttts,3918c6c17940038b59a9141bdea78829
data/audio/level_normalized_26dbfs_w_concat_carrier_phrase_2/B4_nac/wed_moan_thong_nog_tong_reef.wav,reef,wreath,reef,0.974374890327454,1,Graveness,final,f2,B4_nac,ef9cda4a2d7a75ce1dfd618c7f8754ce
data/audio/level_normalized_26dbfs_w_concat_carrier_phrase_2/B5_asr_bn/lube_broke_dock_bed_seethe_bong.wav,bong,dong,bong,0.999410033226013,1,Graveness,initial,m2,B5_asr_bn,c6e81781c7daf345d3987aee22212161
data/audio/level_normalized_26dbfs_w_concat_carrier_phrase_2/clean/English/test-data/dot_loss_shin_moss_broke_gin.wav,gin,chin,gin,0.999991536140442,1,Voicing,initial,f1,clean,8b0fec9c0e55d3af0c8396d9ba2b8273
data/audio/level_normalized_26dbfs_w_concat_carrier_phrase_2/B5_asr_bn/wed_strobe_clash_big_bean_knock.wav,knock,notch,knock,0.99999725818634,1,Sibilation,final,m1,B5_asr_bn,e3a11a18f5efefd6349d4a90f139c396
data/audio/level_normalized_26dbfs_w_concat_carrier_phrase_2/clean/English/test-data/sues_breeze_bean_dense_dong_wreath.wav,wreath,reef,wreath,0.999999761581421,1,Graveness,final,f2,clean,7c731b7085ceea14c15f8ddb99fb5b93
data/audio/level_normalized_26dbfs_w_concat_carrier_phrase_2/B2_mcadams/thong_peen_mode_coo_lib_hodge.wav,hodge,hotch,hotch,0.521722435951233,0,Voicing,final,f2,B2_mcadams,19329808fac62fe7823da410d1f32cdb
data/audio/level_normalized_26dbfs_w_concat_carrier_phrase_2/B3_sttts/sheaf_teak_sheave_hit_peak_myth.wav,myth,miss,miss,0.972883582115173,0,Sibilation,final,f1,B3_sttts,638c377348884d51dde20a86c7ef80f8
data/audio/level_normalized_26dbfs_w_concat_carrier_phrase_2/B4_nac/trough_fence_than_laws_thank_though.wav,though,dough,though,0.999859571456909,1,Sustention,initial,f2,B4_nac,22a52306444cae22e8adae89e3c15c18
data/audio/level_normalized_26dbfs_w_concat_carrier_phrase_2/B5_asr_bn/joe_rib_patch_thick_thor_hit.wav,hit,fit,hit,0.999967575073242,1,Compactness,initial,m1,B5_asr_bn,a9d2b52afbe4f097e6366c9fddf2a0c7
data/audio/level_normalized_26dbfs_w_concat_carrier_phrase_2/clean/English/test-data/bob_hot_flawed_teak_mad_nude.wav,nude,noon,nude,1.0,1,Nasality,final,f1,clean,e90df358ea186ab77fa67b3b566985fb
data/audio/level_normalized_26dbfs_w_concat_carrier_phrase_2/B2_mcadams/loathe_net_sheaf_sue_miss_ref.wav,ref,rev,ref,0.99935108423233,1,Voicing,final,m2,B2_mcadams,8a8d8fb279b067ef43b3e20d24fc76c6
data/audio/level_normalized_26dbfs_w_concat_carrier_phrase_2/B3_sttts/yield_shoes_shin_chair_dupe_boss.wav,boss,moss,boss,0.999829888343811,1,Nasality,initial,f1,B3_sttts,e1ac430d76ca215b92da6026482f9d6c
data/audio/level_normalized_26dbfs_w_concat_carrier_phrase_2/B4_nac/neck_sue_ref_meat_flawed_moss.wav,moss,boss,moss,0.99962592124939,1,Nasality,initial,m2,B4_nac,7e4e3c4e795a1ed94c29354ac6159151
data/audio/level_normalized_26dbfs_w_concat_carrier_phrase_2/B5_asr_bn/jilt_fin_foal_fore_thor_ridge.wav,ridge,rich,ridge,0.99573141336441,1,Voicing,final,f1,B5_asr_bn,e4c16286f51c3c49bff0ae33b44ee6bc
data/audio/TTS_Qwen/rib_Ryan.wav,rib,rim,rib,0.99996030330658,1,Nasality,final,TTS_Ryan,TTS_Qwen,cf5d8aa182da26f7176d0cf910c9bccd
data/audio/level_normalized_26dbfs_w_concat_carrier_phrase_2/clean/English/test-data/shim_zee_chin_shin_duke_got.wav,got,dot,got,0.999967217445374,1,Compactness,initial,f2,clean,4c16a3f1e0d5694176d00d369e3096b9
data/audio/level_normalized_26dbfs_w_concat_carrier_phrase_2/B2_mcadams/tick_zee_taunt_breeze_seed_fence.wav,fence,pence,fence,1.0,1,Sustention,initial,f2,B2_mcadams,002ac16f0538920d6293843b66a1527a
data/audio/level_normalized_26dbfs_w_concat_carrier_phrase_2/B3_sttts/jilt_gross_so_thin_trough_moot.wav,moot,boot,moot,0.999998927116394,1,Nasality,initial,m2,B3_sttts,3edecf71baae9ef1744e6dc81ac283ce
data/audio/level_normalized_26dbfs_w_concat_carrier_phrase_2/B4_nac/cap_screed_zee_seek_seethe_cheat.wav,cheat,sheet,cheat,0.999996781349182,1,Sustention,initial,f1,B4_nac,1c894d3b7222df6bf33f945305bc507c
data/audio/level_normalized_26dbfs_w_concat_carrier_phrase_2/B5_asr_bn/foal_wad_mad_rim_nip_lib.wav,lib,live,lib,0.997767210006714,1,Sustention,final,f2,B5_asr_bn,b7f2e7a41f2725916f16e145051cb77d
data/audio/level_normalized_26dbfs_w_concat_carrier_phrase_2/clean/English/test-data/so_troth_rich_guilt_vole_gin.wav,gin,chin,gin,0.99999988079071,1,Voicing,initial,m1,clean,1a46ade167bd5d5920a5212cc029706e
data/audio/level_normalized_26dbfs_w_concat_carrier_phrase_2/B2_mcadams/lube_hot_flesh_tool_than_meat.wav,meat,beat,meat,0.999974608421326,1,Nasality,initial,f1,B2_mcadams,6cea587e11eba569dda2b8ebcb1e61fd
data/audio/level_normalized_26dbfs_w_concat_carrier_phrase_2/B3_sttts/bib_sank_taunt_thin_goop_wroth.wav,wroth,ross,wroth,0.993399500846863,1,Sibilation,final,f2,B3_sttts,1f5f868c60ef4008bdaa11c8bdbe3f9b
data/audio/level_normalized_26dbfs_w_concat_carrier_phrase_2/B4_nac/cop_bed_growth_goop_knock_foal.wav,foal,vole,foal,0.999915361404419,1,Voicing,initial,m1,B4_nac,b0a9bf3a91695bc84f7a30a457b019a0
data/audio/level_normalized_26dbfs_w_concat_carrier_phrase_2/B5_asr_bn/oat_jaws_hop_thee_loop_broke.wav,broke,brogue,broke,0.939480602741241,1,Voicing,final,m1,B5_asr_bn,2499a738606239c623d8eabf64034aa1
data/audio/level_normalized_26dbfs_w_concat_carrier_phrase_2/clean/English/test-data/beg_rue_laws_wed_wad_dough.wav,dough,though,dough,0.999501943588257,1,Sustention,initial,m1,clean,75dacc2b7b2fe87523482b5c9043b1a7
data/audio/level_normalized_26dbfs_w_concat_carrier_phrase_2/B2_mcadams/moan_breeze_wield_brogue_peen_wad.wav,wad,rod,wad,0.999998331069946,1,Graveness,initial,m1,B2_mcadams,f28ca37b75d3305239aa16d86b4b7121
data/audio/level_normalized_26dbfs_w_concat_carrier_phrase_2/B3_sttts/so_knob_bank_class_foal_lib.wav,lib,live,lib,0.998816967010498,1,Sustention,final,m2,B3_sttts,798c6084a43a8004809f3e05154adee3
data/audio/level_normalized_26dbfs_w_concat_carrier_phrase_2/B4_nac/fad_back_boss_wroth_seethe_cheat.wav,cheat,sheet,cheat,0.999999165534973,1,Sustention,initial,f2,B4_nac,deb46ad323e0a3638442ed24c1c99f2e
data/audio/level_normalized_26dbfs_w_concat_carrier_phrase_2/B5_asr_bn/bib_gem_ross_bat_goff_class.wav,class,clash,class,0.999971866607666,1,Compactness,final,m2,B5_asr_bn,297dd177dde54fe505d0dc5820fd68ca
data/audio/level_normalized_26dbfs_w_concat_carrier_phrase_2/clean/English/test-data/though_fin_thank_fence_laws_gin.wav,gin,chin,gin,0.996591806411743,1,Voicing,initial,f2,clean,d3c9b77ddaaa434e7c5f880d184b3d6c
data/audio/level_normalized_26dbfs_w_concat_carrier_phrase_2/B2_mcadams/flog_joe_beat_fit_gauze_sheave.wav,sheave,sheaf,sheave,0.944837987422943,1,Voicing,final,f1,B2_mcadams,0f295e1ffb8d3109eff7f40bb29aa4ab
data/audio/level_normalized_26dbfs_w_concat_carrier_phrase_2/B3_sttts/bat_slob_sheet_sank_thick_clash.wav,clash,class,clash,0.999999761581421,1,Compactness,final,f1,B3_sttts,d6c8439cf3c4a1ef73a9510383c06b0b
data/audio/level_normalized_26dbfs_w_concat_carrier_phrase_2/B4_nac/keg_dupe_egg_lib_moan_peen.wav,peen,bean,peen,0.763527929782867,1,Voicing,initial,m2,B4_nac,9090428fd4f04c20133d553d6337c1b3
data/audio/level_normalized_26dbfs_w_concat_carrier_phrase_2/B5_asr_bn/gross_growth_show_jilt_so_strobe.wav,strobe,strode,strobe,0.649906396865845,1,Graveness,final,f1,B5_asr_bn,2dc8507f8860525f8d018e798e17e7ad
data/audio/TTS_Qwen/hit_Ryan.wav,hit,fit,hit,0.999965190887451,1,Compactness,initial,TTS_Ryan,TTS_Qwen,5378a720551232ac975482e5c8837f0c
data/audio/level_normalized_26dbfs_w_concat_carrier_phrase_2/clean/English/test-data/chop_wed_bad_bong_rue_live.wav,live,lib,live,0.999998569488525,1,Sustention,final,m1,clean,31dd63182449144bcf870378493ecec8
data/audio/level_normalized_26dbfs_w_concat_carrier_phrase_2/B2_mcadams/hit_sheave_zoo_bat_deck_miss.wav,miss,myth,miss,0.999879479408264,1,Sibilation,final,f2,B2_mcadams,4afb6b44e8aeea35712d2c4abf04c53a
data/audio/level_normalized_26dbfs_w_concat_carrier_phrase_2/B3_sttts/hodge_though_keg_dough_wreath_dupe.wav,dupe,duke,dupe,0.999713599681854,1,Compactness,final,f2,B3_sttts,f241e64dbae7b696751f3f00f49dbbd4
data/audio/level_normalized_26dbfs_w_concat_carrier_phrase_2/B4_nac/egg_loop_mode_lube_chew_peg.wav,peg,keg,peg,1.0,1,Compactness,initial,f2,B4_nac,fd0d759f786181d3e8048fbd1e159868
data/audio/level_normalized_26dbfs_w_concat_carrier_phrase_2/B5_asr_bn/bad_chew_lube_egg_peg_mode.wav,mode,moan,mode,0.997103869915009,1,Nasality,final,f2,B5_asr_bn,09d85b71ed30a6a5f5204c03806dff85
data/audio/level_normalized_26dbfs_w_concat_carrier_phrase_2/clean/English/test-data/cop_cap_edge_wad_chop_duke.wav,duke,dupe,duke,0.777264893054962,1,Compactness,final,f2,clean,426a18de33f6612d92d11d4d0cf5f858
data/audio/level_normalized_26dbfs_w_concat_carrier_phrase_2/B2_mcadams/coo_wad_thong_dupe_edge_egg.wav,egg,edge,egg,0.999894261360168,1,Sibilation,final,f1,B2_mcadams,a3af63a8278a315c0f2ffba7f1f9ad2e
data/audio/level_normalized_26dbfs_w_concat_carrier_phrase_2/B3_sttts/reef_tool_rod_bad_hotch_tense.wav,tense,dense,tense,0.991554915904999,1,Voicing,initial,m2,B3_sttts,54a6fe6c11daf5766353e8565fa036f5
data/audio/level_normalized_26dbfs_w_concat_carrier_phrase_2/B4_nac/fin_seek_bed_foal_broke_gawp.wav,gawp,goff,gawp,0.802939355373383,1,Sustention,final,f2,B4_nac,c1910d5e6b6e5cd3c412ab13f527dbe4
data/audio/level_normalized_26dbfs_w_concat_carrier_phrase_2/B5_asr_bn/goop_oak_thee_nip_bank_go.wav,go,joe,go,1.0,1,Sibilation,initial,f1,B5_asr_bn,a234f90ded3d971fea14dec4f81b85f9
data/audio/level_normalized_26dbfs_w_concat_carrier_phrase_2/clean/English/test-data/wreath_bed_bad_wed_lib_caught.wav,caught,taught,caught,0.999985814094543,1,Compactness,initial,m1,clean,8e0ad8ea17c794581b2afb62734d2bc1
data/audio/level_normalized_26dbfs_w_concat_carrier_phrase_2/B2_mcadams/rue_bag_sheet_bean_teak_bob.wav,bob,bomb,bob,0.999977350234985,1,Nasality,final,m2,B2_mcadams,44bf2abf51c2682f7510416e960c6168
data/audio/level_normalized_26dbfs_w_concat_carrier_phrase_2/B3_sttts/bank_rich_slob_sheet_jeb_class.wav,class,clash,class,0.999956727027893,1,Compactness,final,f2,B3_sttts,fe57e9e3e6bbb2c06e104c8ef0bebe37
data/audio/level_normalized_26dbfs_w_concat_carrier_phrase_2/B4_nac/yield_shoes_shin_chair_dupe_boss.wav,boss,moss,boss,0.999999642372131,1,Nasality,initial,f1,B4_nac,6561e89809202693b2729ad66407e243
data/audio/level_normalized_26dbfs_w_concat_carrier_phrase_2/B5_asr_bn/fin_seek_bed_foal_broke_gawp.wav,gawp,goff,gawp,0.994649350643158,1,Sustention,final,f2,B5_asr_bn,9b3e058b021bbb75d96cb505034afb59
data/audio/level_normalized_26dbfs_w_concat_carrier_phrase_2/clean/English/test-data/seep_net_jaws_bat_loss_daunt.wav,daunt,taunt,daunt,0.999654412269592,1,Voicing,initial,f1,clean,d94cea6359843eaf702aff38ff5b45ba
data/audio/level_normalized_26dbfs_w_concat_carrier_phrase_2/B2_mcadams/zoo_deck_patch_myth_oat_bat.wav,bat,gat,bat,0.999999642372131,1,Compactness,initial,f2,B2_mcadams,54a26f947c9138278d79a0918c1b6e41
data/audio/level_normalized_26dbfs_w_concat_carrier_phrase_2/B3_sttts/rich_net_back_pond_teak_patch.wav,patch,pack,pack,0.72510302066803,0,Sibilation,final,m2,B3_sttts,7fd6dd49e4dce79f9db0e2cc64eaafa6
data/audio/level_normalized_26dbfs_w_concat_carrier_phrase_2/B4_nac/guilt_screen_foal_big_jeb_growth.wav,growth,gross,growth,0.999999403953552,1,Sibilation,final,f1,B4_nac,beb4f83ede50efd83629c9ca52db070c
data/audio/level_normalized_26dbfs_w_concat_carrier_phrase_2/B5_asr_bn/fore_dot_rim_broke_thor_notch.wav,notch,knock,notch,1.0,1,Sibilation,final,f2,B5_asr_bn,5bb9ced9b871924a17dfa01cac530219
data/audio/TTS_Qwen/thee_Ryan.wav,thee,zee,thee,0.999992728233337,1,Sibilation,initial,TTS_Ryan,TTS_Qwen,4fe311242d0a60335bbb3a54f9d72eb8
data/audio/level_normalized_26dbfs_w_concat_carrier_phrase_2/clean/English/test-data/reef_load_bong_thin_pack_moot.wav,moot,boot,moot,0.999260604381561,1,Nasality,initial,m1,clean,7c72007e6f17569bb0d528fb13e66df9
data/audio/level_normalized_26dbfs_w_concat_carrier_phrase_2/B2_mcadams/lube_broke_dock_bed_seethe_bong.wav,bong,dong,bong,0.999999523162842,1,Graveness,initial,m2,B2_mcadams,23fd2d52bd9974f56ac9fe6cc6b77aac
data/audio/level_normalized_26dbfs_w_concat_carrier_phrase_2/B3_sttts/tool_sheet_fletch_moot_chew_laws.wav,laws,loss,laws,0.998024225234985,1,Voicing,final,m2,B3_sttts,6e733ff87f58956d50dd0c72c58db129
data/audio/level_normalized_26dbfs_w_concat_carrier_phrase_2/B4_nac/daunt_show_soothe_dot_note_seek.wav,seek,seep,seek,0.999999046325684,1,Compactness,final,m1,B4_nac,a3fe791772af92dc1aa71ac807476237
data/audio/level_normalized_26dbfs_w_concat_carrier_phrase_2/B5_asr_bn/fad_trough_wreath_shin_fin_rat.wav,rat,rap,rat,0.64208322763443,1,Graveness,final,m1,B5_asr_bn,51ab4f1f0149928570370c0087945086
data/audio/level_normalized_26dbfs_w_concat_carrier_phrase_2/clean/English/test-data/loon_oak_loom_dan_nip_pond.wav,pond,bond,pond,0.99999475479126,1,Voicing,initial,f1,clean,ba05550a1513d80d6f038f45e9267896
data/audio/level_normalized_26dbfs_w_concat_carrier_phrase_2/B2_mcadams/mode_hodge_duke_keg_dupe_coo.wav,coo,chew,coo,0.999987602233887,1,Sibilation,initial,f1,B2_mcadams,f178127c4210fe9a2c98a1d095f48856
data/audio/level_normalized_26dbfs_w_concat_carrier_phrase_2/B3_sttts/loss_choose_seed_fan_chair_notch.wav,notch,knock,notch,0.74093621969223,1,Sibilation,final,m2,B3_sttts,af15c17cbfae23098a2cd5bb0dbc925f
data/audio/level_normalized_26dbfs_w_concat_carrier_phrase_2/B4_nac/box_screed_hot_seep_chair_bat.wav,bat,gat,bat,0.999718010425568,1,Compactness,initial,f1,B4_nac,18f18c8949401624b383df23c3bf8b13
data/audio/level_normalized_26dbfs_w_concat_carrier_phrase_2/B5_asr_bn/bad_reef_cop_though_chew_breeze.wav,breeze,breathe,breeze,0.998724162578583,1,Sibilation,final,m1,B5_asr_bn,e288b66ca6966fe803dd38247e9abd14
data/audio/level_normalized_26dbfs_w_concat_carrier_phrase_2/clean/English/test-data/wield_hop_dan_beat_fletch_tool.wav,tool,pool,tool,1.0,1,Graveness,initial,f1,clean,f309d2942cab4f74a94dfa85f176cc36
data/audio/level_normalized_26dbfs_w_concat_carrier_phrase_2/B2_mcadams/rich_net_back_pond_teak_patch.wav,patch,pack,patch,0.999984741210938,1,Sibilation,final,m2,B2_mcadams,98c0b6529c95a63d3d47d296e842d87b
data/audio/level_normalized_26dbfs_w_concat_carrier_phrase_2/B3_sttts/oak_peak_jilt_sue_slob_mode.wav,mode,moan,mode,0.99981290102005,1,Nasality,final,m1,B3_sttts,0f12f9d888e8cc236b0731568abc0141
data/audio/level_normalized_26dbfs_w_concat_carrier_phrase_2/B4_nac/dense_rap_dote_fan_gin_got.wav,got,dot,got,0.99995756149292,1,Compactness,initial,m2,B4_nac,e7be9083e4681f8a6f2dcab167f004dd
data/audio/level_normalized_26dbfs_w_concat_carrier_phrase_2/B5_asr_bn/hop_joe_oat_zoo_than_bomb.wav,bomb,bob,bomb,0.999982476234436,1,Nasality,final,f2,B5_asr_bn,46411214615a10da29aec14578732cb0
data/audio/level_normalized_26dbfs_w_concat_carrier_phrase_2/clean/English/test-data/lib_cop_dough_dense_web_chew.wav,chew,coo,chew,1.0,1,Sibilation,initial,f2,clean,a473cb9eb7e9e452ff5705eb4f55acf0
data/audio/level_normalized_26dbfs_w_concat_carrier_phrase_2/B2_mcadams/clash_cheat_bed_ridge_goff_dan.wav,dan,than,dan,0.999763667583466,1,Sustention,initial,m2,B2_mcadams,576e1d0595fce01be6c0e92135db79bb
data/audio/level_normalized_26dbfs_w_concat_carrier_phrase_2/B3_sttts/tool_dupe_dip_wed_web_lib.wav,lib,live,lib,0.999896168708801,1,Sustention,final,f1,B3_sttts,bec83303ab4a056d6f695f7038eebe8d
data/audio/level_normalized_26dbfs_w_concat_carrier_phrase_2/B4_nac/tick_hit_notch_fit_dong_jaws.wav,jaws,gauze,jaws,0.999951004981995,1,Sibilation,initial,m1,B4_nac,203c99793c3c0dd60fff5b6ccc1f0d12
data/audio/level_normalized_26dbfs_w_concat_carrier_phrase_2/B5_asr_bn/vole_dock_goop_screed_sank_taunt.wav,taunt,daunt,taunt,0.999999761581421,1,Voicing,initial,f2,B5_asr_bn,44cdde0344dc91ea0637cdd2cd77dfc2
data/audio/TTS_Qwen/sheaf_Ryan.wav,sheaf,sheave,sheaf,0.995757758617401,1,Voicing,final,TTS_Ryan,TTS_Qwen,d3e25be39a8f461fcf794b05a7444ede
data/audio/level_normalized_26dbfs_w_concat_carrier_phrase_2/clean/English/test-data/fin_bag_trough_fore_seethe_fad.wav,fad,fan,fan,0.999429881572723,0,Nasality,final,m1,clean,72a57b46c2d62fb78b94a923d0f9cca1
data/audio/level_normalized_26dbfs_w_concat_carrier_phrase_2/B2_mcadams/rue_bond_than_clash_slav_neck.wav,neck,deck,neck,0.99999988079071,1,Nasality,initial,m2,B2_mcadams,1c294bca9df9a3d054d2c30096ec912d
data/audio/level_normalized_26dbfs_w_concat_carrier_phrase_2/B3_sttts/cop_bed_growth_goop_knock_foal.wav,foal,vole,foal,0.998368918895721,1,Voicing,initial,m1,B3_sttts,da7a24c2c1b951c5a5e8fb704a0f9f6c
data/audio/level_normalized_26dbfs_w_concat_carrier_phrase_2/B4_nac/sue_flog_bong_tick_clash_gem.wav,gem,jeb,gem,0.981326341629028,1,Nasality,final,m1,B4_nac,299d2251c1ee69bbf46379e25c9a9eb5
data/audio/level_normalized_26dbfs_w_concat_carrier_phrase_2/B5_asr_bn/pack_neck_load_patch_oat_sue.wav,sue,zoo,sue,0.999811112880707,1,Voicing,initial,f1,B5_asr_bn,a72c5054af97d3865a55a00bbed4a0fd
data/audio/level_normalized_26dbfs_w_concat_carrier_phrase_2/clean/English/test-data/mad_keg_duke_bad_edge_rue.wav,rue,you,rue,0.999994516372681,1,Compactness,initial,m1,clean,29ee95be95833f7caa732b4b1ff90e07
data/audio/level_normalized_26dbfs_w_concat_carrier_phrase_2/B2_mcadams/moot_bib_jeb_class_daunt_big.wav,big,bib,big,0.99539715051651,1,Compactness,final,f2,B2_mcadams,7e4d2040a0eecfc5acc7a4e1c3c6363d
data/audio/level_normalized_26dbfs_w_concat_carrier_phrase_2/B3_sttts/foal_jeb_shoes_dong_bed_fin.wav,fin,thin,thin,0.836270868778229,0,Graveness,initial,f1,B3_sttts,b9e36b80589491fe75b1afce2bdfa61a
data/audio/level_normalized_26dbfs_w_concat_carrier_phrase_2/B4_nac/dough_cap_hodge_chew_loop_egg.wav,egg,edge,egg,0.999996542930603,1,Sibilation,final,m1,B4_nac,feebf3fd6d965b94b90c678cb8711810
data/audio/level_normalized_26dbfs_w_concat_carrier_phrase_2/B5_asr_bn/pack_sheave_bomb_ref_than_hot.wav,hot,hop,hot,0.999997496604919,1,Graveness,final,f2,B5_asr_bn,62a9409627426dfc2b82d5d68e361e1d
data/audio/level_normalized_26dbfs_w_concat_carrier_phrase_2/clean/English/test-data/rue_pool_flawed_tong_net_yield.wav,yield,wield,yield,0.99999988079071,1,Compactness,initial,f1,clean,7c8acc0cbe624e2a1094ec112c7c19fb
data/audio/level_normalized_26dbfs_w_concat_carrier_phrase_2/B2_mcadams/so_knock_gross_thin_jilt_taught.wav,taught,caught,taught,0.999857664108276,1,Compactness,initial,m2,B2_mcadams,ac8f2c00d8204de58c8e2d86f1a2030a
data/audio/level_normalized_26dbfs_w_concat_carrier_phrase_2/B3_sttts/rich_dock_gem_moan_hop_duke.wav,duke,dupe,duke,0.697112560272217,1,Compactness,final,m2,B3_sttts,931b01cb7767c44296a5ef8f1689be56
data/audio/level_normalized_26dbfs_w_concat_carrier_phrase_2/B4_nac/vole_dock_fin_screen_bong_bond.wav,bond,pond,bond,0.99999737739563,1,Voicing,initial,m2,B4_nac,e473862763bcb5f45ebe919e65b94a07
data/audio/level_normalized_26dbfs_w_concat_carrier_phrase_2/B5_asr_bn/egg_loop_mode_lube_chew_peg.wav,peg,keg,peg,0.999999761581421,1,Compactness,initial,f2,B5_asr_bn,edb7efd6568ba3cdf313ce4fa2e1c1ef
data/audio/level_normalized_26dbfs_w_concat_carrier_phrase_2/clean/English/test-data/loom_tick_myth_goop_slob_edge.wav,edge,egg,edge,0.999998092651367,1,Sibilation,final,m2,clean,a5a9fc639646eccd090ddbb89f4b2adc
data/audio/level_normalized_26dbfs_w_concat_carrier_phrase_2/B2_mcadams/bank_rich_slob_sheet_jeb_class.wav,class,clash,class,0.99999737739563,1,Compactness,final,f2,B2_mcadams,d1c41f04eab4ba0d7bb18cde7f20df7e
data/audio/level_normalized_26dbfs_w_concat_carrier_phrase_2/B3_sttts/neck_oat_dan_gat_than_fit.wav,fit,hit,fit,0.999998331069946,1,Compactness,initial,f1,B3_sttts,90a2a52782636039addefe8efece754e
data/audio/level_normalized_26dbfs_w_concat_carrier_phrase_2/B4_nac/dock_thin_vole_daunt_jeb_guilt.wav,guilt,jilt,guilt,0.998689830303192,1,Sibilation,initial,f2,B4_nac,016df205910a5f194a0ba44da128a99e
data/audio/level_normalized_26dbfs_w_concat_carrier_phrase_2/B5_asr_bn/lib_slav_you_bank_strobe_taunt.wav,taunt,daunt,taunt,0.99999988079071,1,Voicing,initial,m1,B5_asr_bn,f53c530e20a619225259f7b2d05c7c20
data/audio/TTS_Qwen/rod_Ryan.wav,rod,wad,rod,0.99999988079071,1,Graveness,initial,TTS_Ryan,TTS_Qwen,310c5b9190a5e6f86863d7592148a3c9
data/audio/level_normalized_26dbfs_w_concat_carrier_phrase_2/B5_asr_bn/dip_tool_rev_gauze_brawn_mad.wav,mad,bad,mad,0.999922156333923,1,Nasality,initial,f2,B5_asr_bn,0541806af24160711b8ae68b4573be83
data/audio/level_normalized_26dbfs_w_concat_carrier_phrase_2/clean/English/test-data/myth_miss_go_neck_ref_noon.wav,noon,nude,noon,0.99999737739563,1,Nasality,final,f2,clean,c3630fe489858367464d81984ad0e8a3
data/audio/level_normalized_26dbfs_w_concat_carrier_phrase_2/B2_mcadams/foal_growth_big_strode_ref_goof.wav,goof,goop,goop,0.999216079711914,0,Sustention,final,m2,B2_mcadams,f6fb15b3b208854d697766e917391062
data/audio/level_normalized_26dbfs_w_concat_carrier_phrase_2/B3_sttts/bob_rap_loom_tong_care_lube.wav,lube,loop,lube,0.893040478229523,1,Voicing,final,f1,B3_sttts,264965b8a8dddacfbafe827935da7c9f
data/audio/level_normalized_26dbfs_w_concat_carrier_phrase_2/B4_nac/rue_chew_breeze_moan_edge_bong.wav,bong,dong,bong,0.999998450279236,1,Graveness,initial,m1,B4_nac,b86325c65e1f30f82841abc1061dd1b9
data/audio/level_normalized_26dbfs_w_concat_carrier_phrase_2/B5_asr_bn/lube_edge_rod_rap_peen_chop.wav,chop,cop,chop,1.0,1,Sibilation,initial,m1,B5_asr_bn,6d37922576870fdbd89033a359f8ddd8
data/audio/level_normalized_26dbfs_w_concat_carrier_phrase_2/clean/English/test-data/bond_fence_teak_back_screed_thor.wav,thor,fore,fore,0.999122321605682,0,Graveness,initial,m2,clean,24e7b68dab675ab6c06fa99861d84fe4
data/audio/level_normalized_26dbfs_w_concat_carrier_phrase_2/B2_mcadams/rib_hot_chin_bomb_sue_gat.wav,gat,bat,gat,0.985334753990173,1,Compactness,initial,m1,B2_mcadams,0e1ef9b5eb86680bfecd5633c49e74f9
data/audio/level_normalized_26dbfs_w_concat_carrier_phrase_2/B3_sttts/chin_sues_shim_got_shoes_reef.wav,reef,wreath,wreath,0.998402059078217,0,Graveness,final,f1,B3_sttts,8f49c367f2a4573f9825b5138f5999cb
data/audio/level_normalized_26dbfs_w_concat_carrier_phrase_2/B4_nac/tick_oat_flawed_fit_dong_choose.wav,choose,shoes,choose,0.999999761581421,1,Sustention,initial,m1,B4_nac,a32ea030cc2eded164da84e5f080a304
data/audio/level_normalized_26dbfs_w_concat_carrier_phrase_2/B5_asr_bn/bomb_noon_oat_than_dong_beat.wav,beat,meat,beat,0.99991250038147,1,Nasality,initial,m1,B5_asr_bn,52cbe24153cd6f07ce977f3d66e02c2b
data/audio/TTS_Qwen/bob_Ryan.wav,bob,bomb,bob,0.999755322933197,1,Nasality,final,TTS_Ryan,TTS_Qwen,696df1d6d2226846be74f0ac03f0f076
data/audio/level_normalized_26dbfs_w_concat_carrier_phrase_2/clean/English/test-data/boot_sank_guilt_dock_sheet_back.wav,back,bag,back,0.999995231628418,1,Voicing,final,f1,clean,1372c51ef3189d3d5f495695beaea7f2
data/audio/level_normalized_26dbfs_w_concat_carrier_phrase_2/B2_mcadams/growth_so_jilt_show_strobe_gross.wav,gross,growth,growth,0.950396358966827,0,Sibilation,final,f1,B2_mcadams,66abc0464a1d37c653cad6a113c40440
data/audio/level_normalized_26dbfs_w_concat_carrier_phrase_2/B3_sttts/pack_neck_load_patch_oat_sue.wav,sue,zoo,sue,0.999357640743256,1,Voicing,initial,f1,B3_sttts,617cf05116362ddef3d07ac2bfbcd054
data/audio/level_normalized_26dbfs_w_concat_carrier_phrase_2/B4_nac/goof_broke_guilt_screen_sank_thin.wav,thin,fin,fin,0.994394063949585,0,Graveness,initial,f2,B4_nac,a4e51e10ba6261f5374c13a3af3b0c18
data/audio/level_normalized_26dbfs_w_concat_carrier_phrase_2/B5_asr_bn/thin_sank_peak_ridge_bat_fit.wav,fit,hit,fit,0.999996423721313,1,Compactness,initial,m2,B5_asr_bn,ffb9cb59c6fcb272c940b468fd042482
data/audio/level_normalized_26dbfs_w_concat_carrier_phrase_2/clean/English/test-data/breathe_egg_knob_dough_hodge_dip.wav,dip,nip,dip,0.999998211860657,1,Nasality,initial,f2,clean,b6ba8cbd345750e0cedeebcb262d67ba
data/audio/level_normalized_26dbfs_w_concat_carrier_phrase_2/B2_mcadams/duke_dip_dense_wield_zee_thee.wav,thee,zee,zee,0.999979496002197,0,Sibilation,initial,f1,B2_mcadams,ab9dd76ffdb358393f05144cc78997b0
data/audio/level_normalized_26dbfs_w_concat_carrier_phrase_2/B3_sttts/zee_sheet_boss_ross_teak_pence.wav,pence,fence,pence,0.99994969367981,1,Sustention,initial,f1,B3_sttts,b2242194ca01c585a989d27b4a68ba99
data/audio/level_normalized_26dbfs_w_concat_carrier_phrase_2/B4_nac/slob_net_box_teak_sheet_screed.wav,screed,screen,screed,0.998957753181458,1,Nasality,final,f1,B4_nac,7b736a090e8288a5e79d14e2207df548
data/audio/level_normalized_26dbfs_w_concat_carrier_phrase_2/B5_asr_bn/choose_rim_broke_bib_strobe_dot.wav,dot,got,dot,1.0,1,Compactness,initial,f2,B5_asr_bn,f0d7ad82e9cfd7621a7c51fe097c44d9
data/audio/level_normalized_26dbfs_w_concat_carrier_phrase_2/clean/English/test-data/tool_breeze_mode_keg_hotch_coo.wav,coo,chew,coo,0.999457657337189,1,Sibilation,initial,m2,clean,ef11bb8f49bc6526e77c8b94b61cb5a4
data/audio/level_normalized_26dbfs_w_concat_carrier_phrase_2/B2_mcadams/moot_thank_tick_bat_bomb_vole.wav,vole,foal,vole,0.99995481967926,1,Voicing,initial,m1,B2_mcadams,7dce0d5221b517956469cf0c69781a0a
data/audio/level_normalized_26dbfs_w_concat_carrier_phrase_2/B4_nac/moan_beat_strode_net_jilt_tick.wav,tick,thick,tick,1.0,1,Sustention,initial,m2,B4_nac,296cc1b7b18272d4f9d8fccb0906ea0f
data/audio/level_normalized_26dbfs_w_concat_carrier_phrase_2/B5_asr_bn/gat_hit_go_sue_zoo_shin.wav,shin,shim,shin,0.999995946884155,1,Graveness,final,m2,B5_asr_bn,546fe3cb0e6004fe7a80ad4f4626b27e
data/audio/level_normalized_26dbfs_w_concat_carrier_phrase_2/clean/English/test-data/notch_vox_dan_jaws_than_seed.wav,seed,seethe,seed,0.999736607074738,1,Sustention,final,m1,clean,4a13b000a437ec93060329d00b26556e
data/audio/level_normalized_26dbfs_w_concat_carrier_phrase_2/B2_mcadams/note_chew_rich_gin_screen_flesh.wav,flesh,fletch,fletch,0.688444256782532,0,Sustention,final,m2,B2_mcadams,2844ba3238286499361c2fb22c66ad3b
data/audio/level_normalized_26dbfs_w_concat_carrier_phrase_2/B3_sttts/rib_hot_chin_bomb_sue_gat.wav,gat,bat,gat,0.910305321216583,1,Compactness,initial,m1,B3_sttts,cf09d5908381b0426de5658f3180ed84
data/audio/level_normalized_26dbfs_w_concat_carrier_phrase_2/B4_nac/gawp_oak_fence_loon_slav_hop.wav,hop,hot,hop,0.999991297721863,1,Graveness,final,m2,B4_nac,05ff495fafe4d68b3e299090c58f7587
data/audio/level_normalized_26dbfs_w_concat_carrier_phrase_2/B5_asr_bn/flesh_peen_than_net_dan_rap.wav,rap,rat,rap,0.999854922294617,1,Graveness,final,f1,B5_asr_bn,04b27b6d158d59f86794902745f087e1
data/audio/level_normalized_26dbfs_w_concat_carrier_phrase_2/clean/English/test-data/rim_gem_bank_pond_go_bob.wav,bob,bomb,bob,0.999995112419128,1,Nasality,final,f2,clean,c41184b7571dd9a9f4ad29ee9bbb2514
data/audio/level_normalized_26dbfs_w_concat_carrier_phrase_2/B2_mcadams/gauze_foal_nip_wad_tool_rev.wav,rev,ref,rev,0.998977661132813,1,Voicing,final,f1,B2_mcadams,dfc6a9a9332ebe1fc2d0df289b0ebf36
data/audio/level_normalized_26dbfs_w_concat_carrier_phrase_2/B3_sttts/bong_vole_dock_troth_beg_show.wav,show,so,show,0.991308569908142,1,Compactness,initial,f1,B3_sttts,57d82b0bc9c6c1a9cb8e3300acf26d30
data/audio/level_normalized_26dbfs_w_concat_carrier_phrase_2/B4_nac/shim_loom_broad_beat_patch_fletch.wav,fletch,flesh,fletch,0.997067511081696,1,Sustention,final,f1,B4_nac,3c9cceb802b67112327832fcb25fcb16
data/audio/level_normalized_26dbfs_w_concat_carrier_phrase_2/B5_asr_bn/dot_tense_rat_fletch_laws_note.wav,note,dote,note,0.99999988079071,1,Nasality,initial,m2,B5_asr_bn,f53312a459e420b99a758670e8ff5845
data/audio/level_normalized_26dbfs_w_concat_carrier_phrase_2/clean/English/test-data/dan_pool_tool_strode_load_flawed.wav,flawed,flog,flawed,0.999929189682007,1,Compactness,final,f2,clean,ca2377c99555f6ffc88262a0efcb5fa5
data/audio/level_normalized_26dbfs_w_concat_carrier_phrase_2/B2_mcadams/tick_teak_flawed_gauze_peak_neck.wav,neck,deck,neck,0.999966263771057,1,Nasality,initial,m1,B2_mcadams,789e03f133b90cd2fd65d98c1764a9d4
data/audio/level_normalized_26dbfs_w_concat_carrier_phrase_2/B3_sttts/wreath_breeze_dupe_shim_bean_breathe.wav,breathe,breeze,breathe,0.912969470024109,1,Sibilation,final,f1,B3_sttts,33df8be5837dca43848c99a08e66aef8
data/audio/level_normalized_26dbfs_w_concat_carrier_phrase_2/B4_nac/than_hop_fletch_shim_pond_wreath.wav,wreath,reef,wreath,0.999916434288025,1,Graveness,final,f1,B4_nac,4cd4858a5558abdb79e9fdf374803675
data/audio/level_normalized_26dbfs_w_concat_carrier_phrase_2/B5_asr_bn/strode_big_oat_bob_screed_slob.wav,slob,slav,slob,0.999677896499634,1,Sustention,final,m1,B5_asr_bn,19b2bf472aa9e9ac1bafc154d1a30552
data/audio/TTS_Qwen/pool_Ryan.wav,pool,tool,pool,0.999972105026245,1,Graveness,initial,TTS_Ryan,TTS_Qwen,251bea8e9539db71d2173ec8cae3c8ca
data/audio/level_normalized_26dbfs_w_concat_carrier_phrase_2/clean/English/test-data/foal_wroth_sank_ridge_jilt_daunt.wav,daunt,taunt,daunt,0.99997079372406,1,Voicing,initial,m2,clean,ca576dd4ff1d70871ec63bb20dce2aed
data/audio/level_normalized_26dbfs_w_concat_carrier_phrase_2/B2_mcadams/sheaf_teak_sheave_hit_peak_myth.wav,myth,miss,myth,0.99487030506134,1,Sibilation,final,f1,B2_mcadams,30712627dcbc081384a689c0c086da53
data/audio/level_normalized_26dbfs_w_concat_carrier_phrase_2/B3_sttts/bad_dock_bean_back_bed_class.wav,class,clash,class,0.999335467815399,1,Compactness,final,m1,B3_sttts,abb685e9f8765217878fc8de7d858132
data/audio/level_normalized_26dbfs_w_concat_carrier_phrase_2/B4_nac/sheet_duke_thick_pond_thor_zoo.wav,zoo,sue,zoo,0.99999988079071,1,Voicing,initial,m2,B4_nac,10f10fdadec1035a4f215b628af8249c
data/audio/level_normalized_26dbfs_w_concat_carrier_phrase_2/B5_asr_bn/zoo_deck_patch_myth_oat_bat.wav,bat,gat,bat,1.0,1,Compactness,initial,f2,B5_asr_bn,5b5b5216042d6cb972e849e7a70f19d5
data/audio/level_normalized_26dbfs_w_concat_carrier_phrase_2/clean/English/test-data/flawed_gauze_ridge_goff_pond_oak.wav,oak,oat,oak,0.999694466590881,1,Compactness,final,m2,clean,f100abaa3fbc2bf94975c55cad98e5cd
data/audio/level_normalized_26dbfs_w_concat_carrier_phrase_2/B3_sttts/rue_pool_flawed_tong_net_yield.wav,yield,wield,wield,0.824822008609772,0,Compactness,initial,f1,B3_sttts,da2491291ac46f2d7876e3c2a984942a
data/audio/level_normalized_26dbfs_w_concat_carrier_phrase_2/B4_nac/coo_wad_thong_dupe_edge_egg.wav,egg,edge,egg,0.999917984008789,1,Sibilation,final,f1,B4_nac,7014f1d9f79c941a631fc9271244ab31
data/audio/level_normalized_26dbfs_w_concat_carrier_phrase_2/B5_asr_bn/rib_dough_pool_rue_though_nip.wav,nip,dip,nip,0.999995470046997,1,Nasality,initial,m1,B5_asr_bn,c96b694aaafc010be2562227090d5b2e
data/audio/level_normalized_26dbfs_w_concat_carrier_phrase_2/clean/English/test-data/slob_net_box_teak_sheet_screed.wav,screed,screen,screed,0.999938726425171,1,Nasality,final,f1,clean,9db19f0a00ed8097de8e15fc0ea97127
data/audio/level_normalized_26dbfs_w_concat_carrier_phrase_2/B2_mcadams/wroth_show_daunt_gem_knock_care.wav,care,chair,care,0.970269203186035,1,Sibilation,initial,f2,B2_mcadams,6534fd6bf3c4563984cc78cc3989dc0e
data/audio/level_normalized_26dbfs_w_concat_carrier_phrase_2/B3_sttts/clash_sank_jilt_broke_zoo_thin.wav,thin,fin,thin,0.78627210855484,1,Graveness,initial,m2,B3_sttts,2b7f84d7a5f3309e7a28b1e58960caad
data/audio/level_normalized_26dbfs_w_concat_carrier_phrase_2/B4_nac/oat_peak_myth_sheave_tick_deck.wav,deck,neck,deck,0.999975800514221,1,Nasality,initial,f1,B4_nac,70362ea951545b57dc0ce288044d363b
data/audio/level_normalized_26dbfs_w_concat_carrier_phrase_2/B5_asr_bn/nog_hodge_bad_wed_cop_tense.wav,tense,dense,tense,0.999992728233337,1,Voicing,initial,f2,B5_asr_bn,f45f6e31be3d440bb27161b1b877c8b5
data/audio/TTS_Qwen/boss_Ryan.wav,boss,moss,boss,1.0,1,Nasality,initial,TTS_Ryan,TTS_Qwen,342ecdb28be394e33a24a570b6350b79
data/audio/level_normalized_26dbfs_w_concat_carrier_phrase_2/clean/English/test-data/dense_rap_dote_fan_gin_got.wav,got,dot,got,0.999909639358521,1,Compactness,initial,m2,clean,08d2d11cb8693875f9deeb9216a12591
data/audio/level_normalized_26dbfs_w_concat_carrier_phrase_2/B2_mcadams/gaff_trough_loss_moss_seek_strobe.wav,strobe,strode,strode,0.809235334396362,0,Graveness,final,f2,B2_mcadams,c60c6c72b14c2ac709ae625a17ea0fae
data/audio/level_normalized_26dbfs_w_concat_carrier_phrase_2/B3_sttts/thin_thee_gauze_growth_tick_bib.wav,bib,big,bib,0.9987753033638,1,Compactness,final,m2,B3_sttts,7d306e7f644afe6c8c019ada5b0ed8dc
data/audio/level_normalized_26dbfs_w_concat_carrier_phrase_2/B4_nac/nip_dip_goop_tool_bond_thong.wav,thong,tong,thong,0.9794020652771,1,Sustention,initial,f2,B4_nac,cb55f85f00063234defd0d37bf0c0bee
data/audio/level_normalized_26dbfs_w_concat_carrier_phrase_2/B5_asr_bn/zee_note_wield_thee_dough_chair.wav,chair,care,chair,1.0,1,Sibilation,initial,f1,B5_asr_bn,bc38d6b83b658ae5bed652ca9e325c14
data/audio/level_normalized_26dbfs_w_concat_carrier_phrase_2/clean/English/test-data/slob_care_clash_cheat_strode_back.wav,back,bag,back,0.99999988079071,1,Voicing,final,f2,clean,28577c8c76cfb01b575f25e9cd90cfc2
data/audio/level_normalized_26dbfs_w_concat_carrier_phrase_2/B2_mcadams/tool_dupe_dip_wed_web_lib.wav,lib,live,lib,0.777315020561218,1,Sustention,final,f1,B2_mcadams,4e82580fd88d02bd7dc8e86501b322f6
data/audio/level_normalized_26dbfs_w_concat_carrier_phrase_2/B3_sttts/bond_rue_meat_you_loop_load.wav,load,loathe,loathe,0.984906494617462,0,Sustention,final,f1,B3_sttts,e6b451959d20363e9c5709ed3a1d0600
data/audio/level_normalized_26dbfs_w_concat_carrier_phrase_2/B4_nac/dong_dot_note_wreath_thee_shim.wav,shim,shin,shim,0.999034881591797,1,Graveness,final,f2,B4_nac,895755b632997f96ca615130da706f9c
data/audio/level_normalized_26dbfs_w_concat_carrier_phrase_2/B5_asr_bn/vole_dock_fin_screen_bong_bond.wav,bond,pond,bond,0.999998211860657,1,Voicing,initial,m2,B5_asr_bn,b7f3b9df4254b3c4d6f066409ba8531c
data/audio/level_normalized_26dbfs_w_concat_carrier_phrase_2/clean/English/test-data/gauze_foal_nip_wad_tool_rev.wav,rev,ref,rev,0.999972939491272,1,Voicing,final,f1,clean,ac781498ac36c4902f0f1d3b8ccdeb2e
data/audio/level_normalized_26dbfs_w_concat_carrier_phrase_2/B2_mcadams/cheat_slob_rev_flawed_growth_dot.wav,dot,got,dot,0.99997615814209,1,Compactness,initial,m1,B2_mcadams,8545f0298c1503960ef8832f0cd4b7c6
data/audio/level_normalized_26dbfs_w_concat_carrier_phrase_2/B3_sttts/dong_choose_gat_go_beat_fad.wav,fad,fan,fad,0.993085861206055,1,Nasality,final,m2,B3_sttts,b634da8a942e87c77b1317c9c27b835f
data/audio/level_normalized_26dbfs_w_concat_carrier_phrase_2/B4_nac/fan_loss_chair_gawp_dong_moss.wav,moss,boss,moss,0.999418258666992,1,Nasality,initial,f2,B4_nac,69b59c037dc5a4b6da9027ba99d5403c
data/audio/level_normalized_26dbfs_w_concat_carrier_phrase_2/B5_asr_bn/chair_sank_jaws_hot_hotch_miss.wav,miss,myth,miss,0.99999988079071,1,Sibilation,final,f1,B5_asr_bn,333cb4d520735de95d55c04e3a9a54df
data/audio/level_normalized_26dbfs_w_concat_carrier_phrase_2/B2_mcadams/strode_big_oat_bob_screed_slob.wav,slob,slav,slob,0.999438226222992,1,Sustention,final,m1,B2_mcadams,8bd3fb20b665231787962e6165a45fbe
data/audio/level_normalized_26dbfs_w_concat_carrier_phrase_2/B3_sttts/rap_screed_seep_screen_dote_seek.wav,seek,seep,seek,0.999708831310272,1,Compactness,final,m2,B3_sttts,d5854b23e781953bba803f6583416b51
data/audio/level_normalized_26dbfs_w_concat_carrier_phrase_2/B4_nac/rib_fletch_beg_calf_note_bong.wav,bong,dong,bong,0.999999642372131,1,Graveness,initial,f1,B4_nac,7b41a89eced4fa23d23fbaa96754b7ea
data/audio/level_normalized_26dbfs_w_concat_carrier_phrase_2/B5_asr_bn/egg_goop_sank_show_wed_thank.wav,thank,sank,thank,0.99926370382309,1,Sibilation,initial,m1,B5_asr_bn,35ff2653a7faae2d254adba559150f2e
data/audio/level_normalized_26dbfs_w_concat_carrier_phrase_2/clean/English/test-data/pence_wreath_shin_bag_calf_fence.wav,fence,pence,pence,0.994783222675323,0,Sustention,initial,m1,clean,2d43eb80d92f0cde568d72c7fa1bd5a1
data/audio/level_normalized_26dbfs_w_concat_carrier_phrase_2/B2_mcadams/ridge_brogue_hop_bank_you_back.wav,back,bag,back,0.999668002128601,1,Voicing,final,m1,B2_mcadams,b38bd67d477578d11a52e78283e6e500
data/audio/level_normalized_26dbfs_w_concat_carrier_phrase_2/B3_sttts/foal_wad_mad_rim_nip_lib.wav,lib,live,lib,0.999370276927948,1,Sustention,final,f2,B3_sttts,5e0eeadfa603165a22d8216113159279
data/audio/level_normalized_26dbfs_w_concat_carrier_phrase_2/B4_nac/tick_wroth_gawp_beat_hot_cheat.wav,cheat,sheet,cheat,0.999999761581421,1,Sustention,initial,m1,B4_nac,52598a72ec444297a8ebe4641dfc4ccb
data/audio/level_normalized_26dbfs_w_concat_carrier_phrase_2/B5_asr_bn/fletch_bob_lube_met_tong_patch.wav,patch,pack,patch,0.999985694885254,1,Sibilation,final,f1,B5_asr_bn,e0332c9525d910e518e6f1d27a933a47
data/audio/level_normalized_26dbfs_w_concat_carrier_phrase_2/clean/English/test-data/mad_lib_rat_go_tool_met.wav,met,net,met,0.999686241149902,1,Graveness,initial,f2,clean,a76c333c12a2583bb081b07aea58470b
data/audio/level_normalized_26dbfs_w_concat_carrier_phrase_2/B2_mcadams/bib_than_strode_goof_broke_troth.wav,troth,trough,troth,0.653854250907898,1,Graveness,final,m1,B2_mcadams,e08a4c43bb321fbd2e4d2cf5fe72fad8
data/audio/level_normalized_26dbfs_w_concat_carrier_phrase_2/B3_sttts/shin_vox_yield_shoes_soothe_shoes.wav,shoes,choose,shoes,0.99999988079071,1,Sustention,initial,f1,B3_sttts,135e59566e6585817d55d65865341837
data/audio/level_normalized_26dbfs_w_concat_carrier_phrase_2/B4_nac/patch_goop_sheave_duke_you_nude.wav,nude,noon,nude,0.959439933300018,1,Nasality,final,m2,B4_nac,832fd10824efd5976d12d7b004a48b13
data/audio/level_normalized_26dbfs_w_concat_carrier_phrase_2/B5_asr_bn/brawn_peen_dough_cop_bad_dupe.wav,dupe,duke,dupe,0.984884977340698,1,Compactness,final,m1,B5_asr_bn,4849613deaf4e0c735e40d8b406fe63b
data/audio/TTS_Qwen/daunt_Ryan.wav,daunt,taunt,daunt,0.999977588653564,1,Voicing,initial,TTS_Ryan,TTS_Qwen,76a2439462b1a67691a5e85d7c5fcad7
data/audio/level_normalized_26dbfs_w_concat_carrier_phrase_2/clean/English/test-data/so_big_rue_nog_bed_strode.wav,strode,strobe,strode,0.999998927116394,1,Graveness,final,m1,clean,11474185be455d5e62eb673dce6f3cc1
data/audio/level_normalized_26dbfs_w_concat_carrier_phrase_2/B2_mcadams/beat_pond_loathe_rev_ross_sheet.wav,sheet,cheat,cheat,0.912218511104584,0,Sustention,initial,m2,B2_mcadams,edbdce98ccbc2c334f38e33867aad78c
data/audio/level_normalized_26dbfs_w_concat_carrier_phrase_2/B3_sttts/fad_seethe_rat_sheave_bag_calf.wav,calf,gaff,gaff,0.567783534526825,0,Voicing,initial,m1,B3_sttts,d0f010a5336c31198d7709242e70f50a
data/audio/level_normalized_26dbfs_w_concat_carrier_phrase_2/B4_nac/show_beg_troth_dock_slav_bong.wav,bong,dong,bong,0.99999988079071,1,Graveness,initial,f2,B4_nac,d747a2cd0c1a9e569f913d8e1812820a
data/audio/level_normalized_26dbfs_w_concat_carrier_phrase_2/B5_asr_bn/miss_flog_myth_pack_gat_vox.wav,vox,box,vox,0.99996542930603,1,Sustention,initial,m1,B5_asr_bn,1af35961284c3d456c342c96b8df50f5
data/audio/level_normalized_26dbfs_w_concat_carrier_phrase_2/clean/English/test-data/hit_sheave_zoo_bat_deck_miss.wav,miss,myth,miss,1.0,1,Sibilation,final,f2,clean,383c80cb3b1cc5127207d8117e7ecde2
data/audio/level_normalized_26dbfs_w_concat_carrier_phrase_2/B2_mcadams/tool_sheet_fletch_moot_chew_laws.wav,laws,loss,laws,0.99618124961853,1,Voicing,final,m2,B2_mcadams,b491db8411c901c8d3f112dfa551f319
data/audio/level_normalized_26dbfs_w_concat_carrier_phrase_2/B3_sttts/bean_reef_dot_chair_vox_loss.wav,loss,laws,loss,0.600669741630554,1,Voicing,final,f1,B3_sttts,f882306656f6fd770b69adc890c7a629
data/audio/level_normalized_26dbfs_w_concat_carrier_phrase_2/B4_nac/bank_trough_daunt_tong_knock_big.wav,big,bib,big,0.99999988079071,1,Compactness,final,m1,B4_nac,1a192a7937e8ef32d626189cd276492c
data/audio/level_normalized_26dbfs_w_concat_carrier_phrase_2/B2_mcadams/lib_cop_dough_dense_web_chew.wav,chew,coo,chew,0.999995470046997,1,Sibilation,initial,f2,B2_mcadams,f62f99806dc07e7499d0c6ece95c3bf0
data/audio/level_normalized_26dbfs_w_concat_carrier_phrase_2/B3_sttts/neck_sue_ref_meat_flawed_moss.wav,moss,boss,moss,0.999816596508026,1,Nasality,initial,m2,B3_sttts,e5d2162129c0f5e42a5c6b495271a4e6
data/audio/level_normalized_26dbfs_w_concat_carrier_phrase_2/B4_nac/sank_jilt_moot_pence_wroth_slob.wav,slob,slav,slob,0.999474346637726,1,Sustention,final,f2,B4_nac,7e6c0d4d3e100bce2e54d0c4a34e1311
data/audio/level_normalized_26dbfs_w_concat_carrier_phrase_2/B5_asr_bn/tool_lib_wed_hotch_edge_cop.wav,cop,chop,cop,0.999854445457458,1,Sibilation,initial,f1,B5_asr_bn,7f14509c5be2fd405be30a80228d0473
data/audio/level_normalized_26dbfs_w_concat_carrier_phrase_2/clean/English/test-data/loathe_noon_deck_joe_gat_loom.wav,loom,loon,loom,1.0,1,Graveness,final,m1,clean,527789af4eec17720d275ba48a7ca549
data/audio/level_normalized_26dbfs_w_concat_carrier_phrase_2/B2_mcadams/nude_oak_rap_noon_bomb_peak.wav,peak,teak,peak,0.999922394752502,1,Graveness,initial,f1,B2_mcadams,5baff2d05adb50889c479dc1ae5ea585
data/audio/level_normalized_26dbfs_w_concat_carrier_phrase_2/B3_sttts/rap_tong_yield_care_rim_bob.wav,bob,bomb,bob,0.970794260501862,1,Nasality,final,f1,B3_sttts,5e79b93689cb5dbaa05cbae203635c28
data/audio/level_normalized_26dbfs_w_concat_carrier_phrase_2/B4_nac/bib_gauze_flawed_loon_thee_web.wav,web,wed,web,0.99999213218689,1,Graveness,final,f2,B4_nac,f403d83ca9d0f774dc26e8d0d654442f
data/audio/level_normalized_26dbfs_w_concat_carrier_phrase_2/B5_asr_bn/hodge_though_keg_dough_wreath_dupe.wav,dupe,duke,dupe,0.999235272407532,1,Compactness,final,f2,B5_asr_bn,61a1c989de183f288be88f6ffb61eb76
data/audio/level_normalized_26dbfs_w_concat_carrier_phrase_2/clean/English/test-data/cop_jeb_growth_class_wroth_bean.wav,bean,peen,bean,0.99999988079071,1,Voicing,initial,m2,clean,6c89583301a9125808afefd8ba3452a7
data/audio/level_normalized_26dbfs_w_concat_carrier_phrase_2/B2_mcadams/chair_loss_fore_thor_vox_dank.wav,dank,bank,dank,0.999311089515686,1,Graveness,initial,f2,B2_mcadams,e69dec9dfba91eac69b29383a028a36b
data/audio/level_normalized_26dbfs_w_concat_carrier_phrase_2/B3_sttts/loom_tick_myth_goop_slob_edge.wav,edge,egg,edge,0.999800980091095,1,Sibilation,final,m2,B3_sttts,6140d3c9dd8654b2545642176c636dbd
data/audio/level_normalized_26dbfs_w_concat_carrier_phrase_2/B4_nac/loom_lube_vole_loon_net_knob.wav,knob,nog,knob,0.999989628791809,1,Compactness,final,f2,B4_nac,b9dd12177e67fa817a638408ccc9bd81
data/audio/level_normalized_26dbfs_w_concat_carrier_phrase_2/B5_asr_bn/loom_care_tool_net_bob_oat.wav,oat,oak,oat,0.965099275112152,1,Compactness,final,f1,B5_asr_bn,6d47188f2deffa5eaf3532bdb4c8add6
data/audio/TTS_Qwen/screen_Ryan.wav,screen,screed,screen,0.999998927116394,1,Nasality,final,TTS_Ryan,TTS_Qwen,e28af29bbfe46b53fe460594057652fd
data/audio/level_normalized_26dbfs_w_concat_carrier_phrase_2/clean/English/test-data/nude_deck_fit_notch_hot_dan.wav,dan,than,dan,0.999302744865417,1,Sustention,initial,m1,clean,018663ee0a2371e22109ab9b217124df
data/audio/level_normalized_26dbfs_w_concat_carrier_phrase_2/B2_mcadams/met_wad_load_lib_dip_gauze.wav,gauze,jaws,gauze,1.0,1,Sibilation,initial,f2,B2_mcadams,bbc4bb883a4bdc86cc89d970ae78fd7d
data/audio/level_normalized_26dbfs_w_concat_carrier_phrase_2/B3_sttts/hit_miss_beat_sue_teak_flawed.wav,flawed,flog,flog,0.84267657995224,0,Compactness,final,m1,B3_sttts,72af50c81dc6affaf05ac256962c70c5
data/audio/level_normalized_26dbfs_w_concat_carrier_phrase_2/B4_nac/fletch_wreath_oat_lube_sheaf_nip.wav,nip,dip,nip,0.99998676776886,1,Nasality,initial,f1,B4_nac,2eb53c1b54efae189a9ea0b08ae7ce22
data/audio/level_normalized_26dbfs_w_concat_carrier_phrase_2/B5_asr_bn/rap_tong_yield_care_rim_bob.wav,bob,bomb,bomb,0.543555200099945,0,Nasality,final,f1,B5_asr_bn,11d9adc0a6844ace5bc1f3c27bfcbdcc
data/audio/level_normalized_26dbfs_w_concat_carrier_phrase_2/clean/English/test-data/peen_mad_loom_hot_wreath_bomb.wav,bomb,bob,bomb,0.999997973442078,1,Nasality,final,f1,clean,9a1ad3b64408c95e9e145c48b1543d77
data/audio/level_normalized_26dbfs_w_concat_carrier_phrase_2/B2_mcadams/though_moan_bong_keg_thee_wed.wav,wed,web,wed,0.989028692245483,1,Graveness,final,m1,B2_mcadams,8620ec5568cfc654e03137e5ab56a613
data/audio/level_normalized_26dbfs_w_concat_carrier_phrase_2/B3_sttts/seek_class_thick_laws_zee_teak.wav,teak,peak,teak,0.999728739261627,1,Graveness,initial,f2,B3_sttts,10c32611b331c42965959550af49ed92
data/audio/level_normalized_26dbfs_w_concat_carrier_phrase_2/B4_nac/live_mode_lib_moan_chop_yield.wav,yield,wield,yield,0.999995589256287,1,Compactness,initial,m1,B4_nac,459c93917e16c81e31395f83be7a53f0
data/audio/level_normalized_26dbfs_w_concat_carrier_phrase_2/B4_nac/flesh_boot_wroth_ridge_laws_bag.wav,bag,back,bag,0.999977350234985,1,Voicing,final,f2,B4_nac,8388c63fc4db6d2d98b0516d7b24d93a
data/audio/level_normalized_26dbfs_w_concat_carrier_phrase_2/B5_asr_bn/daunt_gem_ridge_knock_slob_ross.wav,ross,wroth,ross,0.900315523147583,1,Sibilation,final,f2,B5_asr_bn,20f83d2ae44cce351987ac49a715aefe
data/audio/level_normalized_26dbfs_w_concat_carrier_phrase_2/clean/English/test-data/breeze_clash_teak_loss_caught_sue.wav,sue,zoo,sue,0.999999642372131,1,Voicing,initial,f2,clean,d2fcdde210ca42080b0f6b9dcee5f837
data/audio/level_normalized_26dbfs_w_concat_carrier_phrase_2/B2_mcadams/moan_bob_loom_mad_beat_broad.wav,broad,brawn,broad,0.997095704078674,1,Nasality,final,f1,B2_mcadams,6e7a907b841e20c7c603cc9a5aaf912f
data/audio/level_normalized_26dbfs_w_concat_carrier_phrase_2/B3_sttts/wield_duke_wreath_breeze_chew_yield.wav,yield,wield,yield,0.985137343406677,1,Compactness,initial,f2,B3_sttts,19ea374939ddf9d2da4448d7f3e49b33
data/audio/level_normalized_26dbfs_w_concat_carrier_phrase_2/B4_nac/knock_trough_wreath_nog_bad_strobe.wav,strobe,strode,strobe,0.99999988079071,1,Graveness,final,m1,B4_nac,a8be158fa688e15ed072c12f2fe41774
data/audio/level_normalized_26dbfs_w_concat_carrier_phrase_2/B5_asr_bn/cap_nog_reef_though_loop_wad.wav,wad,rod,wad,0.999995827674866,1,Graveness,initial,m2,B5_asr_bn,8cc540b1a6dd562f2f1e070ca4a28cfe
data/audio/level_normalized_26dbfs_w_concat_carrier_phrase_2/clean/English/test-data/slob_broke_meat_dock_edge_pack.wav,pack,patch,pack,0.99999988079071,1,Sibilation,final,m2,clean,e3335d3f6a81e7e7db6c6fbe3393fa8b
data/audio/level_normalized_26dbfs_w_concat_carrier_phrase_2/B2_mcadams/keg_dupe_egg_lib_moan_peen.wav,peen,bean,peen,0.993893146514893,1,Voicing,initial,m2,B2_mcadams,e6e1f84107c762930da52d511f7df295
data/audio/level_normalized_26dbfs_w_concat_carrier_phrase_2/B3_sttts/brawn_peen_dough_cop_bad_dupe.wav,dupe,duke,dupe,0.809806346893311,1,Compactness,final,m1,B3_sttts,03848f510be7227e0a06aa6fa920ecbe
data/audio/level_normalized_26dbfs_w_concat_carrier_phrase_2/B4_nac/peen_dupe_wreath_yield_wed_tool.wav,tool,pool,tool,0.99999988079071,1,Graveness,initial,f2,B4_nac,85dd1005acc4565645e1648c8ab4bd0d
data/audio/level_normalized_26dbfs_w_concat_carrier_phrase_2/B5_asr_bn/care_zee_flesh_got_soothe_chair.wav,chair,care,chair,0.999719440937042,1,Sibilation,initial,m1,B5_asr_bn,d936e29839b5b292f77fc9a8ec3e7326
data/audio/level_normalized_26dbfs_w_concat_carrier_phrase_2/clean/English/test-data/notch_breeze_yield_shin_got_dong.wav,dong,bong,dong,0.999921441078186,1,Graveness,initial,f2,clean,675bc53b0f26b671de06c44d63f5df57
data/audio/level_normalized_26dbfs_w_concat_carrier_phrase_2/B2_mcadams/bad_dock_bean_back_bed_class.wav,class,clash,class,0.999976992607117,1,Compactness,final,m1,B2_mcadams,3fc3060372df5d2742d1b239d49635dd
data/audio/level_normalized_26dbfs_w_concat_carrier_phrase_2/B3_sttts/slob_growth_wroth_bank_moot_screen.wav,screen,screed,screen,0.999866485595703,1,Nasality,final,f1,B3_sttts,85d0a3ffb44b7e96b2f2870746281823
data/audio/level_normalized_26dbfs_w_concat_carrier_phrase_2/B4_nac/bat_dan_slob_oak_dot_foal.wav,foal,vole,foal,0.999995708465576,1,Voicing,initial,m2,B4_nac,fc2c726eb40e806142ce5484ac357e93
data/audio/level_normalized_26dbfs_w_concat_carrier_phrase_2/B5_asr_bn/wed_moan_thong_nog_tong_reef.wav,reef,wreath,reef,0.999787628650665,1,Graveness,final,f2,B5_asr_bn,387c4cdfe8d53fc132b6b871d9720bd2
data/audio/TTS_Qwen/bond_Ryan.wav,bond,pond,bond,0.99999737739563,1,Voicing,initial,TTS_Ryan,TTS_Qwen,f7cb6a13241c81161adb141c626b78dc
data/audio/level_normalized_26dbfs_w_concat_carrier_phrase_2/clean/English/test-data/bong_vole_dock_troth_beg_show.wav,show,so,show,0.999995827674866,1,Compactness,initial,f1,clean,24327a333af6b0651fd0e69291982d49
data/audio/level_normalized_26dbfs_w_concat_carrier_phrase_2/B2_mcadams/choose_rim_broke_bib_strobe_dot.wav,dot,got,dot,0.999999046325684,1,Compactness,initial,f2,B2_mcadams,2337dce4ba793a18d155136e247dedc5
data/audio/level_normalized_26dbfs_w_concat_carrier_phrase_2/B3_sttts/loathe_tick_myth_rev_neck_pack.wav,pack,patch,pack,0.999999046325684,1,Sibilation,final,f2,B3_sttts,9d6669ebf25c8afac1c1d1e2285ea662
data/audio/level_normalized_26dbfs_w_concat_carrier_phrase_2/B4_nac/ridge_brogue_hop_bank_you_back.wav,back,bag,back,0.999852538108826,1,Voicing,final,m1,B4_nac,e5f35c5b81812ce6fc090593ce234321
data/audio/level_normalized_26dbfs_w_concat_carrier_phrase_2/B5_asr_bn/sank_slav_dock_bean_egg_nog.wav,nog,knob,nog,0.999911427497864,1,Compactness,final,m2,B5_asr_bn,f29ee4d93069464e0ed9c86e8ac6cfad
data/audio/level_normalized_26dbfs_w_concat_carrier_phrase_2/clean/English/test-data/seed_calf_boss_chair_got_flesh.wav,flesh,fletch,flesh,0.999994277954102,1,Sustention,final,m1,clean,e51a5c0e3e1973d582a24c9d8dc4976b
data/audio/level_normalized_26dbfs_w_concat_carrier_phrase_2/B4_nac/fore_dot_rim_broke_thor_notch.wav,notch,knock,notch,0.999999761581421,1,Sibilation,final,f2,B4_nac,783567997e707c8907399e5e4161668d
data/audio/level_normalized_26dbfs_w_concat_carrier_phrase_2/B5_asr_bn/tick_teak_flawed_gauze_peak_neck.wav,neck,deck,neck,1.0,1,Nasality,initial,m1,B5_asr_bn,b84219394ee62722b8a050a4d88e5da6
data/audio/level_normalized_26dbfs_w_concat_carrier_phrase_2/clean/English/test-data/thong_peen_mode_coo_lib_hodge.wav,hodge,hotch,hodge,0.999993681907654,1,Voicing,final,f2,clean,d6b03378627aa0521292db0f328478a8
data/audio/level_normalized_26dbfs_w_concat_carrier_phrase_2/B2_mcadams/bat_dan_slob_oak_dot_foal.wav,foal,vole,foal,0.959473192691803,1,Voicing,initial,m2,B2_mcadams,c282e160b0532794642104878afc5e1d
data/audio/level_normalized_26dbfs_w_concat_carrier_phrase_2/B3_sttts/seethe_chair_zee_shin_got_soothe.wav,soothe,sues,soothe,0.991270542144775,1,Sibilation,final,m2,B3_sttts,a5afc408ee73b5fafeb0ed004ed7728d
data/audio/level_normalized_26dbfs_w_concat_carrier_phrase_2/B4_nac/dough_keg_mode_thong_cop_rod.wav,rod,wad,rod,0.99999988079071,1,Graveness,initial,m2,B4_nac,107a4e0243eef011491c6c8a5601d899
data/audio/level_normalized_26dbfs_w_concat_carrier_phrase_2/B5_asr_bn/flog_lube_rim_dong_bat_goop.wav,goop,goof,goop,0.900118947029114,1,Sustention,final,m2,B5_asr_bn,678f16e9142de67aae6e56bf2f678911
data/audio/level_normalized_26dbfs_w_concat_carrier_phrase_2/clean/English/test-data/neck_oat_dan_gat_than_fit.wav,fit,hit,fit,0.999997973442078,1,Compactness,initial,f1,clean,1998423bb160ed034361b0ea34033ebc
data/audio/level_normalized_26dbfs_w_concat_carrier_phrase_2/B2_mcadams/thin_got_rim_gem_so_broke.wav,broke,brogue,broke,0.999950766563416,1,Voicing,final,f1,B2_mcadams,2849e7fc98205a59f9f4c27e8680b2c0
data/audio/level_normalized_26dbfs_w_concat_carrier_phrase_2/B3_sttts/patch_beat_lube_load_bag_thick.wav,thick,tick,thick,0.999945759773254,1,Sustention,initial,m2,B3_sttts,5c9cd2d5c9a55fdd9b099d0bc9557130
data/audio/level_normalized_26dbfs_w_concat_carrier_phrase_2/B4_nac/oak_strode_gem_goop_foal_brawn.wav,brawn,broad,brawn,0.999995708465576,1,Nasality,final,f1,B4_nac,e7ec97f3f535b8464e327388b5dd52a4
data/audio/level_normalized_26dbfs_w_concat_carrier_phrase_2/B5_asr_bn/screen_big_screed_fence_wroth_seed.wav,seed,seethe,seed,0.999382734298706,1,Sustention,final,f2,B5_asr_bn,7f60e8404cf6d21e8449ae48b0142365
data/audio/level_normalized_26dbfs_w_concat_carrier_phrase_2/clean/English/test-data/reef_strode_zoo_slob_rim_peak.wav,peak,teak,peak,1.0,1,Graveness,initial,m2,clean,8776ba989975fa6d7b68ffcb55222878
data/audio/level_normalized_26dbfs_w_concat_carrier_phrase_2/B2_mcadams/goof_broke_guilt_screen_sank_thin.wav,thin,fin,thin,0.904049456119537,1,Graveness,initial,f2,B2_mcadams,b4129294b4daedd60d87cb242e8ccc41
data/audio/level_normalized_26dbfs_w_concat_carrier_phrase_2/B3_sttts/gross_show_strobe_growth_so_jilt.wav,jilt,guilt,jilt,0.999916553497314,1,Sibilation,initial,f2,B3_sttts,b238065b8aa18525e84b1a7c7c74be1a
data/audio/level_normalized_26dbfs_w_concat_carrier_phrase_2/B4_nac/class_vole_troth_big_moot_goof.wav,goof,goop,goof,0.999477565288544,1,Sustention,final,f2,B4_nac,920c5b7b21414fa0a94a7d47b162bdd0
data/audio/level_normalized_26dbfs_w_concat_carrier_phrase_2/B5_asr_bn/wreath_moan_egg_thong_rap_nog.wav,nog,knob,nog,0.999175012111664,1,Compactness,final,m1,B5_asr_bn,fab1421f27f7704d2672ccbf20a593fe
data/audio/TTS_Qwen/peak_Ryan.wav,peak,teak,peak,0.999999642372131,1,Graveness,initial,TTS_Ryan,TTS_Qwen,bb00bbf103b15629f450382a97166eae
data/audio/level_normalized_26dbfs_w_concat_carrier_phrase_2/clean/English/test-data/bag_screed_pence_guilt_strode_jeb.wav,jeb,gem,jeb,0.999985098838806,1,Nasality,final,f1,clean,40e43d106e648efcce5c95a11ed448dc
data/audio/level_normalized_26dbfs_w_concat_carrier_phrase_2/B2_mcadams/troth_broad_thin_bib_goop_daunt.wav,daunt,taunt,daunt,0.941421866416931,1,Voicing,initial,f2,B2_mcadams,13e84f7c8b9304aaeed33da45cca600c
data/audio/level_normalized_26dbfs_w_concat_carrier_phrase_2/B3_sttts/chair_rat_loss_gaff_seed_sues.wav,sues,soothe,sues,0.998662352561951,1,Sibilation,final,m1,B3_sttts,a569f2b272434e3da2115aeefc8e7340
data/audio/level_normalized_26dbfs_w_concat_carrier_phrase_2/B4_nac/daunt_trough_so_bank_taunt_bag.wav,bag,back,bag,0.999729812145233,1,Voicing,final,m2,B4_nac,39683616e2873215d1bb977130f4d1d5
data/audio/level_normalized_26dbfs_w_concat_carrier_phrase_2/B5_asr_bn/breathe_breeze_chair_vox_sues_zee.wav,zee,thee,zee,0.999901175498962,1,Sibilation,initial,f2,B5_asr_bn,08fcbac9cd7242d1c3e37d61b6c6f7aa
data/audio/level_normalized_26dbfs_w_concat_carrier_phrase_2/clean/English/test-data/zee_sheet_boss_ross_teak_pence.wav,pence,fence,pence,0.99999988079071,1,Sustention,initial,f1,clean,84736b65b053ccd0a7794a8e67db00c4
data/audio/level_normalized_26dbfs_w_concat_carrier_phrase_2/clean/English/test-data/neck_teak_nip_patch_vole_back.wav,back,bag,back,0.999978184700012,1,Voicing,final,m2,clean,554f71fec8fb737f115856f13df1f008
data/audio/level_normalized_26dbfs_w_concat_carrier_phrase_2/B2_mcadams/shin_bed_so_trough_dank_knock.wav,knock,dock,knock,0.999999642372131,1,Nasality,initial,f1,B2_mcadams,f4fb1097db3da7de29cddd030939a191
data/audio/level_normalized_26dbfs_w_concat_carrier_phrase_2/B3_sttts/box_screen_sank_so_boss_fletch.wav,fletch,flesh,fletch,0.630030989646912,1,Sustention,final,m1,B3_sttts,bf12cce88cc0de3a18c1565601263e35
data/audio/level_normalized_26dbfs_w_concat_carrier_phrase_2/B4_nac/wreath_bed_bad_wed_lib_caught.wav,caught,taught,caught,0.99999463558197,1,Compactness,initial,m1,B4_nac,9d0e578091d896737cee910a10351bb6
data/audio/level_normalized_26dbfs_w_concat_carrier_phrase_2/B5_asr_bn/wed_strobe_clash_big_bean_knock.wav,knock,dock,knock,1.0,1,Nasality,initial,m1,B5_asr_bn,e3a11a18f5efefd6349d4a90f139c396
data/audio/level_normalized_26dbfs_w_concat_carrier_phrase_2/clean/English/test-data/chair_loss_fore_thor_vox_dank.wav,dank,bank,dank,0.999997854232788,1,Graveness,initial,f2,clean,170b705c7ed1ec862a45a839854b7847
data/audio/level_normalized_26dbfs_w_concat_carrier_phrase_2/B2_mcadams/tool_breeze_mode_keg_hotch_coo.wav,coo,chew,coo,0.99906998872757,1,Sibilation,initial,m2,B2_mcadams,e07329fc80a8da599a6df64bc55be970
data/audio/level_normalized_26dbfs_w_concat_carrier_phrase_2/B3_sttts/ross_rich_seep_care_shim_rap.wav,rap,rat,rap,0.999994277954102,1,Graveness,final,f2,B3_sttts,931c5863339e91db7bf9fda8595e4830
data/audio/level_normalized_26dbfs_w_concat_carrier_phrase_2/B4_nac/fletch_bob_lube_met_tong_patch.wav,patch,pack,pack,0.533713340759277,0,Sibilation,final,f1,B4_nac,d30f8882679857f842ce23372ba092c5
data/audio/level_normalized_26dbfs_w_concat_carrier_phrase_2/B5_asr_bn/shim_yield_thee_bean_dough_breeze.wav,breeze,breathe,breeze,0.502787053585052,1,Sibilation,final,f1,B5_asr_bn,ee0f645706dceac7df9076258fb00cc5
data/audio/level_normalized_26dbfs_w_concat_carrier_phrase_2/clean/English/test-data/tick_myth_gauze_go_dong_pack.wav,pack,patch,pack,0.999996662139893,1,Sibilation,final,m1,clean,2225ff803acaca8b674f259513d27a88
data/audio/level_normalized_26dbfs_w_concat_carrier_phrase_2/B2_mcadams/broke_guilt_thin_taught_fence_goop.wav,goop,goof,goop,0.998414754867554,1,Sustention,final,f2,B2_mcadams,e70f1363ee350a48c7c37ca069427701
data/audio/level_normalized_26dbfs_w_concat_carrier_phrase_2/B3_sttts/wreath_meat_loop_noon_rap_you.wav,you,rue,you,0.999983549118042,1,Compactness,initial,f1,B3_sttts,39e31ade366974434295951323ea2c69
data/audio/level_normalized_26dbfs_w_concat_carrier_phrase_2/B4_nac/moot_sheet_loon_broke_sue_loop.wav,loop,lube,loop,0.998994648456573,1,Voicing,final,m2,B4_nac,3afda1bd5af9f41d270e8e90a2497eaf
data/audio/level_normalized_26dbfs_w_concat_carrier_phrase_2/B5_asr_bn/tool_breeze_yield_dense_rod_dupe.wav,dupe,duke,dupe,0.948906660079956,1,Compactness,final,m2,B5_asr_bn,7679e50c87b0bea86bab824e2fed16aa
data/audio/level_normalized_26dbfs_w_concat_carrier_phrase_2/clean/English/test-data/bed_zoo_dan_jeb_slob_met.wav,met,net,met,0.999976754188538,1,Graveness,initial,m2,clean,352299055450378da0b6adbf58a38915
data/audio/level_normalized_26dbfs_w_concat_carrier_phrase_2/B2_mcadams/strode_pool_dough_beat_rue_screed.wav,screed,screen,screed,0.999411225318909,1,Nasality,final,m2,B2_mcadams,043505d253fdd2a16246e1d894b77a41
data/audio/level_normalized_26dbfs_w_concat_carrier_phrase_2/B3_sttts/fletch_bong_box_fore_got_calf.wav,calf,gaff,calf,0.999924182891846,1,Voicing,initial,f2,B3_sttts,23899aa96b6a51893f88820326cf7635
data/audio/level_normalized_26dbfs_w_concat_carrier_phrase_2/B4_nac/wed_strobe_clash_big_bean_knock.wav,knock,notch,knock,0.999987483024597,1,Sibilation,final,m1,B4_nac,ea4dd3d164859d44fd37b3f7b1a1952c
data/audio/level_normalized_26dbfs_w_concat_carrier_phrase_2/B5_asr_bn/load_gem_foal_loop_taught_goop.wav,goop,goof,goop,0.999943375587463,1,Sustention,final,f1,B5_asr_bn,78fd77143cb00454f636b431a415fe14
data/audio/TTS_Qwen/breathe_Ryan.wav,breathe,breeze,breathe,0.999930381774902,1,Sibilation,final,TTS_Ryan,TTS_Qwen,b809d78e19a070721ebb750c36b5404b
data/audio/level_normalized_26dbfs_w_concat_carrier_phrase_2/clean/English/test-data/cheat_caught_breeze_beat_clash_box.wav,box,vox,box,0.999999046325684,1,Sustention,initial,f2,clean,d3bf89069653f468db8bf073956f72b9
data/audio/level_normalized_26dbfs_w_concat_carrier_phrase_2/B2_mcadams/dip_egg_duke_bad_live_thee.wav,thee,zee,thee,0.999999165534973,1,Sibilation,initial,m1,B2_mcadams,9cdab4c778805afb30ecc8179347bd83
data/audio/level_normalized_26dbfs_w_concat_carrier_phrase_2/B3_sttts/so_hop_jeb_bad_caught_bed.wav,bed,beg,bed,0.999384045600891,1,Compactness,final,m1,B3_sttts,15396f4211ebe747c90f74d3269e391b
data/audio/level_normalized_26dbfs_w_concat_carrier_phrase_2/clean/English/test-data/patch_beat_lube_load_bag_thick.wav,thick,tick,thick,0.999960541725159,1,Sustention,initial,m2,clean,25883659b79221489f9dbc7d83342ca1
data/audio/level_normalized_26dbfs_w_concat_carrier_phrase_2/B2_mcadams/foal_jeb_shoes_dong_bed_fin.wav,fin,thin,fin,0.997286558151245,1,Graveness,initial,f1,B2_mcadams,d3961ccf4394f3f68681920d7710d0aa
data/audio/level_normalized_26dbfs_w_concat_carrier_phrase_2/B3_sttts/loathe_fit_than_load_beat_hop.wav,hop,hot,hot,0.964694261550903,0,Graveness,final,f2,B3_sttts,8b94bf4066a76446b098b337c7dde810
data/audio/level_normalized_26dbfs_w_concat_carrier_phrase_2/B4_nac/ridge_net_gawp_you_gauze_coo.wav,coo,chew,coo,0.998027741909027,1,Sibilation,initial,f2,B4_nac,08486d2815b13356d62bf4490ee884c2
data/audio/level_normalized_26dbfs_w_concat_carrier_phrase_2/B5_asr_bn/bomb_pool_you_loom_flawed_flesh.wav,flesh,fletch,flesh,0.988584041595459,1,Sustention,final,f1,B5_asr_bn,25d71189305d185af34d1c1af05ee61b
data/audio/TTS_Qwen/fence_Ryan.wav,fence,pence,fence,1.0,1,Sustention,initial,TTS_Ryan,TTS_Qwen,821d28656a9e6d2571146db5aa9b12af
data/audio/level_normalized_26dbfs_w_concat_carrier_phrase_2/clean/English/test-data/daunt_troth_jeb_big_moot_rich.wav,rich,ridge,rich,1.0,1,Voicing,final,f2,clean,bbfdd751eb655c234e77c9319d9f07ae
data/audio/level_normalized_26dbfs_w_concat_carrier_phrase_2/B2_mcadams/tense_wad_cop_rod_peen_wed.wav,wed,web,wed,0.984061539173126,1,Graveness,final,f1,B2_mcadams,49be3e7d6576127e4a0f0d840ecd1596
data/audio/level_normalized_26dbfs_w_concat_carrier_phrase_2/B3_sttts/hop_bean_bong_peak_wield_nip.wav,nip,dip,nip,0.999779164791107,1,Nasality,initial,m2,B3_sttts,665d44588dbb55aeffabac4814150807
data/audio/level_normalized_26dbfs_w_concat_carrier_phrase_2/B4_nac/foal_wad_mad_rim_nip_lib.wav,lib,live,lib,0.937134861946106,1,Sustention,final,f2,B4_nac,8e743e6922522e86da2cac64edafa13d
data/audio/level_normalized_26dbfs_w_concat_carrier_phrase_2/B5_asr_bn/thank_screed_dank_chop_wield_dock.wav,dock,knock,dock,0.999995470046997,1,Nasality,initial,m2,B5_asr_bn,0cd8a8e6153945e9c1e959618fb5bc18
data/audio/level_normalized_26dbfs_w_concat_carrier_phrase_2/clean/English/test-data/guilt_thin_gross_bib_cheat_pence.wav,pence,fence,pence,0.999995350837708,1,Sustention,initial,m2,clean,a4bc23a74a2e5f521743d562340de0c6
data/audio/level_normalized_26dbfs_w_concat_carrier_phrase_2/B2_mcadams/neck_teak_nip_patch_vole_back.wav,back,bag,back,0.999983668327332,1,Voicing,final,m2,B2_mcadams,e0339cf1fdcd35c4450df25d001d841b
data/audio/level_normalized_26dbfs_w_concat_carrier_phrase_2/B3_sttts/chew_brogue_gawp_sheet_bank_loom.wav,loom,loon,loom,0.99997866153717,1,Graveness,final,m2,B3_sttts,686083ec63570ffa2ecbcc667188a666
data/audio/level_normalized_26dbfs_w_concat_carrier_phrase_2/B4_nac/rib_pack_tick_bomb_patch_noon.wav,noon,nude,noon,0.99999725818634,1,Nasality,final,m1,B4_nac,a3b4e991e15002717998e87aa3a0cac4
data/audio/level_normalized_26dbfs_w_concat_carrier_phrase_2/B5_asr_bn/sank_jilt_moot_pence_wroth_slob.wav,slob,slav,slob,0.98160845041275,1,Sustention,final,f2,B5_asr_bn,49c2f7571c4aa7a13ff4183ec4ee4970
data/audio/level_normalized_26dbfs_w_concat_carrier_phrase_2/clean/English/test-data/load_met_tool_rap_gawp_oak.wav,oak,oat,oak,0.995918214321136,1,Compactness,final,f1,clean,d6fc99e0711082beadec1ca4dc4a1bad
data/audio/level_normalized_26dbfs_w_concat_carrier_phrase_2/B2_mcadams/loss_gin_fletch_got_peen_dote.wav,dote,note,dote,0.642427265644073,1,Nasality,initial,m2,B2_mcadams,f355b013c236380e323227c393551247
data/audio/level_normalized_26dbfs_w_concat_carrier_phrase_2/B3_sttts/daunt_show_taunt_boot_myth_sank.wav,sank,thank,sank,0.999974012374878,1,Sibilation,initial,m2,B3_sttts,976285de4c803741b453d13ad3859818
data/audio/level_normalized_26dbfs_w_concat_carrier_phrase_2/B4_nac/beg_rue_laws_wed_wad_dough.wav,dough,though,dough,0.998267531394958,1,Sustention,initial,m1,B4_nac,d6853c58c9e9a31d2227ce7222341a03
data/audio/level_normalized_26dbfs_w_concat_carrier_phrase_2/B5_asr_bn/fan_loss_chair_gawp_dong_moss.wav,moss,boss,moss,0.999857187271118,1,Nasality,initial,f2,B5_asr_bn,39150e839710aa6fd7324c1de7892192
data/audio/level_normalized_26dbfs_w_concat_carrier_phrase_2/clean/English/test-data/chop_tong_thong_wad_hotch_keg.wav,keg,peg,keg,0.982840180397034,1,Compactness,initial,f1,clean,42fc26be26035be8675c6e0d31ebb113
data/audio/level_normalized_26dbfs_w_concat_carrier_phrase_2/B2_mcadams/neck_oat_dan_gat_than_fit.wav,fit,hit,fit,0.999983429908752,1,Compactness,initial,f1,B2_mcadams,519807687c5a19176ed0dd2c10c574dd
data/audio/level_normalized_26dbfs_w_concat_carrier_phrase_2/B3_sttts/notch_seek_brogue_dot_chair_vox.wav,vox,box,vox,0.998973488807678,1,Sustention,initial,f2,B3_sttts,626873ebef1de6621da7b1ae761199c2
data/audio/level_normalized_26dbfs_w_concat_carrier_phrase_2/B2_mcadams/ross_loathe_big_gawp_fit_jilt.wav,jilt,guilt,jilt,0.997741937637329,1,Sibilation,initial,m2,B2_mcadams,8f2a284d38892125e1bf7525f06a1cbd
data/audio/level_normalized_26dbfs_w_concat_carrier_phrase_2/B3_sttts/bomb_loathe_fit_gauze_dan_beat.wav,beat,meat,beat,0.999968647956848,1,Nasality,initial,f2,B3_sttts,f2c48ce6614dcadbbe247b6da20393c4
data/audio/level_normalized_26dbfs_w_concat_carrier_phrase_2/B4_nac/tool_tong_sheaf_loop_gawp_beat.wav,beat,meat,meat,0.999985337257385,0,Nasality,initial,f1,B4_nac,0bb1704a695cccae847c89a3678b5885
data/audio/level_normalized_26dbfs_w_concat_carrier_phrase_2/B5_asr_bn/vole_bond_peak_noon_sheet_thee.wav,thee,zee,thee,0.999724924564362,1,Sibilation,initial,m2,B5_asr_bn,2854238bb00822b4bfc4362d8e5a16c6
data/audio/level_normalized_26dbfs_w_concat_carrier_phrase_2/clean/English/test-data/bib_joe_web_gem_goop_pool.wav,pool,tool,pool,0.999997019767761,1,Graveness,initial,f2,clean,90ef93e9802473c2d71cb3bd8f3e5035
data/audio/level_normalized_26dbfs_w_concat_carrier_phrase_2/B2_mcadams/loom_care_tool_net_bob_oat.wav,oat,oak,oat,0.99919980764389,1,Compactness,final,f1,B2_mcadams,eefe4c11c9fb7b76c746b3ce19b0d84c
data/audio/level_normalized_26dbfs_w_concat_carrier_phrase_2/B3_sttts/boss_thank_ridge_wroth_shim_boot.wav,boot,moot,boot,0.999700427055359,1,Nasality,initial,f2,B3_sttts,f6e641d834401b031862f5eb1ac8b30b
data/audio/level_normalized_26dbfs_w_concat_carrier_phrase_2/B4_nac/rich_wroth_hit_jaws_oak_rev.wav,rev,ref,rev,0.999998927116394,1,Voicing,final,m2,B4_nac,cc47771fce2d93b33cebf9dfbe0d7664
data/audio/level_normalized_26dbfs_w_concat_carrier_phrase_2/B5_asr_bn/reef_tool_rod_bad_hotch_tense.wav,tense,dense,tense,0.999995231628418,1,Voicing,initial,m2,B5_asr_bn,f12e7c2c1c792a60885991b1a1424fab
data/audio/level_normalized_26dbfs_w_concat_carrier_phrase_2/clean/English/test-data/peg_rod_wad_nip_wield_mode.wav,mode,moan,mode,0.997316062450409,1,Nasality,final,m2,clean,3de50f221d0105b74eb405faab3b7037
data/audio/level_normalized_26dbfs_w_concat_carrier_phrase_2/B2_mcadams/jeb_show_beg_lib_brogue_growth.wav,growth,gross,gross,0.993750870227814,0,Sibilation,final,m1,B2_mcadams,bc7b316e72bfff21bc88d2dc65dac4c4
data/audio/level_normalized_26dbfs_w_concat_carrier_phrase_2/B3_sttts/bib_than_strode_goof_broke_troth.wav,troth,trough,trough,0.97296404838562,0,Graveness,final,m1,B3_sttts,238255ab6024be266b9d91c536d1342f
data/audio/level_normalized_26dbfs_w_concat_carrier_phrase_2/B4_nac/loom_tick_myth_goop_slob_edge.wav,edge,egg,edge,0.999998331069946,1,Sibilation,final,m2,B4_nac,0448cae8f720e3dae347b18498d70acf
data/audio/level_normalized_26dbfs_w_concat_carrier_phrase_2/B5_asr_bn/jeb_class_wroth_dock_screed_troth.wav,troth,trough,troth,0.952810764312744,1,Graveness,final,f2,B5_asr_bn,86c1e0bb113020e3e60f601f772aad25
data/audio/TTS_Qwen/seed_Ryan.wav,seed,seethe,seed,0.999998688697815,1,Sustention,final,TTS_Ryan,TTS_Qwen,275266dda8553980392d5d7370f9f9c4
data/audio/level_normalized_26dbfs_w_concat_carrier_phrase_2/clean/English/test-data/nip_go_cop_brawn_nude_you.wav,you,rue,you,0.999999046325684,1,Compactness,initial,f2,clean,8cdf25a6cff23b1d5fe52720433cba50
data/audio/level_normalized_26dbfs_w_concat_carrier_phrase_2/B2_mcadams/jilt_gross_so_thin_trough_moot.wav,moot,boot,moot,0.999294519424438,1,Nasality,initial,m2,B2_mcadams,4be0c32a1f486d3796aea1854adaf666
data/audio/level_normalized_26dbfs_w_concat_carrier_phrase_2/B3_sttts/fletch_bong_box_fore_got_calf.wav,calf,cap,calf,0.977250397205353,1,Sustention,final,f2,B3_sttts,23899aa96b6a51893f88820326cf7635
data/audio/level_normalized_26dbfs_w_concat_carrier_phrase_2/B4_nac/calf_ridge_shin_gawp_notch_bed.wav,bed,beg,bed,0.99997866153717,1,Compactness,final,f1,B4_nac,d4ff023738542aa274973c036c3b59f1
data/audio/level_normalized_26dbfs_w_concat_carrier_phrase_2/B5_asr_bn/thick_screed_thank_pond_knock_than.wav,than,dan,than,0.999961256980896,1,Sustention,initial,m2,B5_asr_bn,86ea582fa3d33e64330d6074a21408b5
data/audio/level_normalized_26dbfs_w_concat_carrier_phrase_2/clean/English/test-data/dip_strobe_knock_nog_slav_brogue.wav,brogue,broke,brogue,0.993379235267639,1,Voicing,final,m2,clean,ce0652c6ba952264fe087b4f22ee6b59
data/audio/level_normalized_26dbfs_w_concat_carrier_phrase_2/B2_mcadams/sheet_loom_patch_bean_moot_ridge.wav,ridge,rich,ridge,0.999877095222473,1,Voicing,final,m2,B2_mcadams,c1845e6aaecc801468880bc6119b81da
data/audio/level_normalized_26dbfs_w_concat_carrier_phrase_2/B3_sttts/flawed_load_rue_shin_loom_peen.wav,peen,bean,peen,0.846175491809845,1,Voicing,initial,f1,B3_sttts,a49b7bbba55f6dd1f1d4bd40eea84554
data/audio/level_normalized_26dbfs_w_concat_carrier_phrase_2/B4_nac/chop_wed_bad_bong_rue_live.wav,live,lib,live,0.999998688697815,1,Sustention,final,m1,B4_nac,b15873886d08f501edd34cd6ce658b48
data/audio/level_normalized_26dbfs_w_concat_carrier_phrase_2/B3_sttts/rev_pack_sheave_myth_tick_neck.wav,neck,deck,neck,1.0,1,Nasality,initial,f2,B3_sttts,4376594195bb521bb54bcf92ccc56c8b
data/audio/level_normalized_26dbfs_w_concat_carrier_phrase_2/B4_nac/loathe_fit_than_load_beat_hop.wav,hop,hot,hop,0.999778807163239,1,Graveness,final,f2,B4_nac,28c81e166291a41693ed10d262151947
data/audio/level_normalized_26dbfs_w_concat_carrier_phrase_2/B5_asr_bn/bomb_nog_meat_pool_bob_dan.wav,dan,than,dan,0.994926571846008,1,Sustention,initial,f1,B5_asr_bn,bf4a9526c52ea5eee8009c8e2098f0a8
data/audio/level_normalized_26dbfs_w_concat_carrier_phrase_2/clean/English/test-data/seep_screed_seek_dote_screen_rap.wav,rap,rat,rap,0.999982595443726,1,Graveness,final,m1,clean,02e00ebb8dee3872a5be4ed82ee8c89e
data/audio/level_normalized_26dbfs_w_concat_carrier_phrase_2/B2_mcadams/chin_sues_shim_got_shoes_reef.wav,reef,wreath,wreath,0.672629117965698,0,Graveness,final,f1,B2_mcadams,70879a5196ed668a3621570a7f61f965
data/audio/level_normalized_26dbfs_w_concat_carrier_phrase_2/B3_sttts/fletch_cheat_calf_thank_slav_caught.wav,caught,taught,taught,0.751406490802765,0,Compactness,initial,f2,B3_sttts,daed6f128a6557963bb7de7d26b68c07
data/audio/level_normalized_26dbfs_w_concat_carrier_phrase_2/B4_nac/fore_note_box_got_beg_rib.wav,rib,rim,rib,0.945505619049072,1,Nasality,final,f1,B4_nac,38145ee6d4dcdfd7c7b9b1c66e571619
data/audio/level_normalized_26dbfs_w_concat_carrier_phrase_2/B5_asr_bn/loss_note_wreath_shim_reef_shoes.wav,shoes,choose,shoes,0.999891877174377,1,Sustention,initial,f2,B5_asr_bn,e5e02f17c7fd490c35480833c5f6500c
data/audio/TTS_Qwen/dong_Ryan.wav,dong,bong,dong,0.99999988079071,1,Graveness,initial,TTS_Ryan,TTS_Qwen,77a4d1665de3b993257c98bfb280b09d
data/audio/level_normalized_26dbfs_w_concat_carrier_phrase_2/clean/English/test-data/wreath_vox_dupe_breeze_breathe_dip.wav,dip,nip,dip,0.999999523162842,1,Nasality,initial,f1,clean,e2c5749222cdc071877464f03d11ccfd
data/audio/level_normalized_26dbfs_w_concat_carrier_phrase_2/B2_mcadams/screed_jeb_jilt_foal_rich_bank.wav,bank,dank,bank,0.999924182891846,1,Graveness,initial,f1,B2_mcadams,ca243ac86227afebca595962da09b15c
data/audio/level_normalized_26dbfs_w_concat_carrier_phrase_2/B3_sttts/chair_loss_boss_note_sues_seed.wav,seed,seethe,seethe,0.999219298362732,0,Sustention,final,m2,B3_sttts,2731f61bfd8a687787d59dd290a2637a
data/audio/level_normalized_26dbfs_w_concat_carrier_phrase_2/B4_nac/rue_bag_sheet_bean_teak_bob.wav,bob,bomb,bob,0.999999046325684,1,Nasality,final,m2,B4_nac,f73c1061fe19744f2b5eb1daf3ae0969
data/audio/level_normalized_26dbfs_w_concat_carrier_phrase_2/B5_asr_bn/reef_load_bong_thin_pack_moot.wav,moot,boot,moot,0.958687961101532,1,Nasality,initial,m1,B5_asr_bn,d9049d805389e5f42cf6bd5e3b607e64
data/audio/level_normalized_26dbfs_w_concat_carrier_phrase_2/clean/English/test-data/goof_big_fence_vole_thee_taught.wav,taught,caught,taught,0.999920010566711,1,Compactness,initial,f2,clean,a7d5856362e8be77858210a01c72b6cd
data/audio/level_normalized_26dbfs_w_concat_carrier_phrase_2/B2_mcadams/chair_show_gem_cheat_tool_dot.wav,dot,got,dot,0.99999988079071,1,Compactness,initial,m2,B2_mcadams,0733888eb18b755827092f7272c24cf8
data/audio/level_normalized_26dbfs_w_concat_carrier_phrase_2/B3_sttts/loom_care_tool_net_bob_oat.wav,oat,oak,oat,0.935436606407166,1,Compactness,final,f1,B3_sttts,63afc566b8e23ecddc198ce64fca9a07
data/audio/level_normalized_26dbfs_w_concat_carrier_phrase_2/B4_nac/pool_keg_coo_dupe_though_hotch.wav,hotch,hodge,hotch,0.863547623157501,1,Voicing,final,m2,B4_nac,603a97a0281f08758df25cc0f3c9f1af
data/audio/level_normalized_26dbfs_w_concat_carrier_phrase_2/B5_asr_bn/slav_daunt_gaff_slob_bank_fad.wav,fad,fan,fad,0.585665047168732,1,Nasality,final,f1,B5_asr_bn,b09f3cd32afa84ae1b53ca589406129f
data/audio/level_normalized_26dbfs_w_concat_carrier_phrase_2/clean/English/test-data/meat_rue_oat_shin_moan_flawed.wav,flawed,flog,flawed,0.892397046089172,1,Compactness,final,f1,clean,d1625b82efbc1a54bf41181d54892639
data/audio/level_normalized_26dbfs_w_concat_carrier_phrase_2/B2_mcadams/lube_edge_rod_rap_peen_chop.wav,chop,cop,chop,0.999999523162842,1,Sibilation,initial,m1,B2_mcadams,405aadc25ed27803490f79bb03ae9717
data/audio/level_normalized_26dbfs_w_concat_carrier_phrase_2/B3_sttts/seep_gat_slob_moss_screed_chair.wav,chair,care,chair,0.999998211860657,1,Sibilation,initial,f2,B3_sttts,c2462e089d249ec5adb3e544ed54508e
data/audio/level_normalized_26dbfs_w_concat_carrier_phrase_2/B4_nac/back_egg_bed_growth_strobe_cop.wav,cop,chop,cop,0.99900096654892,1,Sibilation,initial,m2,B4_nac,204b2d9dd7e83f779a6011c7dfe96b0f
data/audio/level_normalized_26dbfs_w_concat_carrier_phrase_2/B5_asr_bn/jeb_broke_fin_dot_rib_dong.wav,dong,bong,bong,0.773271262645721,0,Graveness,initial,f1,B5_asr_bn,a9562717015a644c675320473f015a4e
data/audio/level_normalized_26dbfs_w_concat_carrier_phrase_2/B4_nac/growth_gross_show_strobe_jilt_so.wav,so,show,so,0.989417493343353,1,Compactness,initial,f1,B4_nac,95df24e9df8f2b6e71b0f51f4ef9f08b
data/audio/level_normalized_26dbfs_w_concat_carrier_phrase_2/B5_asr_bn/breeze_seed_screed_seek_moss_seep.wav,seep,seek,seep,0.999711215496063,1,Compactness,final,f1,B5_asr_bn,3d90ceb9110dfb102f7002143b074f06
data/audio/level_normalized_26dbfs_w_concat_carrier_phrase_2/clean/English/test-data/ref_hit_sue_bat_flog_loom.wav,loom,loon,loom,1.0,1,Graveness,final,f2,clean,6d09891b1d0ef9c7757a1d97bb047975
data/audio/level_normalized_26dbfs_w_concat_carrier_phrase_2/B2_mcadams/so_big_rue_nog_bed_strode.wav,strode,strobe,strode,0.999940872192383,1,Graveness,final,m1,B2_mcadams,033b9dd52f4fc61b931f6bae8fdddcd1
data/audio/level_normalized_26dbfs_w_concat_carrier_phrase_2/B3_sttts/fletch_patch_oak_tool_wield_net.wav,net,met,net,0.992435276508331,1,Graveness,initial,f1,B3_sttts,53bbeba9a681a315b7a0c729b19d95e9
data/audio/level_normalized_26dbfs_w_concat_carrier_phrase_2/B4_nac/peak_pool_loon_nog_hot_shim.wav,shim,shin,shim,0.999705016613007,1,Graveness,final,f1,B4_nac,435bf6481c2e6236f095a00eb4dfab10
data/audio/level_normalized_26dbfs_w_concat_carrier_phrase_2/B5_asr_bn/hotch_broad_wreath_wed_rod_dough.wav,dough,though,dough,0.999964833259583,1,Sustention,initial,f2,B5_asr_bn,6cae6b25be3362e3524bc199bdab5918
data/audio/level_normalized_26dbfs_w_concat_carrier_phrase_2/clean/English/test-data/tool_chew_though_web_thong_knob.wav,knob,nog,knob,1.0,1,Compactness,final,f1,clean,f2d810723aeabfb28d675f62d4218c13
data/audio/level_normalized_26dbfs_w_concat_carrier_phrase_2/B2_mcadams/dip_tool_rev_gauze_brawn_mad.wav,mad,bad,mad,0.99996018409729,1,Nasality,initial,f2,B2_mcadams,b218f00908a3ec32e3ecc711c5701dc3
data/audio/level_normalized_26dbfs_w_concat_carrier_phrase_2/B3_sttts/wield_bib_goof_bank_sheave_deck.wav,deck,neck,deck,0.999999523162842,1,Nasality,initial,m2,B3_sttts,87b439c5a5bf6ff30ca798a7c1207674
data/audio/level_normalized_26dbfs_w_concat_carrier_phrase_2/B4_nac/nog_rod_bean_though_wad_lube.wav,lube,loop,lube,0.999997615814209,1,Voicing,final,m1,B4_nac,7c9265ebabeb6667ebc8c4332105df55
data/audio/level_normalized_26dbfs_w_concat_carrier_phrase_2/B5_asr_bn/dough_nog_wreath_rod_bad_hodge.wav,hodge,hotch,hodge,0.999634861946106,1,Voicing,final,f1,B5_asr_bn,5cc2eb41d038cc45b641ab7eeb42e937
data/audio/level_normalized_26dbfs_w_concat_carrier_phrase_2/clean/English/test-data/care_zee_flesh_got_soothe_chair.wav,chair,care,chair,0.999857783317566,1,Sibilation,initial,m1,clean,5a027d6d724a4137886a5e123ffb9281
data/audio/level_normalized_26dbfs_w_concat_carrier_phrase_2/B2_mcadams/hop_zoo_pack_oat_jaws_gat.wav,gat,bat,gat,0.997157335281372,1,Compactness,initial,f1,B2_mcadams,da01c846d9c9c17b5b5f894156df8e9f
data/audio/level_normalized_26dbfs_w_concat_carrier_phrase_2/B3_sttts/laws_lube_tong_cap_rap_chew.wav,chew,coo,chew,0.999996662139893,1,Sibilation,initial,m1,B3_sttts,9f4c11a20f83ff1a1d0a67c91d00eb4d
data/audio/level_normalized_26dbfs_w_concat_carrier_phrase_2/B4_nac/seek_class_thick_laws_zee_teak.wav,teak,peak,peak,1.0,0,Graveness,initial,f2,B4_nac,0454569cafaa0588bc3abf956038fb34
data/audio/level_normalized_26dbfs_w_concat_carrier_phrase_2/B5_asr_bn/guilt_shim_strode_rue_ross_gaff.wav,gaff,calf,gaff,0.99999737739563,1,Voicing,initial,f2,B5_asr_bn,c0b47d6a0a15935ea00b3e51d0028dc1
data/audio/TTS_Qwen/so_Ryan.wav,so,show,so,0.999990224838257,1,Compactness,initial,TTS_Ryan,TTS_Qwen,253e9d60bd2ce5ae7d9d153bc940162e
data/audio/level_normalized_26dbfs_w_concat_carrier_phrase_2/clean/English/test-data/loss_gin_zee_chin_shim_choose.wav,choose,shoes,choose,0.999939680099487,1,Sustention,initial,m2,clean,af57940a7e7dd4a5055c0ad3c308b005
data/audio/level_normalized_26dbfs_w_concat_carrier_phrase_2/B2_mcadams/beat_flawed_strode_cheat_go_slob.wav,slob,slav,slob,0.999892592430115,1,Sustention,final,m2,B2_mcadams,923a30f8a7e830a586dd3724bf6f5f4d
data/audio/level_normalized_26dbfs_w_concat_carrier_phrase_2/B3_sttts/dip_back_goop_foal_taught_you.wav,you,rue,you,0.999996304512024,1,Compactness,initial,m2,B3_sttts,9360a4b5b839b5720344216145ab4f2e
data/audio/level_normalized_26dbfs_w_concat_carrier_phrase_2/B4_nac/slob_broke_meat_dock_edge_pack.wav,pack,patch,pack,1.0,1,Sibilation,final,m2,B4_nac,daf10c8688755d9c1480f30637dc7b6c
data/audio/level_normalized_26dbfs_w_concat_carrier_phrase_2/B5_asr_bn/fin_got_chair_bib_gawp_brogue.wav,brogue,broke,broke,0.985655009746552,0,Voicing,final,f2,B5_asr_bn,0203165826e4eb942eeb32a0dd4af84c
data/audio/level_normalized_26dbfs_w_concat_carrier_phrase_2/clean/English/test-data/peen_rue_loon_met_patch_shin.wav,shin,shim,shin,0.999999403953552,1,Graveness,final,f1,clean,ee55f0e5fad1a6e34e07efc14345cc09
data/audio/level_normalized_26dbfs_w_concat_carrier_phrase_2/clean/English/test-data/soothe_shoes_sues_chew_breeze_note.wav,note,dote,note,1.0,1,Nasality,initial,f1,clean,427a2e0252dfa0a8811cf1da59f19315
data/audio/level_normalized_26dbfs_w_concat_carrier_phrase_2/B2_mcadams/daunt_miss_clash_slav_chair_rat.wav,rat,rap,rat,0.999999642372131,1,Graveness,final,f1,B2_mcadams,bcabae411d252e56269923cb4859043f
data/audio/level_normalized_26dbfs_w_concat_carrier_phrase_2/B3_sttts/gauze_flog_than_fit_sheaf_load.wav,load,loathe,load,0.999875545501709,1,Sustention,final,f2,B3_sttts,bf47d2665d094218889c242f26d4983a
data/audio/level_normalized_26dbfs_w_concat_carrier_phrase_2/B4_nac/fan_beg_gaff_loss_fore_so.wav,so,show,so,0.999997735023499,1,Compactness,initial,f2,B4_nac,4adabd63ce5178ae36a2c593a2a5b426
data/audio/level_normalized_26dbfs_w_concat_carrier_phrase_2/B5_asr_bn/fence_sheave_calf_shin_bag_seethe.wav,seethe,seed,seethe,0.999601066112518,1,Sustention,final,m1,B5_asr_bn,9ce70c9a6178a5c90e19a7a46de42225
data/audio/level_normalized_26dbfs_w_concat_carrier_phrase_2/clean/English/test-data/than_loon_patch_ridge_neck_bank.wav,bank,dank,bank,0.99999988079071,1,Graveness,initial,m2,clean,d78ccd8bab7eecde5d5154f9b8663543
data/audio/level_normalized_26dbfs_w_concat_carrier_phrase_2/B2_mcadams/chin_seethe_care_fad_sues_rat.wav,rat,rap,rat,0.999925136566162,1,Graveness,final,m2,B2_mcadams,2a8fd956c362d3c9de1fc84a1d96704b
data/audio/level_normalized_26dbfs_w_concat_carrier_phrase_2/B3_sttts/bad_reef_cop_though_chew_breeze.wav,breeze,breathe,breeze,0.998157441616058,1,Sibilation,final,m1,B3_sttts,ed4e2fda34fe0f58b09ca473aa73a908
data/audio/level_normalized_26dbfs_w_concat_carrier_phrase_2/B4_nac/goop_oak_thee_nip_bank_go.wav,go,joe,go,1.0,1,Sibilation,initial,f1,B4_nac,ccdeb183c9d59a72c27642f0611d791b
data/audio/level_normalized_26dbfs_w_concat_carrier_phrase_2/B5_asr_bn/pack_sheave_rev_tick_myth_deck.wav,deck,neck,deck,0.999999165534973,1,Nasality,initial,f2,B5_asr_bn,14e2319751e78bdccca9eaa79e5c8274
data/audio/level_normalized_26dbfs_w_concat_carrier_phrase_2/clean/English/test-data/wed_strobe_clash_big_bean_knock.wav,knock,notch,knock,0.999997615814209,1,Sibilation,final,m1,clean,7e14e677f125d07c314b787fe322eede
data/audio/level_normalized_26dbfs_w_concat_carrier_phrase_2/B2_mcadams/dong_chin_seed_beat_sheaf_thick.wav,thick,tick,thick,0.99996554851532,1,Sustention,initial,m1,B2_mcadams,f35308d97bdd180a6d696ec96e92ddf5
data/audio/level_normalized_26dbfs_w_concat_carrier_phrase_2/B3_sttts/chin_seethe_care_fad_sues_rat.wav,rat,rap,rat,0.99997341632843,1,Graveness,final,m2,B3_sttts,96bb56da0146eca1936240866e958ce7
data/audio/level_normalized_26dbfs_w_concat_carrier_phrase_2/B4_nac/dock_strode_bag_pence_dank_wroth.wav,wroth,ross,ross,0.999914884567261,0,Sibilation,final,f1,B4_nac,e106fa710121471c516d348ac5ea251d
data/audio/level_normalized_26dbfs_w_concat_carrier_phrase_2/B5_asr_bn/lib_cap_web_chew_dense_breathe.wav,breathe,breeze,breathe,0.999980092048645,1,Sibilation,final,f2,B5_asr_bn,f1b34ea108326c6a46372de8a1be88c8
data/audio/level_normalized_26dbfs_w_concat_carrier_phrase_2/clean/English/test-data/seethe_chair_zee_shin_got_soothe.wav,soothe,sues,soothe,0.999997854232788,1,Sibilation,final,m2,clean,eea3c217a0c32ce2128b6c5936f8c3e0
data/audio/level_normalized_26dbfs_w_concat_carrier_phrase_2/B2_mcadams/goff_teak_neck_pack_beg_sues.wav,sues,soothe,soothe,0.619954288005829,0,Sibilation,final,m2,B2_mcadams,2e6553f332a8c58d1013f01915663f0a
data/audio/level_normalized_26dbfs_w_concat_carrier_phrase_2/B3_sttts/back_pool_loop_loom_rue_caught.wav,caught,taught,caught,0.989021122455597,1,Compactness,initial,m2,B3_sttts,32edf3623ca7a58cf6dad076ab31c6c6
data/audio/level_normalized_26dbfs_w_concat_carrier_phrase_2/B4_nac/bib_tool_mad_loop_pond_taught.wav,taught,caught,taught,0.999968767166138,1,Compactness,initial,f1,B4_nac,c66287eadc4580a57d4603033fd6c8de
data/audio/level_normalized_26dbfs_w_concat_carrier_phrase_2/B5_asr_bn/gat_thick_miss_deck_noon_ref.wav,ref,rev,ref,0.999929666519165,1,Voicing,final,f2,B5_asr_bn,2e627f1bc2f66a19af554ee9c0c6e66d
data/audio/TTS_Qwen/box_Ryan.wav,box,vox,box,1.0,1,Sustention,initial,TTS_Ryan,TTS_Qwen,41b887085d66ebeff7f1536ba4b03801
data/audio/level_normalized_26dbfs_w_concat_carrier_phrase_2/clean/English/test-data/bib_gem_ross_bat_goff_class.wav,class,clash,class,0.999521374702454,1,Compactness,final,m2,clean,7f3cf3bb4619299fe797bdc46eab82b3
data/audio/level_normalized_26dbfs_w_concat_carrier_phrase_2/B2_mcadams/thick_myth_pool_moan_go_oat.wav,oat,oak,oat,0.999851942062378,1,Compactness,final,m2,B2_mcadams,c0d8b086318485e2b2b4736d48c0f786
data/audio/level_normalized_26dbfs_w_concat_carrier_phrase_2/B3_sttts/bank_loom_nude_dock_peak_load.wav,load,loathe,load,0.992814123630524,1,Sustention,final,m1,B3_sttts,d17a23dbd52969fb1c3057095813f935
data/audio/level_normalized_26dbfs_w_concat_carrier_phrase_2/clean/English/test-data/dip_egg_duke_bad_live_thee.wav,thee,zee,thee,1.0,1,Sibilation,initial,m1,clean,a5ecd3fecb0e78d563b39f20b13b0a8a
data/audio/level_normalized_26dbfs_w_concat_carrier_phrase_2/B2_mcadams/wroth_gem_calf_troth_taught_rue.wav,rue,you,rue,0.760839998722076,1,Compactness,initial,f2,B2_mcadams,59b2cedfb2489b9faf6b8cde24cb7b25
data/audio/level_normalized_26dbfs_w_concat_carrier_phrase_2/B3_sttts/dong_boss_bean_shoes_chair_duke.wav,duke,dupe,duke,0.971252977848053,1,Compactness,final,f1,B3_sttts,d0bb22437730af1182433dd0e2168638
data/audio/level_normalized_26dbfs_w_concat_carrier_phrase_2/B4_nac/gawp_sheaf_slav_growth_taunt_ross.wav,ross,wroth,ross,0.999974966049194,1,Sibilation,final,m2,B4_nac,3b8892bd3da97c0bf08d1b5b6c0f34d3
data/audio/level_normalized_26dbfs_w_concat_carrier_phrase_2/B5_asr_bn/though_fin_thank_fence_laws_gin.wav,gin,chin,chin,0.624004065990448,0,Voicing,initial,f2,B5_asr_bn,90212a7318bb415bad7901b42badeaab
data/audio/TTS_Qwen/egg_Ryan.wav,egg,edge,egg,0.999987363815308,1,Sibilation,final,TTS_Ryan,TTS_Qwen,00997579c344b51d1b974ed203a323b7
data/audio/level_normalized_26dbfs_w_concat_carrier_phrase_2/clean/English/test-data/trough_chair_vox_big_rim_gem.wav,gem,jeb,gem,0.99982100725174,1,Nasality,final,f2,clean,92560215de805615bded5eaa4d4542b7
data/audio/level_normalized_26dbfs_w_concat_carrier_phrase_2/B2_mcadams/you_daunt_thank_wreath_dip_knob.wav,knob,nog,knob,1.0,1,Compactness,final,m2,B2_mcadams,a9442474fd9ce2fe122cba1ee16efd93
data/audio/level_normalized_26dbfs_w_concat_carrier_phrase_2/B3_sttts/bag_foal_dank_slob_screed_boot.wav,boot,moot,boot,0.988332211971283,1,Nasality,initial,f1,B3_sttts,66d7547debf7ff7e25b5735907a70b5a
data/audio/level_normalized_26dbfs_w_concat_carrier_phrase_2/B4_nac/peg_broad_cap_dip_keg_wreath.wav,wreath,reef,wreath,0.999999761581421,1,Graveness,final,m2,B4_nac,60e44cfd5c93921fe5c9203d16119d71
data/audio/level_normalized_26dbfs_w_concat_carrier_phrase_2/B5_asr_bn/flog_vole_jilt_go_goof_sue.wav,sue,zoo,sue,0.999978423118591,1,Voicing,initial,m2,B5_asr_bn,5da7df4ee45da47a8cee60e7bf5a0b6a
data/audio/level_normalized_26dbfs_w_concat_carrier_phrase_2/clean/English/test-data/fore_note_box_got_beg_rib.wav,rib,rim,rib,0.999902248382568,1,Nasality,final,f1,clean,daf895d8940d45fb02f7068d5f9691af
data/audio/level_normalized_26dbfs_w_concat_carrier_phrase_2/B2_mcadams/knock_bed_bank_daunt_lib_ridge.wav,ridge,rich,ridge,0.996726036071777,1,Voicing,final,m1,B2_mcadams,4d64d8ab8ab50c436d9c1b1c1af3d143
data/audio/level_normalized_26dbfs_w_concat_carrier_phrase_2/B3_sttts/fore_shin_fence_bag_calf_pence.wav,pence,fence,pence,0.987893044948578,1,Sustention,initial,m1,B3_sttts,55e4a6c3eaf6467708b31c29b45d2ab0
data/audio/level_normalized_26dbfs_w_concat_carrier_phrase_2/B4_nac/care_seed_rat_moss_fan_boss.wav,boss,moss,boss,0.99999988079071,1,Nasality,initial,m1,B4_nac,111153b38bff6db277b9f4d0fdd018be
data/audio/level_normalized_26dbfs_w_concat_carrier_phrase_2/B5_asr_bn/gross_jilt_show_strobe_so_growth.wav,growth,gross,growth,0.999993681907654,1,Sibilation,final,f2,B5_asr_bn,990bb3351442a803240355fb647a1902
data/audio/level_normalized_26dbfs_w_concat_carrier_phrase_2/clean/English/test-data/wreath_breeze_dupe_shim_bean_breathe.wav,breathe,breeze,breathe,0.999703824520111,1,Sibilation,final,f1,clean,5f1b2fdb6c576d94c58798b37fd13604
data/audio/level_normalized_26dbfs_w_concat_carrier_phrase_2/B2_mcadams/sheet_rich_guilt_moot_big_screed.wav,screed,screen,screed,0.981174945831299,1,Nasality,final,f2,B2_mcadams,e70909f97f769f6468410221bcaeed2d
data/audio/level_normalized_26dbfs_w_concat_carrier_phrase_2/B3_sttts/gat_hit_go_sue_zoo_shin.wav,shin,shim,shin,0.95934671163559,1,Graveness,final,m2,B3_sttts,48a672d2ea57a6f7db6d8c643d85ee0e
data/audio/level_normalized_26dbfs_w_concat_carrier_phrase_2/B4_nac/hit_miss_beat_sue_teak_flawed.wav,flawed,flog,flog,0.999978065490723,0,Compactness,final,m1,B4_nac,fc409ebcc9dcbccbf903442fceace71e
data/audio/level_normalized_26dbfs_w_concat_carrier_phrase_2/B5_asr_bn/gaff_beg_moss_bed_fan_thor.wav,thor,fore,thor,0.624057292938232,1,Graveness,initial,f2,B5_asr_bn,c961f42455dd12d4d16aa703cfc8924f
data/audio/level_normalized_26dbfs_w_concat_carrier_phrase_2/clean/English/test-data/joe_bob_taught_go_met_oak.wav,oak,oat,oak,0.996516704559326,1,Compactness,final,f2,clean,805529a2da39b7e2f2b82865d8e3d1f2
data/audio/level_normalized_26dbfs_w_concat_carrier_phrase_2/B2_mcadams/notch_breeze_yield_shin_got_dong.wav,dong,bong,dong,0.998931229114532,1,Graveness,initial,f2,B2_mcadams,066a3d651a68956ae7b42e4963323e58
data/audio/level_normalized_26dbfs_w_concat_carrier_phrase_2/B3_sttts/box_screed_hot_seep_chair_bat.wav,bat,gat,bat,0.99999988079071,1,Compactness,initial,f1,B3_sttts,b1fdd36f8181fb53b826c1f0fcb89a0b
data/audio/level_normalized_26dbfs_w_concat_carrier_phrase_2/clean/English/test-data/lib_rod_brogue_chew_peen_hodge.wav,hodge,hotch,hodge,0.999999165534973,1,Voicing,final,m1,clean,9a8c1f0c60a660589a1e6b2cdb1a4232
data/audio/level_normalized_26dbfs_w_concat_carrier_phrase_2/B2_mcadams/loom_tick_myth_goop_slob_edge.wav,edge,egg,edge,0.999995470046997,1,Sibilation,final,m2,B2_mcadams,7b07670bce51bb3642fa0da5e3921b52
data/audio/level_normalized_26dbfs_w_concat_carrier_phrase_2/B3_sttts/edge_chew_peen_hodge_coo_hotch.wav,hotch,hodge,hodge,0.948198199272156,0,Voicing,final,f2,B3_sttts,4beb961598786189b576b3740f684733
data/audio/level_normalized_26dbfs_w_concat_carrier_phrase_2/B4_nac/loss_note_wreath_shim_reef_shoes.wav,shoes,choose,shoes,1.0,1,Sustention,initial,f2,B4_nac,f488f1076e2d5f801bd1a277b7bc1565
data/audio/level_normalized_26dbfs_w_concat_carrier_phrase_2/B5_asr_bn/daunt_troth_jeb_big_moot_rich.wav,rich,ridge,rich,0.999872207641602,1,Voicing,final,f2,B5_asr_bn,08567938ec4c61d9eb36fe8fc588a926
data/audio/level_normalized_26dbfs_w_concat_carrier_phrase_2/clean/English/test-data/bong_thor_strobe_dough_bank_chop.wav,chop,cop,chop,0.999999523162842,1,Sibilation,initial,m2,clean,29131703f675e51c229841abe0149b48
data/audio/level_normalized_26dbfs_w_concat_carrier_phrase_2/B2_mcadams/wed_bean_yield_tong_chew_thong.wav,thong,tong,thong,0.973358154296875,1,Sustention,initial,f1,B2_mcadams,0e8aae15bcd3e0e7f54f0208d595ce2a
data/audio/level_normalized_26dbfs_w_concat_carrier_phrase_2/B3_sttts/gaff_beg_moss_bed_fan_thor.wav,thor,fore,fore,0.999999165534973,0,Graveness,initial,f2,B3_sttts,f447a7bd3d5f6bb5773ed479e9f446ea
data/audio/level_normalized_26dbfs_w_concat_carrier_phrase_2/B4_nac/tong_taunt_thank_jeb_clash_hop.wav,hop,hot,hop,0.999985337257385,1,Graveness,final,m1,B4_nac,4352421576f2cb7ed546383463ad9605
data/audio/level_normalized_26dbfs_w_concat_carrier_phrase_2/B5_asr_bn/calf_bong_beg_fletch_note_box.wav,box,vox,box,1.0,1,Sustention,initial,f1,B5_asr_bn,b1d29d7e21fbf338b27bfbbf44620418
data/audio/level_normalized_26dbfs_w_concat_carrier_phrase_2/clean/English/test-data/daunt_chair_net_rat_slav_tense.wav,tense,dense,tense,0.999999165534973,1,Voicing,initial,f1,clean,b8ae3aa1a285f1f4c85981a1f7c0b939
data/audio/level_normalized_26dbfs_w_concat_carrier_phrase_2/B2_mcadams/bond_jilt_thee_chew_nude_teak.wav,teak,peak,teak,0.998126327991486,1,Graveness,initial,m2,B2_mcadams,5f673014491ad74c7818c844e35ee040
data/audio/level_normalized_26dbfs_w_concat_carrier_phrase_2/B3_sttts/than_bank_bond_net_rev_bat.wav,bat,gat,bat,0.997871398925781,1,Compactness,initial,m2,B3_sttts,e9857a7d17ff6e802c033e846bf88c15
data/audio/level_normalized_26dbfs_w_concat_carrier_phrase_2/B4_nac/goop_goof_ross_bag_bank_seep.wav,seep,seek,seep,0.999837875366211,1,Compactness,final,f2,B4_nac,ca68e22cc8ae201c39fbbe580577ec12
data/audio/level_normalized_26dbfs_w_concat_carrier_phrase_2/B5_asr_bn/fletch_calf_gin_peen_loss_fan.wav,fan,fad,fan,0.925737977027893,1,Nasality,final,m2,B5_asr_bn,fe7ffc3044b5fc8bb146863de1b2a8d3
data/audio/level_normalized_26dbfs_w_concat_carrier_phrase_2/clean/English/test-data/care_seed_rat_moss_fan_boss.wav,boss,moss,boss,1.0,1,Nasality,initial,m1,clean,677c665127e7a462a038385df6be1f02
data/audio/level_normalized_26dbfs_w_concat_carrier_phrase_2/B2_mcadams/seep_seek_shim_screen_dote_screed.wav,screed,screen,screed,0.95312762260437,1,Nasality,final,m1,B2_mcadams,f07b7271a3ad298d82e22f47b03d7940
data/audio/level_normalized_26dbfs_w_concat_carrier_phrase_2/B3_sttts/bomb_bat_gauze_joe_gat_nude.wav,nude,noon,nude,0.999999523162842,1,Nasality,final,m1,B3_sttts,5c9a038972416ada5cae3652e4d843c4
data/audio/level_normalized_26dbfs_w_concat_carrier_phrase_2/B4_nac/bomb_shin_miss_notch_thick_joe.wav,joe,go,joe,0.999994516372681,1,Sibilation,initial,m2,B4_nac,3f6064832ee41e7489c9c5e70e8bb8a4
data/audio/level_normalized_26dbfs_w_concat_carrier_phrase_2/B5_asr_bn/live_mode_lib_moan_chop_yield.wav,yield,wield,yield,0.999643564224243,1,Compactness,initial,m1,B5_asr_bn,f96679146ceb9748e57a0625f33cce52
data/audio/TTS_Qwen/fletch_Ryan.wav,fletch,flesh,fletch,0.99937516450882,1,Sustention,final,TTS_Ryan,TTS_Qwen,23b813b5735005a5aeac00a32d584d3f
data/audio/level_normalized_26dbfs_w_concat_carrier_phrase_2/clean/English/test-data/bomb_loathe_fit_gauze_dan_beat.wav,beat,meat,beat,0.999996900558472,1,Nasality,initial,f2,clean,2736c5ccd0bbfc0d57f224aa6135e330
data/audio/level_normalized_26dbfs_w_concat_carrier_phrase_2/B2_mcadams/bong_brawn_reef_cop_chew_laws.wav,laws,loss,laws,0.997091889381409,1,Voicing,final,m1,B2_mcadams,775f6e7763fc3f78d7fb4dab4d33df71
data/audio/level_normalized_26dbfs_w_concat_carrier_phrase_2/B3_sttts/peen_zee_dot_loss_rap_gaff.wav,gaff,calf,gaff,0.999992966651917,1,Voicing,initial,m2,B3_sttts,5363a134f0b977cd3a520466b7e80a43
data/audio/level_normalized_26dbfs_w_concat_carrier_phrase_2/clean/English/test-data/dense_calf_got_loss_zee_seep.wav,seep,seek,seep,0.999294877052307,1,Compactness,final,m2,clean,1b8239d8d4454f02d2e263bd1ec86059
data/audio/level_normalized_26dbfs_w_concat_carrier_phrase_2/B2_mcadams/rev_edge_pond_gauze_load_fad.wav,fad,fan,fad,0.977320790290833,1,Nasality,final,f2,B2_mcadams,07910793ba025c3887be4fec7fb855c9
data/audio/level_normalized_26dbfs_w_concat_carrier_phrase_2/B3_sttts/zoo_deck_patch_myth_oat_bat.wav,bat,gat,bat,0.999614477157593,1,Compactness,initial,f2,B3_sttts,9cf447bec5fec21627be6c6d0a1f13e9
data/audio/level_normalized_26dbfs_w_concat_carrier_phrase_2/B4_nac/boss_gem_ross_foal_goof_guilt.wav,guilt,jilt,guilt,0.999999165534973,1,Sibilation,initial,m2,B4_nac,8e061b57b166940f632364e2421e4b70
data/audio/level_normalized_26dbfs_w_concat_carrier_phrase_2/B5_asr_bn/rue_chew_breeze_moan_edge_bong.wav,bong,dong,bong,0.999997973442078,1,Graveness,initial,m1,B5_asr_bn,d13ed031b404c5c594c9a19ac32f4080
data/audio/level_normalized_26dbfs_w_concat_carrier_phrase_2/clean/English/test-data/fan_beg_gaff_loss_fore_so.wav,so,show,so,0.999811470508575,1,Compactness,initial,f2,clean,bb3ffbb8f9f3198c60733dd55a486be3
data/audio/level_normalized_26dbfs_w_concat_carrier_phrase_2/B2_mcadams/bean_reef_dot_chair_vox_loss.wav,loss,laws,loss,0.99701201915741,1,Voicing,final,f1,B2_mcadams,1492b506a6c5548e26484198e087a670
data/audio/level_normalized_26dbfs_w_concat_carrier_phrase_2/B3_sttts/loon_oak_loom_dan_nip_pond.wav,pond,bond,pond,0.800377666950226,1,Voicing,initial,f1,B3_sttts,94860dd1630faca403102e9072c7641b
data/audio/level_normalized_26dbfs_w_concat_carrier_phrase_2/B4_nac/rim_taught_thee_met_pool_wad.wav,wad,rod,wad,0.583832800388336,1,Graveness,initial,f2,B4_nac,e8f984e2583b183e3be469d10a11fcf7
data/audio/level_normalized_26dbfs_w_concat_carrier_phrase_2/B5_asr_bn/slob_net_box_teak_sheet_screed.wav,screed,screen,screed,0.999633431434631,1,Nasality,final,f1,B5_asr_bn,a7118767046c639dbdca962159336a3d
data/audio/level_normalized_26dbfs_w_concat_carrier_phrase_2/clean/English/test-data/shim_loom_broad_beat_patch_fletch.wav,fletch,flesh,fletch,0.997114896774292,1,Sustention,final,f1,clean,450b60bdf190c222838ffa25b26ec2be
data/audio/level_normalized_26dbfs_w_concat_carrier_phrase_2/B2_mcadams/though_laws_thank_fence_fin_trough.wav,trough,troth,troth,0.991671442985535,0,Graveness,final,f1,B2_mcadams,9df52d1c906371a3b6313742545e1a4a
data/audio/level_normalized_26dbfs_w_concat_carrier_phrase_2/B3_sttts/lib_cap_web_chew_dense_breathe.wav,breathe,breeze,breathe,0.999983310699463,1,Sibilation,final,f2,B3_sttts,02c0d18b5e055d28d4f30c26ed047453
data/audio/level_normalized_26dbfs_w_concat_carrier_phrase_2/B4_nac/foal_so_class_nog_growth_rue.wav,rue,you,rue,0.999987363815308,1,Compactness,initial,m2,B4_nac,6fd1d74e8665f9e596ce5203e34b486f
data/audio/level_normalized_26dbfs_w_concat_carrier_phrase_2/B5_asr_bn/fad_seethe_rat_sheave_bag_calf.wav,calf,cap,calf,0.963898062705994,1,Sustention,final,m2,B5_asr_bn,128a51f7e09bbf0b867d0c164defffeb
data/audio/level_normalized_26dbfs_w_concat_carrier_phrase_2/clean/English/test-data/dot_tense_rat_fletch_laws_note.wav,note,dote,note,1.0,1,Nasality,initial,m2,clean,4f006998ee3f9108a4cc5e95d4aebf76
data/audio/level_normalized_26dbfs_w_concat_carrier_phrase_2/B2_mcadams/bag_foal_dank_slob_screed_boot.wav,boot,moot,boot,0.99640417098999,1,Nasality,initial,f1,B2_mcadams,c3d8dc9dda12781ac83fd6a89efb3114
data/audio/level_normalized_26dbfs_w_concat_carrier_phrase_2/B3_sttts/goop_oak_thee_nip_bank_go.wav,go,joe,go,1.0,1,Sibilation,initial,f1,B3_sttts,4288ea9d22bc71d94174fba071ae6e1c
data/audio/level_normalized_26dbfs_w_concat_carrier_phrase_2/B4_nac/zoo_jaws_oat_neck_choose_sheaf.wav,sheaf,sheave,sheaf,0.974957585334778,1,Voicing,final,m1,B4_nac,75d262fca68661ccb698795487fdf86f
data/audio/level_normalized_26dbfs_w_concat_carrier_phrase_2/B5_asr_bn/rod_tong_peen_wed_knob_nog.wav,nog,knob,knob,0.999999523162842,0,Compactness,final,f2,B5_asr_bn,d92a1b208895538cdf8ba9baf0bacc31
data/audio/TTS_Qwen/rap_Ryan.wav,rap,rat,rap,0.999506831169128,1,Graveness,final,TTS_Ryan,TTS_Qwen,a73421f44a3284e20fc1e435a49c26a8
data/audio/level_normalized_26dbfs_w_concat_carrier_phrase_2/clean/English/test-data/thong_tong_reef_coo_mode_keg.wav,keg,peg,keg,0.999979615211487,1,Compactness,initial,f2,clean,e46c5fe2b392d41e80569fa427b76b1b
data/audio/level_normalized_26dbfs_w_concat_carrier_phrase_2/B2_mcadams/chop_moan_cap_hotch_lib_dense.wav,dense,tense,dense,0.966066539287567,1,Voicing,initial,f2,B2_mcadams,895c9bc2a54162b38d2e4782d7dc6484
data/audio/level_normalized_26dbfs_w_concat_carrier_phrase_2/B3_sttts/hit_pond_bib_pool_wield_reef.wav,reef,wreath,reef,0.99954742193222,1,Graveness,final,m2,B3_sttts,e37eb52c9821406e6241d8392598e05c
data/audio/level_normalized_26dbfs_w_concat_carrier_phrase_2/clean/English/test-data/shoes_chin_shin_reef_dense_wield.wav,wield,yield,wield,0.999996900558472,1,Compactness,initial,f2,clean,c182c8f1a63743b4e3f51d30f4acf953
data/audio/level_normalized_26dbfs_w_concat_carrier_phrase_2/B2_mcadams/ridge_pool_load_bong_oak_clash.wav,clash,class,clash,0.999981045722961,1,Compactness,final,m2,B2_mcadams,80ae37a61b71df4b39fb6f7e806ebe30
data/audio/level_normalized_26dbfs_w_concat_carrier_phrase_2/B3_sttts/dot_loss_shin_moss_broke_gin.wav,gin,chin,gin,0.999995231628418,1,Voicing,initial,f1,B3_sttts,882295c159414aa66a765265e359444c
data/audio/level_normalized_26dbfs_w_concat_carrier_phrase_2/B4_nac/wreath_fad_shin_fence_bag_fore.wav,fore,thor,fore,0.869923233985901,1,Graveness,initial,m1,B4_nac,82e91b7da274fbc2887c4d74cc6c3509
data/audio/level_normalized_26dbfs_w_concat_carrier_phrase_2/B5_asr_bn/bean_lube_dip_thong_edge_peen.wav,peen,bean,peen,0.988642156124115,1,Voicing,initial,m1,B5_asr_bn,ab992fea93441be507a71b1789c76ba3
data/audio/TTS_Qwen/sank_Ryan.wav,sank,thank,sank,0.976670026779175,1,Sibilation,initial,TTS_Ryan,TTS_Qwen,2b702bd1e757916e42a565783d2bf899
data/audio/level_normalized_26dbfs_w_concat_carrier_phrase_2/clean/English/test-data/patch_ridge_rich_gawp_slav_strode.wav,strode,strobe,strode,0.999985575675964,1,Graveness,final,m2,clean,2dc78a788788fb7a9c4c2ef8356dff66
data/audio/level_normalized_26dbfs_w_concat_carrier_phrase_2/B2_mcadams/goof_big_fence_vole_thee_taught.wav,taught,caught,taught,0.996705830097198,1,Compactness,initial,f2,B2_mcadams,c72a6eaee563f1c2bdd53044cfdc2b59
data/audio/level_normalized_26dbfs_w_concat_carrier_phrase_2/B3_sttts/goof_broke_guilt_screen_sank_thin.wav,thin,fin,thin,0.904456496238708,1,Graveness,initial,f2,B3_sttts,029abd76b31eaeb732074284e04f0ea1
data/audio/level_normalized_26dbfs_w_concat_carrier_phrase_2/B4_nac/dough_chin_zee_vox_dot_chew.wav,chew,coo,chew,0.999990582466125,1,Sibilation,initial,f1,B4_nac,76bf5acb73bfc1beb034b1b50e8b85aa
data/audio/level_normalized_26dbfs_w_concat_carrier_phrase_2/B5_asr_bn/nude_oak_rap_noon_bomb_peak.wav,peak,teak,peak,1.0,1,Graveness,initial,f1,B5_asr_bn,acaed2628674e223b79606519fa2be41
data/audio/level_normalized_26dbfs_w_concat_carrier_phrase_2/clean/English/test-data/moot_foal_class_boot_growth_pence.wav,pence,fence,pence,0.99999988079071,1,Sustention,initial,f2,clean,a1d981f5a0c7d164ed069d74194d439e
data/audio/level_normalized_26dbfs_w_concat_carrier_phrase_2/B2_mcadams/bond_rue_meat_you_loop_load.wav,load,loathe,load,0.863178193569183,1,Sustention,final,f1,B2_mcadams,640fed88ccf68a9c8f8a9d07bea2eda2
data/audio/level_normalized_26dbfs_w_concat_carrier_phrase_2/B3_sttts/than_hit_nude_hot_dong_thor.wav,thor,fore,thor,0.996268332004547,1,Graveness,initial,m1,B3_sttts,61ffba2761bf5c0a7c85930855c4eeea
data/audio/level_normalized_26dbfs_w_concat_carrier_phrase_2/B4_nac/bad_dock_bean_back_bed_class.wav,class,clash,class,0.999999642372131,1,Compactness,final,m1,B4_nac,76fb5ab8dd27dcb6e9791824d9eb1b28
data/audio/level_normalized_26dbfs_w_concat_carrier_phrase_2/B5_asr_bn/mad_keg_duke_bad_edge_rue.wav,rue,you,rue,0.693270206451416,1,Compactness,initial,m1,B5_asr_bn,193d220b97668378d498e5189590856e
data/audio/level_normalized_26dbfs_w_concat_carrier_phrase_2/clean/English/test-data/troth_broad_thin_bib_goop_daunt.wav,daunt,taunt,daunt,0.999613106250763,1,Voicing,initial,f2,clean,5420acc9c085062359dd271d60b1eabb
data/audio/level_normalized_26dbfs_w_concat_carrier_phrase_2/B2_mcadams/tick_seep_cheat_seethe_thin_thick.wav,thick,tick,thick,0.994928598403931,1,Sustention,initial,f1,B2_mcadams,0554b184ac86f3653d35f8f862b2ea63
data/audio/level_normalized_26dbfs_w_concat_carrier_phrase_2/B3_sttts/flesh_peen_than_net_dan_rap.wav,rap,rat,rap,0.957232534885406,1,Graveness,final,f1,B3_sttts,e59d73de3b2135a8e4fd30b8636ac09d
data/audio/level_normalized_26dbfs_w_concat_carrier_phrase_2/B4_nac/tense_wad_cop_rod_peen_wed.wav,wed,web,wed,0.999243021011353,1,Graveness,final,f1,B4_nac,a1e79d26b8eb282e460981c616b1204e
data/audio/level_normalized_26dbfs_w_concat_carrier_phrase_2/B5_asr_bn/jaws_hit_patch_flawed_soothe_oat.wav,oat,oak,oat,0.999906182289124,1,Compactness,final,m1,B5_asr_bn,d76d3860c14876471f1c36525104e873
data/audio/level_normalized_26dbfs_w_concat_carrier_phrase_2/clean/English/test-data/sheaf_zoo_peak_deck_sheave_hit.wav,hit,fit,hit,0.999966502189636,1,Compactness,initial,f2,clean,f76c50ad9f55d446013f6d8cc9180021
data/audio/level_normalized_26dbfs_w_concat_carrier_phrase_2/B2_mcadams/beat_oat_jaws_sheave_than_dan.wav,dan,than,than,0.982993245124817,0,Sustention,initial,f2,B2_mcadams,4b4526658735ef040efc249438e1ad15
data/audio/level_normalized_26dbfs_w_concat_carrier_phrase_2/B3_sttts/miss_cheat_daunt_teak_cap_net.wav,net,met,net,0.99999988079071,1,Graveness,initial,f2,B3_sttts,41dfcb01c8b4943cea3dbe474fa28612
data/audio/level_normalized_26dbfs_w_concat_carrier_phrase_2/clean/English/test-data/wroth_show_daunt_gem_knock_care.wav,care,chair,care,0.99999988079071,1,Sibilation,initial,f2,clean,3cba8679cac35dff5e904e51b865893b
data/audio/level_normalized_26dbfs_w_concat_carrier_phrase_2/B2_mcadams/myth_neck_rev_sheave_pack_loathe.wav,loathe,load,load,0.635020673274994,0,Sustention,final,f2,B2_mcadams,6c6ca0bb4737225bb1ba31c390fa69b3
data/audio/level_normalized_26dbfs_w_concat_carrier_phrase_2/B3_sttts/rim_nog_thong_rue_wed_peg.wav,peg,keg,peg,1.0,1,Compactness,initial,m1,B3_sttts,1a53bb86486e4a0de189aacf91301684
data/audio/level_normalized_26dbfs_w_concat_carrier_phrase_2/B4_nac/hotch_lube_web_hodge_loop_coo.wav,coo,chew,coo,0.999979615211487,1,Sibilation,initial,m1,B4_nac,744ee9bd7219777704e7ec28b1422476
data/audio/level_normalized_26dbfs_w_concat_carrier_phrase_2/B5_asr_bn/bomb_shin_miss_notch_thick_joe.wav,joe,go,joe,0.999989628791809,1,Sibilation,initial,m2,B5_asr_bn,18a0ac63f7d66b575bf484aa84fcf7a6
data/audio/TTS_Qwen/bib_Ryan.wav,bib,big,bib,0.999995946884155,1,Compactness,final,TTS_Ryan,TTS_Qwen,05e684b0d1dbe2e84519e80fec228955
data/audio/level_normalized_26dbfs_w_concat_carrier_phrase_2/clean/English/test-data/sank_ross_nog_rue_so_goop.wav,goop,goof,goop,0.999948740005493,1,Sustention,final,m1,clean,440fd76a7350879348b35775c1b7fe90
data/audio/level_normalized_26dbfs_w_concat_carrier_phrase_2/B2_mcadams/nip_thin_deck_tick_back_meat.wav,meat,beat,meat,0.963363945484161,1,Nasality,initial,m1,B2_mcadams,0ac128d34aa4b1d2f21082fbc41b44c9
data/audio/level_normalized_26dbfs_w_concat_carrier_phrase_2/B3_sttts/rat_daunt_hotch_guilt_moot_chair.wav,chair,care,chair,0.999958038330078,1,Sibilation,initial,m2,B3_sttts,2b83422335e0e0808b8edd508386ddd6
data/audio/level_normalized_26dbfs_w_concat_carrier_phrase_2/B4_nac/dip_egg_duke_bad_live_thee.wav,thee,zee,thee,0.99999988079071,1,Sibilation,initial,m1,B4_nac,27d1f815da06492d1053e63bfe9a2b50
data/audio/level_normalized_26dbfs_w_concat_carrier_phrase_2/B5_asr_bn/egg_bad_chew_peg_loop_lube.wav,lube,loop,lube,0.599491536617279,1,Voicing,final,f2,B5_asr_bn,6f43f0bf3c533b74eef2112d43365739
data/audio/level_normalized_26dbfs_w_concat_carrier_phrase_2/clean/English/test-data/gat_thick_miss_deck_noon_ref.wav,ref,rev,ref,0.99984085559845,1,Voicing,final,f2,clean,222ece84ecf3fbfd93eb9796502d3642
data/audio/level_normalized_26dbfs_w_concat_carrier_phrase_2/B2_mcadams/bob_hot_flawed_teak_mad_nude.wav,nude,noon,nude,0.999999761581421,1,Nasality,final,f1,B2_mcadams,e0208985ef2c1d349057bd22ab606dcb
data/audio/level_normalized_26dbfs_w_concat_carrier_phrase_2/B3_sttts/cheat_moot_pence_guilt_jilt_gross.wav,gross,growth,gross,0.99999988079071,1,Sibilation,final,m2,B3_sttts,12ea23c534524c7d41baa04fe3ff4370
data/audio/level_normalized_26dbfs_w_concat_carrier_phrase_2/B4_nac/guilt_thin_class_bib_big_moot.wav,moot,boot,moot,0.999995708465576,1,Nasality,initial,f2,B4_nac,bf576e0675281aa2b33d7c1d09ab69a8
data/audio/level_normalized_26dbfs_w_concat_carrier_phrase_2/B5_asr_bn/loathe_noon_deck_joe_gat_loom.wav,loom,loon,loom,0.720079243183136,1,Graveness,final,m1,B5_asr_bn,da13614559835482dc5324836e9f3a0e
data/audio/level_normalized_26dbfs_w_concat_carrier_phrase_2/clean/English/test-data/foal_growth_big_strode_ref_goof.wav,goof,goop,goof,0.995805382728577,1,Sustention,final,m2,clean,18ac99717b1fac4f335feb78805104b2
data/audio/level_normalized_26dbfs_w_concat_carrier_phrase_2/B2_mcadams/jaws_fence_seed_tick_box_cap.wav,cap,calf,cap,0.99999988079071,1,Sustention,final,f1,B2_mcadams,af1e514d4042ab288ba8903aa795583b
data/audio/level_normalized_26dbfs_w_concat_carrier_phrase_2/B3_sttts/neck_vole_zoo_patch_bib_chew.wav,chew,coo,chew,0.99999725818634,1,Sibilation,initial,m2,B3_sttts,efddf41ee89b8539612e709662a98e0c
data/audio/level_normalized_26dbfs_w_concat_carrier_phrase_2/B4_nac/egg_goop_sank_show_wed_thank.wav,thank,sank,thank,0.868450462818146,1,Sibilation,initial,m1,B4_nac,78d223443e48d0ebb9442ed0fccf0e71
data/audio/level_normalized_26dbfs_w_concat_carrier_phrase_2/B5_asr_bn/fore_shin_rat_wreath_trough_bag.wav,bag,back,back,0.999328255653381,0,Voicing,final,m1,B5_asr_bn,927d7690c8517f096895df3f7988cfd1
data/audio/level_normalized_26dbfs_w_concat_carrier_phrase_2/clean/English/test-data/joe_patch_beat_sheaf_ref_loathe.wav,loathe,load,loathe,0.999988317489624,1,Sustention,final,f1,clean,6885da91974f6ae8269a86acfb926744
data/audio/level_normalized_26dbfs_w_concat_carrier_phrase_2/B2_mcadams/peg_rod_wad_nip_wield_mode.wav,mode,moan,mode,0.879446566104889,1,Nasality,final,m2,B2_mcadams,5fa3b728c483c753436f0924658f557f
data/audio/level_normalized_26dbfs_w_concat_carrier_phrase_2/B3_sttts/bib_tool_mad_loop_pond_taught.wav,taught,caught,taught,0.999994158744812,1,Compactness,initial,f1,B3_sttts,599e8a1e68a4e07fe44968fe1dde3209
data/audio/level_normalized_26dbfs_w_concat_carrier_phrase_2/clean/English/test-data/bad_dock_bean_back_bed_class.wav,class,clash,class,0.999998092651367,1,Compactness,final,m1,clean,50703b4b9edf2aa4aa3ed9106a08d7ea
data/audio/level_normalized_26dbfs_w_concat_carrier_phrase_2/B2_mcadams/bat_breathe_duke_bond_bank_gawp.wav,gawp,goff,goff,0.758409202098846,0,Sustention,final,m1,B2_mcadams,2fcefa073549ed9d6fefe995360a2776
data/audio/level_normalized_26dbfs_w_concat_carrier_phrase_2/B3_sttts/meat_rue_oat_shin_moan_flawed.wav,flawed,flog,flog,0.988155484199524,0,Compactness,final,f1,B3_sttts,718ba2ada3fb174c880236b9a657c2c2
data/audio/level_normalized_26dbfs_w_concat_carrier_phrase_2/B4_nac/bat_slob_sheet_sank_thick_clash.wav,clash,class,clash,0.999991178512573,1,Compactness,final,f1,B4_nac,6e4e01a29cd1ba8b08efe0c8c3a5840e
data/audio/level_normalized_26dbfs_w_concat_carrier_phrase_2/B5_asr_bn/joe_patch_beat_sheaf_ref_loathe.wav,loathe,load,loathe,0.989139139652252,1,Sustention,final,f1,B5_asr_bn,48c5d49823d9fcdd683a213282a063be
data/audio/level_normalized_26dbfs_w_concat_carrier_phrase_2/clean/English/test-data/rap_seek_seep_shim_screen_dote.wav,dote,note,dote,0.999972701072693,1,Nasality,initial,m1,clean,e96c109f7fcf6bb2ec228305ce19abd5
data/audio/level_normalized_26dbfs_w_concat_carrier_phrase_2/B2_mcadams/wreath_bed_bad_wed_lib_caught.wav,caught,taught,caught,0.999831914901733,1,Compactness,initial,m1,B2_mcadams,140dbe11c5cabb1b529c01f232f2ee30
data/audio/level_normalized_26dbfs_w_concat_carrier_phrase_2/B3_sttts/moss_rib_notch_thor_dote_brogue.wav,brogue,broke,broke,0.990332305431366,0,Voicing,final,f1,B3_sttts,84e8ee1f57a04b15e8b6259559f2552e
data/audio/level_normalized_26dbfs_w_concat_carrier_phrase_2/B4_nac/shoes_chin_shin_reef_dense_wield.wav,wield,yield,wield,0.999989628791809,1,Compactness,initial,f2,B4_nac,3046d5577566fc2dcea9a4eab6d01211
data/audio/level_normalized_26dbfs_w_concat_carrier_phrase_2/B5_asr_bn/pence_cheat_fence_chair_breeze_jaws.wav,jaws,gauze,jaws,0.999998688697815,1,Sibilation,initial,f2,B5_asr_bn,4c610e78cfdb2409d2b04a85ce6bd1ab
data/audio/level_normalized_26dbfs_w_concat_carrier_phrase_2/clean/English/test-data/calf_got_gaff_seek_gem_rib.wav,rib,rim,rib,0.999990344047546,1,Nasality,final,f2,clean,80788d94b43ec518248e7c7b19d4bb6b
data/audio/level_normalized_26dbfs_w_concat_carrier_phrase_2/B2_mcadams/myth_miss_hit_bat_sheave_tick.wav,tick,thick,tick,0.994917273521423,1,Sustention,initial,f2,B2_mcadams,4b4baf661ec2faa825ed64927a25c02c
data/audio/level_normalized_26dbfs_w_concat_carrier_phrase_2/B3_sttts/nog_bond_gawp_you_beat_loom.wav,loom,loon,loon,0.703485429286957,0,Graveness,final,f1,B3_sttts,223048f358a35a0503152b8bc0f415e9
data/audio/level_normalized_26dbfs_w_concat_carrier_phrase_2/B4_nac/broad_edge_dupe_knob_lube_thong.wav,thong,tong,thong,0.991612434387207,1,Sustention,initial,m1,B4_nac,1e2c935b83b19a71b05e724ca22ee297
data/audio/level_normalized_26dbfs_w_concat_carrier_phrase_2/B5_asr_bn/cheat_peak_jaws_loathe_wroth_jeb.wav,jeb,gem,jeb,0.99995744228363,1,Nasality,final,m2,B5_asr_bn,fbab0b37635baf1bab14809747dc9a4b
data/audio/level_normalized_26dbfs_w_concat_carrier_phrase_2/clean/English/test-data/rich_dock_gem_moan_hop_duke.wav,duke,dupe,duke,0.998869955539703,1,Compactness,final,m2,clean,05476073415f9795061600f282ee6a22
data/audio/level_normalized_26dbfs_w_concat_carrier_phrase_2/B2_mcadams/rim_nog_thong_rue_wed_peg.wav,peg,keg,peg,0.999995231628418,1,Compactness,initial,m1,B2_mcadams,07f27472bfc989d67566bb33b0ee0d86
data/audio/level_normalized_26dbfs_w_concat_carrier_phrase_2/B3_sttts/dough_chin_zee_vox_dot_chew.wav,chew,coo,coo,0.973785817623138,0,Sibilation,initial,f1,B3_sttts,9f0d097ae74821c67c098aea10a91bf8
data/audio/level_normalized_26dbfs_w_concat_carrier_phrase_2/B4_nac/shin_vox_got_fan_moss_chin.wav,chin,gin,chin,0.996314346790314,1,Voicing,initial,m2,B4_nac,8543127875fb246037e572aab897aa80
data/audio/level_normalized_26dbfs_w_concat_carrier_phrase_2/B5_asr_bn/thin_got_rim_gem_so_broke.wav,broke,brogue,broke,0.999999523162842,1,Voicing,final,f1,B5_asr_bn,2a0f6c8a0faa6e9d330c0532d1b87766
data/audio/TTS_Qwen/dan_Ryan.wav,dan,than,dan,0.999871373176575,1,Sustention,initial,TTS_Ryan,TTS_Qwen,d2d17d66bc638afe09a13fb80e70c2f3
data/audio/level_normalized_26dbfs_w_concat_carrier_phrase_2/clean/English/test-data/joe_sheave_ref_gat_load_zoo.wav,zoo,sue,zoo,0.999999284744263,1,Voicing,initial,f1,clean,2a6c388ea4ef3d749e9aae59fd4d139c
data/audio/level_normalized_26dbfs_w_concat_carrier_phrase_2/B2_mcadams/myth_miss_go_neck_ref_noon.wav,noon,nude,noon,0.659348666667938,1,Nasality,final,f2,B2_mcadams,53a655866e24b3a154f7389df1c7fb71
data/audio/level_normalized_26dbfs_w_concat_carrier_phrase_2/B3_sttts/chew_lib_peg_dip_thee_rim.wav,rim,rib,rim,0.999982595443726,1,Nasality,final,m2,B3_sttts,933b9b9f45a3971924819e930a4838a6
data/audio/level_normalized_26dbfs_w_concat_carrier_phrase_2/B2_mcadams/fence_net_seethe_sue_teak_ross.wav,ross,wroth,ross,0.998239755630493,1,Sibilation,final,f1,B2_mcadams,2bc7f05aca008992d999451d3e125522
data/audio/level_normalized_26dbfs_w_concat_carrier_phrase_2/B3_sttts/bat_chair_ross_tick_thick_chop.wav,chop,cop,chop,0.999990224838257,1,Sibilation,initial,f1,B3_sttts,2a97246eb30d9d83a6f49ce5bef499f3
data/audio/level_normalized_26dbfs_w_concat_carrier_phrase_2/B4_nac/troth_broad_thin_bib_goop_daunt.wav,daunt,taunt,daunt,0.999545395374298,1,Voicing,initial,f2,B4_nac,06903237e6967c280f24c00af1d10d97
data/audio/level_normalized_26dbfs_w_concat_carrier_phrase_2/B5_asr_bn/growth_so_jilt_show_strobe_gross.wav,gross,growth,gross,0.86468631029129,1,Sibilation,final,f1,B5_asr_bn,8c4d9f4ef8143c8b53dbd6b6edb2e1e7
data/audio/level_normalized_26dbfs_w_concat_carrier_phrase_2/clean/English/test-data/egg_goop_sank_show_wed_thank.wav,thank,sank,thank,0.99916410446167,1,Sibilation,initial,m1,clean,4ab6757168f2bd0e59e802be2c434e5b
data/audio/level_normalized_26dbfs_w_concat_carrier_phrase_2/B2_mcadams/reef_zoo_clash_dock_sue_dank.wav,dank,bank,dank,0.996113657951355,1,Graveness,initial,m1,B2_mcadams,23abe98730e6c6c961cfb31436b787a6
data/audio/level_normalized_26dbfs_w_concat_carrier_phrase_2/B3_sttts/load_dock_bag_dank_big_flog.wav,flog,flawed,flog,0.99999988079071,1,Compactness,final,m2,B3_sttts,104365f6bcb628ced999f65c87e98a13
data/audio/level_normalized_26dbfs_w_concat_carrier_phrase_2/B4_nac/pence_screen_strode_growth_back_sank.wav,sank,thank,sank,0.999664783477783,1,Sibilation,initial,f2,B4_nac,3124c081f7ebbb723d5912675ad94b32
data/audio/level_normalized_26dbfs_w_concat_carrier_phrase_2/B5_asr_bn/dan_beat_fad_teak_vox_chin.wav,chin,gin,chin,0.99951446056366,1,Voicing,initial,m1,B5_asr_bn,d4e3348adaf308722ba3f02d5930a7c4
data/audio/level_normalized_26dbfs_w_concat_carrier_phrase_2/clean/English/test-data/guilt_screen_foal_big_jeb_growth.wav,growth,gross,growth,1.0,1,Sibilation,final,f1,clean,86d1504520a53a3baa917917cdbe4408
data/audio/level_normalized_26dbfs_w_concat_carrier_phrase_2/B2_mcadams/breeze_cap_rib_wed_lube_loop.wav,loop,lube,lube,0.730944991111755,0,Voicing,final,m1,B2_mcadams,986b37595ff8332ed85b8ed2653adc9e
data/audio/level_normalized_26dbfs_w_concat_carrier_phrase_2/B3_sttts/foal_growth_big_strode_ref_goof.wav,goof,goop,goop,0.99273020029068,0,Sustention,final,m2,B3_sttts,cd8f3710d3171c47993501fa5a8e8d2a
data/audio/level_normalized_26dbfs_w_concat_carrier_phrase_2/B4_nac/calf_fan_soothe_boss_fad_gaff.wav,gaff,calf,gaff,1.0,1,Voicing,initial,m1,B4_nac,efc2f0794bcfd44919f3cc2086b190ff
data/audio/level_normalized_26dbfs_w_concat_carrier_phrase_2/B5_asr_bn/show_beg_troth_dock_slav_bong.wav,bong,dong,bong,0.922796547412872,1,Graveness,initial,f2,B5_asr_bn,c39aa23f71a55a8037c71c63540a09f8
data/audio/TTS_Qwen/seek_Ryan.wav,seek,seep,seek,0.999999642372131,1,Compactness,final,TTS_Ryan,TTS_Qwen,febfc9d134acb3ed9b4200d6518c2e57
data/audio/level_normalized_26dbfs_w_concat_carrier_phrase_2/clean/English/test-data/calf_thin_foal_dank_fore_trough.wav,trough,troth,trough,0.938557863235474,1,Graveness,final,f2,clean,64bc4be8b6187d633894fd0c1c2685ee
data/audio/level_normalized_26dbfs_w_concat_carrier_phrase_2/B2_mcadams/pack_neck_load_patch_oat_sue.wav,sue,zoo,sue,0.994502186775208,1,Voicing,initial,f1,B2_mcadams,86e32d60e4a26ef65c085b9a8c034aa9
data/audio/level_normalized_26dbfs_w_concat_carrier_phrase_2/B3_sttts/beat_pond_loathe_rev_ross_sheet.wav,sheet,cheat,sheet,0.832856237888336,1,Sustention,initial,m2,B3_sttts,0818299644089887782e0e06fbff6312
data/audio/level_normalized_26dbfs_w_concat_carrier_phrase_2/B4_nac/pack_sheave_flog_jaws_than_oat.wav,oat,oak,oat,0.999786555767059,1,Compactness,final,f2,B4_nac,801550e8619a0567fb2566a7b6a70de3
data/audio/level_normalized_26dbfs_w_concat_carrier_phrase_2/B5_asr_bn/jilt_gross_so_thin_trough_moot.wav,moot,boot,moot,0.999089002609253,1,Nasality,initial,m2,B5_asr_bn,29ee8a4aad68cb0eecd8bfb10c0baa68
data/audio/level_normalized_26dbfs_w_concat_carrier_phrase_2/clean/English/test-data/flesh_peen_than_net_dan_rap.wav,rap,rat,rap,0.999819219112396,1,Graveness,final,f1,clean,dae29eff9b71c440e75f0c301d54ef0a
data/audio/level_normalized_26dbfs_w_concat_carrier_phrase_2/B2_mcadams/zoo_fit_sue_joe_hot_patch.wav,patch,pack,patch,0.999724447727203,1,Sibilation,final,f2,B2_mcadams,2c6c6138b566e958d080cac3b1be30bb
data/audio/level_normalized_26dbfs_w_concat_carrier_phrase_2/B3_sttts/nip_mode_reef_hotch_cop_mad.wav,mad,bad,mad,0.999483704566956,1,Nasality,initial,m2,B3_sttts,0c3a81a1146dc976031b3dea499c74cc
data/audio/level_normalized_26dbfs_w_concat_carrier_phrase_2/B4_nac/gross_growth_show_jilt_so_strobe.wav,strobe,strode,strobe,0.99999725818634,1,Graveness,final,f1,B4_nac,a1c5f9c3263c8b42a4183351acf13953
data/audio/level_normalized_26dbfs_w_concat_carrier_phrase_2/B3_sttts/strode_big_oat_bob_screed_slob.wav,slob,slav,slob,0.999875783920288,1,Sustention,final,m1,B3_sttts,5f7b52e18b5c7086fadcf00a3f12204b
data/audio/level_normalized_26dbfs_w_concat_carrier_phrase_2/B4_nac/though_laws_thank_fence_fin_trough.wav,trough,troth,troth,0.998185813426971,0,Graveness,final,f1,B4_nac,c124bae96b891a47e975294b4b20354f
data/audio/level_normalized_26dbfs_w_concat_carrier_phrase_2/B5_asr_bn/neck_seed_choose_jaws_pack_bomb.wav,bomb,bob,bomb,0.999995112419128,1,Nasality,final,m1,B5_asr_bn,d647c4a8ecd375ed82140d082427e01b
data/audio/level_normalized_26dbfs_w_concat_carrier_phrase_2/clean/English/test-data/rue_chew_breeze_moan_edge_bong.wav,bong,dong,bong,1.0,1,Graveness,initial,m1,clean,db8351424b8770d3daae4dd1abc81fb5
data/audio/level_normalized_26dbfs_w_concat_carrier_phrase_2/B2_mcadams/nip_gem_goop_cop_joe_loon.wav,loon,loom,loon,0.999868631362915,1,Graveness,final,f2,B2_mcadams,48abce45694d27e97172ac376a5d8ec2
data/audio/level_normalized_26dbfs_w_concat_carrier_phrase_2/B3_sttts/neck_than_bat_sue_shin_go.wav,go,joe,go,1.0,1,Sibilation,initial,m1,B3_sttts,b03595fbd0b0c9181c8586fdce611a5a
data/audio/level_normalized_26dbfs_w_concat_carrier_phrase_2/B4_nac/thick_screed_thank_pond_knock_than.wav,than,dan,than,0.999782502651215,1,Sustention,initial,m2,B4_nac,3c214df0130b9ce02d2a6cfd9603a97c
data/audio/level_normalized_26dbfs_w_concat_carrier_phrase_2/B5_asr_bn/bank_growth_strode_gross_care_thank.wav,thank,sank,thank,0.999711573123932,1,Sibilation,initial,f2,B5_asr_bn,5384b50142caaf3cd7a2c9204bf137c6
data/audio/TTS_Qwen/nip_Ryan.wav,nip,dip,nip,0.999968409538269,1,Nasality,initial,TTS_Ryan,TTS_Qwen,b35275e8ecf1eb0eb1c97c69cb4975b9
data/audio/level_normalized_26dbfs_w_concat_carrier_phrase_2/clean/English/test-data/nog_bond_gawp_you_beat_loom.wav,loom,loon,loom,0.999995946884155,1,Graveness,final,f1,clean,6350c607cae2450a24e8984e64658f40
data/audio/level_normalized_26dbfs_w_concat_carrier_phrase_2/B2_mcadams/yield_duke_rod_wad_dip_mode.wav,mode,moan,mode,0.999860882759094,1,Nasality,final,f1,B2_mcadams,1314fc50dafa5c09cceffbc6dfb10c65
data/audio/level_normalized_26dbfs_w_concat_carrier_phrase_2/B3_sttts/dip_though_reef_moan_cop_cap.wav,cap,calf,cap,0.999999403953552,1,Sustention,final,m2,B3_sttts,ec5cdfcb785c8080edb558387c5acec3
data/audio/level_normalized_26dbfs_w_concat_carrier_phrase_2/B4_nac/breathe_breeze_chair_vox_sues_zee.wav,zee,thee,zee,0.999913811683655,1,Sibilation,initial,f2,B4_nac,b173143450ace76a9bf0153618bcebe2
data/audio/level_normalized_26dbfs_w_concat_carrier_phrase_2/B5_asr_bn/nog_broad_moan_cop_chop_though.wav,though,dough,though,0.528422653675079,1,Sustention,initial,f1,B5_asr_bn,127e19c99ae573b997d667f852d0c5f0
data/audio/level_normalized_26dbfs_w_concat_carrier_phrase_2/clean/English/test-data/pool_chew_nog_mad_hodge_bad.wav,bad,mad,bad,0.999991536140442,1,Nasality,initial,m1,clean,3c238da113c47f0488d815e4b3d72d60
data/audio/level_normalized_26dbfs_w_concat_carrier_phrase_2/B2_mcadams/zoo_ref_flog_hop_neck_sheaf.wav,sheaf,sheave,sheaf,0.968315005302429,1,Voicing,final,f2,B2_mcadams,055bde198e49a90d8ffb878eb646e542
data/audio/level_normalized_26dbfs_w_concat_carrier_phrase_2/B3_sttts/live_mode_lib_moan_chop_yield.wav,yield,wield,yield,0.999954462051392,1,Compactness,initial,m1,B3_sttts,6b51255d9e5273ab38422a9ac1333f80
data/audio/level_normalized_26dbfs_w_concat_carrier_phrase_2/B4_nac/laws_broad_wad_keg_thong_knob.wav,knob,nog,knob,0.999281585216522,1,Compactness,final,m1,B4_nac,140be4da7aabaaaf933feb49edb88ad0
data/audio/level_normalized_26dbfs_w_concat_carrier_phrase_2/B5_asr_bn/than_sheaf_meat_care_oat_gawp.wav,gawp,goff,gawp,0.821775496006012,1,Sustention,final,f1,B5_asr_bn,e1fd8c1ab6cad7d35677dd8782b63eca
data/audio/level_normalized_26dbfs_w_concat_carrier_phrase_2/clean/English/test-data/dong_chin_seed_beat_sheaf_thick.wav,thick,tick,thick,0.999994516372681,1,Sustention,initial,m1,clean,ff2a9a353dde4d01d02db2f7b41f4b9b
data/audio/level_normalized_26dbfs_w_concat_carrier_phrase_2/B2_mcadams/dense_calf_got_loss_zee_seep.wav,seep,seek,seep,0.952127158641815,1,Compactness,final,m2,B2_mcadams,367b56a9abeea3224a5586307ecde23b
data/audio/level_normalized_26dbfs_w_concat_carrier_phrase_2/B3_sttts/though_laws_trough_thank_fin_than.wav,than,dan,than,0.999998927116394,1,Sustention,initial,f1,B3_sttts,f0dee0832011e89de4ff3a996583e875
data/audio/level_normalized_26dbfs_w_concat_carrier_phrase_2/B4_nac/got_box_note_beg_bong_fore.wav,fore,thor,fore,0.999845147132874,1,Graveness,initial,f1,B4_nac,50fbfad88d63abc6e8a2f8e38cd087a6
data/audio/level_normalized_26dbfs_w_concat_carrier_phrase_2/B5_asr_bn/tick_wroth_gawp_beat_hot_cheat.wav,cheat,sheet,cheat,0.996800184249878,1,Sustention,initial,m1,B5_asr_bn,78b3638eed57139edc81b996b1615f7b
data/audio/level_normalized_26dbfs_w_concat_carrier_phrase_2/clean/English/test-data/chop_zee_tick_class_hot_seethe.wav,seethe,seed,seethe,0.999908208847046,1,Sustention,final,f2,clean,29aaac6db1a0eeb1cd86841a6056bae0
data/audio/level_normalized_26dbfs_w_concat_carrier_phrase_2/B2_mcadams/net_bank_thick_duke_reef_bed.wav,bed,beg,bed,0.999996662139893,1,Compactness,final,m2,B2_mcadams,81d0601a5ff32d65669df49df0e1a411
data/audio/level_normalized_26dbfs_w_concat_carrier_phrase_2/B3_sttts/got_box_note_beg_bong_fore.wav,fore,thor,fore,0.998873054981232,1,Graveness,initial,f1,B3_sttts,54e3a29f5885310c5f8a7ff2aa27b7b5
data/audio/level_normalized_26dbfs_w_concat_carrier_phrase_2/B4_nac/reef_load_bong_thin_pack_moot.wav,moot,boot,boot,0.942945718765259,0,Nasality,initial,m1,B4_nac,ccb31e4a48375795e9f7d744e2c5e3ef
data/audio/level_normalized_26dbfs_w_concat_carrier_phrase_2/B5_asr_bn/peak_pool_loon_nog_hot_shim.wav,shim,shin,shin,0.745166659355164,0,Graveness,final,f1,B5_asr_bn,77b90643645b703710a90bcb71f2da41
data/audio/level_normalized_26dbfs_w_concat_carrier_phrase_2/clean/English/test-data/neck_seed_choose_jaws_pack_bomb.wav,bomb,bob,bomb,0.999986529350281,1,Nasality,final,m1,clean,5e51d64800d587d2ba456b0cfb078a85
data/audio/level_normalized_26dbfs_w_concat_carrier_phrase_2/B2_mcadams/joe_rib_patch_thick_thor_hit.wav,hit,fit,hit,0.990584790706635,1,Compactness,initial,m1,B2_mcadams,0809f6ce13a3f6a551339692dba120e0
data/audio/level_normalized_26dbfs_w_concat_carrier_phrase_2/B3_sttts/calf_fad_fore_sheave_rat_shin.wav,shin,shim,shin,0.999999403953552,1,Graveness,final,m1,B3_sttts,281929737c9638e86e23d5f374071f45
data/audio/level_normalized_26dbfs_w_concat_carrier_phrase_2/B4_nac/strobe_cop_so_show_back_dock.wav,dock,knock,dock,0.999940156936646,1,Nasality,initial,m1,B4_nac,6a33c9e04161d4139cd52e0f725e23cc
data/audio/level_normalized_26dbfs_w_concat_carrier_phrase_2/B5_asr_bn/bomb_beat_hit_teak_shin_patch.wav,patch,pack,patch,0.999984383583069,1,Sibilation,final,m1,B5_asr_bn,71e3a46f3ba9040e1dfdcb50cc710cdb
data/audio/level_normalized_26dbfs_w_concat_carrier_phrase_2/clean/English/test-data/thank_than_fence_live_though_goff.wav,goff,gawp,gawp,0.997140169143677,0,Sustention,final,f1,clean,f39b599b37c50dbbd8c1452d27c126bf
data/audio/level_normalized_26dbfs_w_concat_carrier_phrase_2/B2_mcadams/nip_lib_dip_load_go_bond.wav,bond,pond,bond,0.999997019767761,1,Voicing,initial,f2,B2_mcadams,12ce79ef46ca077bee73de1398029e88
data/audio/level_normalized_26dbfs_w_concat_carrier_phrase_2/B3_sttts/dough_keg_mode_thong_cop_rod.wav,rod,wad,wad,0.893839359283447,0,Graveness,initial,m2,B3_sttts,d3aa9fff1b856c013b38ad8186894929
data/audio/level_normalized_26dbfs_w_concat_carrier_phrase_2/B4_nac/neck_seed_choose_jaws_pack_bomb.wav,bomb,bob,bomb,0.999993085861206,1,Nasality,final,m1,B4_nac,07ca50b4e25a47c5d79f0d280b4d39b2
data/audio/level_normalized_26dbfs_w_concat_carrier_phrase_2/B5_asr_bn/coo_wad_thong_dupe_edge_egg.wav,egg,edge,egg,0.999975085258484,1,Sibilation,final,f1,B5_asr_bn,6c4555f399fa0ef47bcfc3a97f7602e6
data/audio/level_normalized_26dbfs_w_concat_carrier_phrase_2/clean/English/test-data/chew_brogue_gawp_sheet_bank_loom.wav,loom,loon,loom,1.0,1,Graveness,final,m2,clean,86ab26120db185d47e306816fb749c2a
data/audio/level_normalized_26dbfs_w_concat_carrier_phrase_2/B2_mcadams/hodge_though_keg_dough_wreath_dupe.wav,dupe,duke,dupe,0.982894539833069,1,Compactness,final,f2,B2_mcadams,81fb36342f1c47e608541100ad759ce8
data/audio/level_normalized_26dbfs_w_concat_carrier_phrase_2/B3_sttts/laws_zee_sue_seed_sheet_sank.wav,sank,thank,sank,0.999776065349579,1,Sibilation,initial,f1,B3_sttts,8e00a54add431a22d6083119e2b2bf3e
data/audio/level_normalized_26dbfs_w_concat_carrier_phrase_2/B4_nac/jeb_show_beg_lib_brogue_growth.wav,growth,gross,growth,0.999998211860657,1,Sibilation,final,m1,B4_nac,f9ff518094f6afd476d58badf0ee5a05
data/audio/level_normalized_26dbfs_w_concat_carrier_phrase_2/B5_asr_bn/gauze_flog_than_fit_sheaf_load.wav,load,loathe,load,0.999940514564514,1,Sustention,final,f2,B5_asr_bn,6970eb8c09213d75894d0fb265adced3
data/audio/TTS_Qwen/rich_Ryan.wav,rich,ridge,rich,1.0,1,Voicing,final,TTS_Ryan,TTS_Qwen,ae2605ac6fde50f4c5bc15bd8e69492d
data/audio/level_normalized_26dbfs_w_concat_carrier_phrase_2/clean/English/test-data/nude_thor_hit_noon_go_zoo.wav,zoo,sue,zoo,0.999983072280884,1,Voicing,initial,m1,clean,e9fcd627543ddb396e1781cfe49108dd
data/audio/level_normalized_26dbfs_w_concat_carrier_phrase_2/B2_mcadams/tool_lib_wed_hotch_edge_cop.wav,cop,chop,cop,0.995201349258423,1,Sibilation,initial,f1,B2_mcadams,d5f83955d3fdd9853ee670f32b7067de
data/audio/level_normalized_26dbfs_w_concat_carrier_phrase_2/B3_sttts/dupe_dip_dough_notch_shin_dot.wav,dot,got,dot,0.999998807907104,1,Compactness,initial,f1,B3_sttts,74617e88cea3e04054fc6da8c68662c4
data/audio/level_normalized_26dbfs_w_concat_carrier_phrase_2/B3_sttts/tick_seep_cheat_seethe_thin_thick.wav,thick,tick,thick,0.999987721443176,1,Sustention,initial,f1,B3_sttts,c9a6d2ef2e50c9288101bdc4f9c90984
data/audio/level_normalized_26dbfs_w_concat_carrier_phrase_2/B4_nac/jaws_than_shin_neck_dan_teak.wav,teak,peak,teak,0.989841759204865,1,Graveness,initial,m1,B4_nac,b060cdacd5ad7dca96f23a683ce60560
data/audio/level_normalized_26dbfs_w_concat_carrier_phrase_2/B5_asr_bn/hodge_egg_peen_dense_bean_tong.wav,tong,thong,thong,0.999646902084351,0,Sustention,initial,f2,B5_asr_bn,cf13484ab5bbab4db8e1cf519fd6b9d2
data/audio/level_normalized_26dbfs_w_concat_carrier_phrase_2/clean/English/test-data/loom_lube_vole_loon_net_knob.wav,knob,nog,knob,1.0,1,Compactness,final,f2,clean,81d63b590bcb65f7d673b8dbe4604074
data/audio/level_normalized_26dbfs_w_concat_carrier_phrase_2/B2_mcadams/egg_loop_mode_lube_chew_peg.wav,peg,keg,peg,0.999565541744232,1,Compactness,initial,f2,B2_mcadams,f4d51d5a14de9fd3d8b1b53eb60b9bf5
data/audio/level_normalized_26dbfs_w_concat_carrier_phrase_2/B3_sttts/reef_load_bong_thin_pack_moot.wav,moot,boot,moot,0.988177120685577,1,Nasality,initial,m1,B3_sttts,52b1609dc9c7541511b7d725e91ab8ef
data/audio/level_normalized_26dbfs_w_concat_carrier_phrase_2/B4_nac/oak_rim_wield_sheaf_beat_care.wav,care,chair,care,1.0,1,Sibilation,initial,f1,B4_nac,d3e6832f7631ddbb1e905eb24a3c0c2f
data/audio/level_normalized_26dbfs_w_concat_carrier_phrase_2/B5_asr_bn/calf_ridge_shin_gawp_notch_bed.wav,bed,beg,bed,0.999991893768311,1,Compactness,final,f1,B5_asr_bn,20934330e227178c5ac550641b220157
data/audio/TTS_Qwen/dough_Ryan.wav,dough,though,dough,0.995914876461029,1,Sustention,initial,TTS_Ryan,TTS_Qwen,e28e64202f7b3e1ed726ee35186f44ad
data/audio/level_normalized_26dbfs_w_concat_carrier_phrase_2/clean/English/test-data/lube_wield_cap_duke_rim_thong.wav,thong,tong,thong,0.999893069267273,1,Sustention,initial,m2,clean,d7eb6f8d4820073033b70116ec24585a
data/audio/level_normalized_26dbfs_w_concat_carrier_phrase_2/B2_mcadams/bond_noon_fletch_met_patch_nog.wav,nog,knob,nog,0.956608295440674,1,Compactness,final,f1,B2_mcadams,9820ad8aad32a23c924e5561d4d15e92
data/audio/level_normalized_26dbfs_w_concat_carrier_phrase_2/B3_sttts/rev_bed_foal_show_thin_ref.wav,ref,rev,ref,0.956272721290588,1,Voicing,final,m1,B3_sttts,d12176fd99a2d13366f378f265178c49
data/audio/level_normalized_26dbfs_w_concat_carrier_phrase_2/B4_nac/chew_seek_shoes_yield_chin_dough.wav,dough,though,dough,0.999601542949677,1,Sustention,initial,f1,B4_nac,0de8a7c2085443a3b2199fa6cb32593a
data/audio/level_normalized_26dbfs_w_concat_carrier_phrase_2/B5_asr_bn/gin_zee_rap_got_fore_fletch.wav,fletch,flesh,fletch,0.739890694618225,1,Sustention,final,m2,B5_asr_bn,a0389009eb3f5db7f36eec8dbf69076f
data/audio/level_normalized_26dbfs_w_concat_carrier_phrase_2/clean/English/test-data/thin_troth_rich_wroth_guilt_vole.wav,vole,foal,vole,0.999992370605469,1,Voicing,initial,f2,clean,2f9a06537124da2a3f4821a75dfd1651
data/audio/level_normalized_26dbfs_w_concat_carrier_phrase_2/B2_mcadams/met_hop_than_care_you_rue.wav,rue,you,you,0.993691563606262,0,Compactness,initial,f1,B2_mcadams,6b928598c69ec7863b4bc37cbbb3fdd7
data/audio/level_normalized_26dbfs_w_concat_carrier_phrase_2/B3_sttts/pence_cheat_fence_chair_breeze_jaws.wav,jaws,gauze,jaws,0.999040424823761,1,Sibilation,initial,f2,B3_sttts,499f3e7683cc31b1b3ad8e815301a847
data/audio/level_normalized_26dbfs_w_concat_carrier_phrase_2/B4_nac/jaws_fence_seed_tick_box_cap.wav,cap,calf,cap,1.0,1,Sustention,final,f1,B4_nac,f224038c6a6ffbdc5d92943466b85346
data/audio/level_normalized_26dbfs_w_concat_carrier_phrase_2/B5_asr_bn/back_pool_loop_loom_rue_caught.wav,caught,taught,caught,0.995299577713013,1,Compactness,initial,m2,B5_asr_bn,3395fe02025c48b05a5e970b5f6dbc21
data/audio/level_normalized_26dbfs_w_concat_carrier_phrase_2/clean/English/test-data/ridge_brogue_hop_bank_you_back.wav,back,bag,back,0.999937176704407,1,Voicing,final,m1,clean,6312e9ca5ae1b7071bf57bd520c873ce
data/audio/level_normalized_26dbfs_w_concat_carrier_phrase_2/B2_mcadams/tong_taunt_thank_jeb_clash_hop.wav,hop,hot,hop,0.99963390827179,1,Graveness,final,m1,B2_mcadams,6b12fa10f43e7b2505b14f7b3bf22020
data/audio/level_normalized_26dbfs_w_concat_carrier_phrase_2/B3_sttts/sank_ross_nog_rue_so_goop.wav,goop,goof,goop,0.999487280845642,1,Sustention,final,m1,B3_sttts,038a46348346106fecc376a049821122
data/audio/level_normalized_26dbfs_w_concat_carrier_phrase_2/B4_nac/sue_go_flog_gauze_dan_fit.wav,fit,hit,fit,0.999819934368134,1,Compactness,initial,m1,B4_nac,b01722125ce6642fa0c5fe50711cbd9f
data/audio/level_normalized_26dbfs_w_concat_carrier_phrase_2/B5_asr_bn/bong_vole_bond_dock_fin_screen.wav,screen,screed,screen,0.999887347221375,1,Nasality,final,m2,B5_asr_bn,bd6ae21a83e8f98174c7426271161526
data/audio/level_normalized_26dbfs_w_concat_carrier_phrase_2/B4_nac/cop_bong_dough_chop_cap_pool.wav,pool,tool,pool,0.999954104423523,1,Graveness,initial,m1,B4_nac,8f5b58632a41f7bfb74721be74e6846a
data/audio/level_normalized_26dbfs_w_concat_carrier_phrase_2/B5_asr_bn/seep_fletch_chin_chair_thor_care.wav,care,chair,care,0.999993324279785,1,Sibilation,initial,m2,B5_asr_bn,d6075652419098e022e23c0a56828974
data/audio/level_normalized_26dbfs_w_concat_carrier_phrase_2/clean/English/test-data/seek_seep_rap_screen_dote_shim.wav,shim,shin,shim,0.998927652835846,1,Graveness,final,m1,clean,9f798ea497f638d57950d8649b3424fe
data/audio/level_normalized_26dbfs_w_concat_carrier_phrase_2/B2_mcadams/seek_seep_rap_screen_dote_shim.wav,shim,shin,shin,0.657510042190552,0,Graveness,final,m1,B2_mcadams,c21ce98599c72133bad9b40a1ea03209
data/audio/level_normalized_26dbfs_w_concat_carrier_phrase_2/B3_sttts/pool_chew_nog_mad_hodge_bad.wav,bad,mad,bad,0.999925374984741,1,Nasality,initial,m1,B3_sttts,2c0560d87ea1444c287f555f69dda9a3
data/audio/level_normalized_26dbfs_w_concat_carrier_phrase_2/B4_nac/nip_mode_reef_hotch_cop_mad.wav,mad,bad,mad,0.99965512752533,1,Nasality,initial,m2,B4_nac,f5b7505b94704bd347e02513ab310f69
data/audio/level_normalized_26dbfs_w_concat_carrier_phrase_2/B5_asr_bn/gin_got_zee_calf_shim_fore.wav,fore,thor,fore,0.99982762336731,1,Graveness,initial,m2,B5_asr_bn,ec7d7d7cedede271fc5227ed56f01af9
data/audio/level_normalized_26dbfs_w_concat_carrier_phrase_2/clean/English/test-data/cheat_met_hot_foal_boot_fin.wav,fin,thin,fin,0.998978853225708,1,Graveness,initial,m2,clean,c0d7bfd53295f4c2a5981df9623ad6aa
data/audio/level_normalized_26dbfs_w_concat_carrier_phrase_2/B2_mcadams/loom_go_joe_you_pool_meat.wav,meat,beat,meat,0.998602449893951,1,Nasality,initial,f2,B2_mcadams,3f0b512278f8a378b46b26872e1b19ff
data/audio/level_normalized_26dbfs_w_concat_carrier_phrase_2/B3_sttts/rue_bag_sheet_bean_teak_bob.wav,bob,bomb,bob,0.999998450279236,1,Nasality,final,m2,B3_sttts,e4cbf6d04d6baf18eb1dcd59537d6021
data/audio/level_normalized_26dbfs_w_concat_carrier_phrase_2/B4_nac/shin_bed_so_trough_dank_knock.wav,knock,notch,knock,0.999999642372131,1,Sibilation,final,f1,B4_nac,e8e4af158b4ef4d88a35376956beb5d5
data/audio/level_normalized_26dbfs_w_concat_carrier_phrase_2/B5_asr_bn/yield_shoes_shin_chair_dupe_boss.wav,boss,moss,boss,1.0,1,Nasality,initial,f1,B5_asr_bn,42515e19e7dca988b5b4d72ce5c58e69
data/audio/level_normalized_26dbfs_w_concat_carrier_phrase_2/clean/English/test-data/nip_thin_deck_tick_back_meat.wav,meat,beat,meat,0.996242165565491,1,Nasality,initial,m1,clean,11691764e4bd93100001a1a0ccabb012
data/audio/level_normalized_26dbfs_w_concat_carrier_phrase_2/B2_mcadams/chop_peen_knob_broad_wed_bad.wav,bad,mad,bad,0.999999165534973,1,Nasality,initial,f1,B2_mcadams,3139eba13c3edbf6a490da859b84929c
data/audio/level_normalized_26dbfs_w_concat_carrier_phrase_2/B3_sttts/fit_meat_loathe_flawed_sheaf_net.wav,net,met,net,0.999976396560669,1,Graveness,initial,m2,B3_sttts,5db39fa0bde4c02dc1b5579085b2f66e
data/audio/level_normalized_26dbfs_w_concat_carrier_phrase_2/B4_nac/jilt_gross_so_thin_trough_moot.wav,moot,boot,moot,0.99997341632843,1,Nasality,initial,m2,B4_nac,839d743edc3f4edc2a62c4bc25c8c542
data/audio/level_normalized_26dbfs_w_concat_carrier_phrase_2/B5_asr_bn/thin_patch_bed_dong_bomb_gauze.wav,gauze,jaws,gauze,0.999999284744263,1,Sibilation,initial,m2,B5_asr_bn,2b5c42ee54ddd553184ada8decac0944
data/audio/TTS_Qwen/gauze_Ryan.wav,gauze,jaws,gauze,1.0,1,Sibilation,initial,TTS_Ryan,TTS_Qwen,7f03ea06ab58c7c90662d3db72b551db
data/audio/level_normalized_26dbfs_w_concat_carrier_phrase_2/clean/English/test-data/rev_pond_flog_loon_bond_met.wav,met,net,met,0.999958038330078,1,Graveness,initial,m1,clean,939cc9d9363cf473d2eb7ad71cc82f05
data/audio/level_normalized_26dbfs_w_concat_carrier_phrase_2/B2_mcadams/thor_notch_rib_brogue_moss_dote.wav,dote,note,dote,0.999729573726654,1,Nasality,initial,f2,B2_mcadams,effa4a9795648f9b638280102c3198e5
data/audio/level_normalized_26dbfs_w_concat_carrier_phrase_2/B3_sttts/tick_zee_taunt_breeze_seed_fence.wav,fence,pence,fence,1.0,1,Sustention,initial,f2,B3_sttts,befb18bc69d79cae8be1ce64fd28bfd2
data/audio/level_normalized_26dbfs_w_concat_carrier_phrase_2/B4_nac/patch_ridge_rich_gawp_slav_strode.wav,strode,strobe,strode,0.999999523162842,1,Graveness,final,m2,B4_nac,01d0590da1ec2a9ecc8a98dd8c59e7cf
data/audio/level_normalized_26dbfs_w_concat_carrier_phrase_2/B5_asr_bn/duke_dip_dense_wield_zee_thee.wav,thee,zee,zee,0.60791689157486,0,Sibilation,initial,f1,B5_asr_bn,01eb3e465da125caf9d54b316fb7f41d
data/audio/level_normalized_26dbfs_w_concat_carrier_phrase_2/clean/English/test-data/net_bank_thick_duke_reef_bed.wav,bed,beg,bed,0.999999046325684,1,Compactness,final,m2,clean,144171696b48bb307d445f6a57919245
data/audio/level_normalized_26dbfs_w_concat_carrier_phrase_2/clean/English/test-data/foal_wad_mad_rim_nip_lib.wav,lib,live,lib,0.9999840259552,1,Sustention,final,f2,clean,9fd140ffc4a35549a6d7e7bb227f7fc2
data/audio/level_normalized_26dbfs_w_concat_carrier_phrase_2/B2_mcadams/cap_screed_zee_seek_seethe_cheat.wav,cheat,sheet,cheat,0.999981999397278,1,Sustention,initial,f1,B2_mcadams,2ecea84ed62dc1df531dadebaedac2a6
data/audio/level_normalized_26dbfs_w_concat_carrier_phrase_2/B3_sttts/sank_wroth_myth_gross_flawed_pond.wav,pond,bond,pond,0.999380588531494,1,Voicing,initial,m2,B3_sttts,b3c9d0c27489a66b3622a5a8c81e069e
data/audio/level_normalized_26dbfs_w_concat_carrier_phrase_2/B4_nac/fin_rat_sheave_bag_calf_trough.wav,trough,troth,trough,0.900233685970306,1,Graveness,final,m1,B4_nac,512b79a5b79187f8f90240a898507656
data/audio/level_normalized_26dbfs_w_concat_carrier_phrase_2/B5_asr_bn/shin_bed_so_trough_dank_knock.wav,knock,dock,knock,0.99999988079071,1,Nasality,initial,f2,B5_asr_bn,4452e9ab86c6a730aeed5e13b42c476b
data/audio/TTS_Qwen/gaff_Ryan.wav,gaff,calf,gaff,1.0,1,Voicing,initial,TTS_Ryan,TTS_Qwen,aac42db7c28888126c8109ba274396da
data/audio/level_normalized_26dbfs_w_concat_carrier_phrase_2/clean/English/test-data/rue_bong_cap_thong_rim_bean.wav,bean,peen,bean,1.0,1,Voicing,initial,m1,clean,d62be4ad8180c147a99a7c4ed392dbc2
data/audio/level_normalized_26dbfs_w_concat_carrier_phrase_2/B2_mcadams/miss_hit_teak_deck_sheaf_fit.wav,fit,hit,fit,0.935270130634308,1,Compactness,initial,f2,B2_mcadams,107e3d907cc9fc8d0931115e981159bb
data/audio/level_normalized_26dbfs_w_concat_carrier_phrase_2/B3_sttts/gat_thick_miss_deck_noon_ref.wav,ref,rev,ref,0.994016408920288,1,Voicing,final,f2,B3_sttts,7de7573a858c436dd20f4fc215074c88
data/audio/level_normalized_26dbfs_w_concat_carrier_phrase_2/B4_nac/tong_nog_live_lube_lib_moan.wav,moan,mode,moan,0.999656796455383,1,Nasality,final,m1,B4_nac,822b057825685d2c1cb844e2e513d7c8
data/audio/level_normalized_26dbfs_w_concat_carrier_phrase_2/B5_asr_bn/than_hop_fletch_shim_pond_wreath.wav,wreath,reef,wreath,0.952498972415924,1,Graveness,final,f1,B5_asr_bn,2bb13e3439460b5002277c1f3438b462
data/audio/level_normalized_26dbfs_w_concat_carrier_phrase_2/clean/English/test-data/nog_hodge_bad_wed_cop_tense.wav,tense,dense,tense,0.999993562698364,1,Voicing,initial,f2,clean,229f09dcc03650bded616c1cfbf0368b
data/audio/level_normalized_26dbfs_w_concat_carrier_phrase_2/B2_mcadams/bob_nip_beat_pool_screed_sheave.wav,sheave,sheaf,sheave,0.999890685081482,1,Voicing,final,m2,B2_mcadams,73e083bef4eb088347c7e29c7e26566d
data/audio/level_normalized_26dbfs_w_concat_carrier_phrase_2/B3_sttts/gem_guilt_laws_rich_thank_ridge.wav,ridge,rich,rich,0.996925532817841,0,Voicing,final,f2,B3_sttts,26a6dd94b472e1d5af52ecaa9cd24e95
data/audio/level_normalized_26dbfs_w_concat_carrier_phrase_2/B4_nac/breeze_chew_peen_hodge_duke_breathe.wav,breathe,breeze,breathe,0.989932656288147,1,Sibilation,final,m1,B4_nac,35bc10fcfa1a3960ffc3fa7091598477
data/audio/level_normalized_26dbfs_w_concat_carrier_phrase_2/B5_asr_bn/rod_lib_bong_nog_though_rap.wav,rap,rat,rap,0.999992251396179,1,Graveness,final,m2,B5_asr_bn,d3b33cb23073eb77e076aa47514b5fee
data/audio/level_normalized_26dbfs_w_concat_carrier_phrase_2/clean/English/test-data/jilt_gross_so_thin_trough_moot.wav,moot,boot,moot,0.999994158744812,1,Nasality,initial,m2,clean,ef2363a738a70b942dcfcdc8cedfd491
data/audio/level_normalized_26dbfs_w_concat_carrier_phrase_2/B2_mcadams/breathe_egg_knob_dough_hodge_dip.wav,dip,nip,dip,0.999747216701508,1,Nasality,initial,f2,B2_mcadams,dc72171244ea45579de0daef7b85b307
data/audio/level_normalized_26dbfs_w_concat_carrier_phrase_2/B3_sttts/noon_dong_gauze_edge_meat_hit.wav,hit,fit,hit,0.999868750572205,1,Compactness,initial,m2,B3_sttts,c0f7be59b411966b7e5b1fe9e1ac6b37
data/audio/level_normalized_26dbfs_w_concat_carrier_phrase_2/B4_nac/vole_bond_peak_noon_sheet_thee.wav,thee,zee,thee,0.999999284744263,1,Sibilation,initial,m2,B4_nac,7b0196c0e91cbdf82be5bb33e902811e
data/audio/level_normalized_26dbfs_w_concat_carrier_phrase_2/B5_asr_bn/nude_deck_fit_notch_hot_dan.wav,dan,than,than,0.999610602855682,0,Sustention,initial,m1,B5_asr_bn,b1444d708415eca691886ef4b8eabd3d
data/audio/level_normalized_26dbfs_w_concat_carrier_phrase_2/clean/English/test-data/keg_though_rod_peen_web_edge.wav,edge,egg,edge,0.999999403953552,1,Sibilation,final,f1,clean,1554ab422eb189ac4db729af7cccdb4c
data/audio/level_normalized_26dbfs_w_concat_carrier_phrase_2/B2_mcadams/rev_bed_foal_show_thin_ref.wav,ref,rev,ref,0.987220048904419,1,Voicing,final,m1,B2_mcadams,d721b40936d111587fa135990d993fbf
data/audio/level_normalized_26dbfs_w_concat_carrier_phrase_2/B3_sttts/wield_hop_dan_beat_fletch_tool.wav,tool,pool,pool,0.901221811771393,0,Graveness,initial,f1,B3_sttts,47d7a726431f03ad75fcd3f12e6089fa
data/audio/level_normalized_26dbfs_w_concat_carrier_phrase_2/B3_sttts/rim_taught_thee_met_pool_wad.wav,wad,rod,wad,0.826306641101837,1,Graveness,initial,f2,B3_sttts,cd4e8eab3c49f43d5916c29f4dbab9c6
data/audio/level_normalized_26dbfs_w_concat_carrier_phrase_2/B4_nac/bag_screed_pence_guilt_strode_jeb.wav,jeb,gem,jeb,0.999942302703857,1,Nasality,final,f1,B4_nac,943fbe26467e1980649703cfb3f6b4cd
data/audio/level_normalized_26dbfs_w_concat_carrier_phrase_2/B5_asr_bn/miss_cheat_daunt_teak_cap_net.wav,net,met,net,1.0,1,Graveness,initial,f2,B5_asr_bn,9fdaa285fdbd319f6941f6d3754b234f
data/audio/level_normalized_26dbfs_w_concat_carrier_phrase_2/clean/English/test-data/foal_jeb_shoes_dong_bed_fin.wav,fin,thin,fin,0.999957799911499,1,Graveness,initial,f1,clean,afc0ccff10cc0045e4f082667b9b60fb
data/audio/level_normalized_26dbfs_w_concat_carrier_phrase_2/B2_mcadams/sank_ross_nog_rue_so_goop.wav,goop,goof,goop,0.99760627746582,1,Sustention,final,m1,B2_mcadams,4472d329d144c3ba642d8db6a632a9b5
data/audio/level_normalized_26dbfs_w_concat_carrier_phrase_2/B3_sttts/wreath_moan_egg_thong_rap_nog.wav,nog,knob,nog,0.607546746730804,1,Compactness,final,m1,B3_sttts,94f64bf085c808a7747900be3c8f13d1
data/audio/level_normalized_26dbfs_w_concat_carrier_phrase_2/B4_nac/tick_zee_taunt_breeze_seed_fence.wav,fence,pence,fence,1.0,1,Sustention,initial,f2,B4_nac,ad142c5e93d45d1a5a24f3655bc809a3
data/audio/level_normalized_26dbfs_w_concat_carrier_phrase_2/B5_asr_bn/thor_notch_rib_brogue_moss_dote.wav,dote,note,dote,0.999999165534973,1,Nasality,initial,f2,B5_asr_bn,11a6b956e74780ee575bca92d9f595c4
data/audio/TTS_Qwen/knock_Ryan.wav,knock,notch,knock,0.99994945526123,1,Sibilation,final,TTS_Ryan,TTS_Qwen,f4cebf71c98645f76c92b2278a45ab32
data/audio/level_normalized_26dbfs_w_concat_carrier_phrase_2/clean/English/test-data/shin_pence_calf_fad_trough_sheave.wav,sheave,sheaf,sheave,0.987281739711761,1,Voicing,final,m1,clean,c65bdc2983541cfc7eb46cb3d93fc4f2
data/audio/level_normalized_26dbfs_w_concat_carrier_phrase_2/B2_mcadams/noon_dong_gauze_edge_meat_hit.wav,hit,fit,hit,0.987192153930664,1,Compactness,initial,m2,B2_mcadams,6f16036de9679dbc127448645f430567
data/audio/level_normalized_26dbfs_w_concat_carrier_phrase_2/B3_sttts/pence_thin_jilt_trough_guilt_so.wav,so,show,so,0.99999475479126,1,Compactness,initial,m2,B3_sttts,37c103ad6cb958416836ed6a09434c11
data/audio/level_normalized_26dbfs_w_concat_carrier_phrase_2/B4_nac/chair_loss_boss_note_sues_seed.wav,seed,seethe,seed,0.999991416931152,1,Sustention,final,m2,B4_nac,5216ce9a02d4602a6b0cd7411e864619
data/audio/level_normalized_26dbfs_w_concat_carrier_phrase_2/B5_asr_bn/seek_slav_beat_gat_slob_thin.wav,thin,fin,thin,0.991780936717987,1,Graveness,initial,f1,B5_asr_bn,2607cbc8ae7600ac510aaae3bf1a0a97
data/audio/level_normalized_26dbfs_w_concat_carrier_phrase_2/clean/English/test-data/daunt_gem_ridge_knock_slob_ross.wav,ross,wroth,ross,0.999494791030884,1,Sibilation,final,f2,clean,87217df072fd00bdeec024badc7e03e3
data/audio/level_normalized_26dbfs_w_concat_carrier_phrase_2/B2_mcadams/fan_rat_seethe_got_note_vox.wav,vox,box,box,0.999920606613159,0,Sustention,initial,m2,B2_mcadams,94378df9ff13225a39ee70da5b18890a
data/audio/level_normalized_26dbfs_w_concat_carrier_phrase_2/B3_sttts/vole_lube_goop_beat_back_thin.wav,thin,fin,thin,0.998952507972717,1,Graveness,initial,m1,B3_sttts,8fcfa31a1b77f453cd3e700d4adf0928
data/audio/level_normalized_26dbfs_w_concat_carrier_phrase_2/B4_nac/loathe_tick_myth_rev_neck_pack.wav,pack,patch,pack,0.999997735023499,1,Sibilation,final,f2,B4_nac,2abf85c7f0416ce86a48fac1ae278eb0
data/audio/level_normalized_26dbfs_w_concat_carrier_phrase_2/B5_asr_bn/wroth_gem_calf_troth_taught_rue.wav,rue,you,rue,0.99973052740097,1,Compactness,initial,f2,B5_asr_bn,b6fed213f0f1c0bc381006d881cc72f5
data/audio/level_normalized_26dbfs_w_concat_carrier_phrase_2/clean/English/test-data/sank_bag_sheet_moot_growth_dank.wav,dank,bank,dank,0.999912142753601,1,Graveness,initial,f1,clean,4882fb68809f5e47c806355ae8b1f63c
data/audio/level_normalized_26dbfs_w_concat_carrier_phrase_2/B2_mcadams/deck_gauze_oak_loom_duke_go.wav,go,joe,go,1.0,1,Sibilation,initial,m2,B2_mcadams,f7f85b2c21c961a2ffe20f7962387f19
data/audio/level_normalized_26dbfs_w_concat_carrier_phrase_2/B3_sttts/gauze_foal_nip_wad_tool_rev.wav,rev,ref,ref,0.98155415058136,0,Voicing,final,f1,B3_sttts,420dcb1c096d0e0faf2d20aaabcaa6f4
data/audio/level_normalized_26dbfs_w_concat_carrier_phrase_2/B4_nac/nude_deck_fit_notch_hot_dan.wav,dan,than,dan,0.987059831619263,1,Sustention,initial,m1,B4_nac,0cf2230f2fc114f5e19fc01f5d192a58
data/audio/level_normalized_26dbfs_w_concat_carrier_phrase_2/B5_asr_bn/flesh_boot_wroth_ridge_laws_bag.wav,bag,back,bag,0.968437671661377,1,Voicing,final,f2,B5_asr_bn,fc919d310612b3e85398ef30753c508e
data/audio/level_normalized_26dbfs_w_concat_carrier_phrase_2/clean/English/test-data/sheave_beat_fit_hop_bomb_goff.wav,goff,gawp,goff,0.838380217552185,1,Sustention,final,f2,clean,84e5c355aaa603b4eb1623eaf48cd776
data/audio/level_normalized_26dbfs_w_concat_carrier_phrase_2/B2_mcadams/goop_brogue_bag_myth_pond_jilt.wav,jilt,guilt,jilt,0.999846816062927,1,Sibilation,initial,m1,B2_mcadams,50116fc910c8e448b49707ff5239c5bf
data/audio/level_normalized_26dbfs_w_concat_carrier_phrase_2/B3_sttts/goop_goof_ross_bag_bank_seep.wav,seep,seek,seep,0.941388368606567,1,Compactness,final,f2,B3_sttts,41c29d9fb23b7ca2a39e7ce78ded4d41
data/audio/level_normalized_26dbfs_w_concat_carrier_phrase_2/B4_nac/slav_daunt_gaff_slob_bank_fad.wav,fad,fan,fad,0.999927639961243,1,Nasality,final,f1,B4_nac,2aa5bcba1818a3b528703fcab8d3a0ab
data/audio/level_normalized_26dbfs_w_concat_carrier_phrase_2/B5_asr_bn/than_bank_bond_net_rev_bat.wav,bat,gat,bat,0.999999761581421,1,Compactness,initial,m2,B5_asr_bn,42a444672a27890664366b2e0714e32a
data/audio/level_normalized_26dbfs_w_concat_carrier_phrase_2/clean/English/test-data/wad_wed_moan_tong_broad_hodge.wav,hodge,hotch,hodge,0.999948501586914,1,Voicing,final,m2,clean,1864c34973f352edb067bf17f8aae40b
data/audio/level_normalized_26dbfs_w_concat_carrier_phrase_2/B2_mcadams/dough_keg_mode_thong_cop_rod.wav,rod,wad,rod,0.999998211860657,1,Graveness,initial,m2,B2_mcadams,c98d07226a7d9317cbd240599e2ecb22
data/audio/level_normalized_26dbfs_w_concat_carrier_phrase_2/B3_sttts/soothe_deck_gauze_thick_miss_tick.wav,tick,thick,tick,0.99977308511734,1,Sustention,initial,m1,B3_sttts,91c55172cdded7cc7257f726388a7a66
data/audio/level_normalized_26dbfs_w_concat_carrier_phrase_2/B4_nac/hit_sheave_zoo_bat_deck_miss.wav,miss,myth,miss,1.0,1,Sibilation,final,f2,B4_nac,6a70b749a3173fd1881a7d8b61418727
data/audio/level_normalized_26dbfs_w_concat_carrier_phrase_2/B5_asr_bn/sheet_pence_class_wroth_sank_dock.wav,dock,knock,dock,0.999965190887451,1,Nasality,initial,f1,B5_asr_bn,9ae4f3daa163c5d527c86c7ba60d7a04
data/audio/level_normalized_26dbfs_w_concat_carrier_phrase_2/clean/English/test-data/bat_teak_beat_net_tick_caught.wav,caught,taught,caught,0.999999284744263,1,Compactness,initial,f1,clean,c325e8a357a7c04a5d6de0a2f73a3334
data/audio/level_normalized_26dbfs_w_concat_carrier_phrase_2/B2_mcadams/calf_rap_fan_fore_loss_shim.wav,shim,shin,shin,0.999170780181885,0,Graveness,final,m2,B2_mcadams,626e1fc63d5bf5b3f42b00de388e8cd4
data/audio/level_normalized_26dbfs_w_concat_carrier_phrase_2/B3_sttts/calf_thin_foal_dank_fore_trough.wav,trough,troth,trough,0.971180558204651,1,Graveness,final,f2,B3_sttts,4029a79337b0eb0348cf0374cde64042
data/audio/level_normalized_26dbfs_w_concat_carrier_phrase_2/B4_nac/bean_wreath_sank_caught_brogue_wroth.wav,wroth,ross,wroth,0.636999070644379,1,Sibilation,final,m1,B4_nac,e71b9b2f75c138a918ec55da45f36636
data/audio/level_normalized_26dbfs_w_concat_carrier_phrase_2/B5_asr_bn/rim_taught_thee_met_pool_wad.wav,wad,rod,wad,0.999990701675415,1,Graveness,initial,f2,B5_asr_bn,b97e4d67d338b05da1c7c657151aa6e5
data/audio/level_normalized_26dbfs_w_concat_carrier_phrase_2/clean/English/test-data/reef_tool_rod_bad_hotch_tense.wav,tense,dense,tense,0.999995112419128,1,Voicing,initial,m2,clean,4ac635c5f8979a7ced6e66c84fb27f9d
data/audio/level_normalized_26dbfs_w_concat_carrier_phrase_2/B2_mcadams/chew_brogue_gawp_sheet_bank_loom.wav,loom,loon,loom,0.999999761581421,1,Graveness,final,m2,B2_mcadams,5b44e7265ecc5f2578d11b54daa8d147
data/audio/level_normalized_26dbfs_w_concat_carrier_phrase_2/B3_sttts/pool_broad_wad_peg_rod_breeze.wav,breeze,breathe,breeze,0.999745428562164,1,Sibilation,final,m2,B3_sttts,ea4bb5f90052061f7c329a1faea26bab
data/audio/level_normalized_26dbfs_w_concat_carrier_phrase_2/B4_nac/knock_bed_bank_daunt_lib_ridge.wav,ridge,rich,ridge,0.999951481819153,1,Voicing,final,m1,B4_nac,9e34c0c664dca8495b07cb900d19d3cd
data/audio/level_normalized_26dbfs_w_concat_carrier_phrase_2/B5_asr_bn/tool_dupe_dip_wed_web_lib.wav,lib,live,lib,0.999285399913788,1,Sustention,final,f1,B5_asr_bn,6b87528e76b60d80dd3c53009856016b
data/audio/TTS_Qwen/tense_Ryan.wav,tense,dense,tense,1.0,1,Voicing,initial,TTS_Ryan,TTS_Qwen,bd0e15b8e065c6f3fdb74d0cb9befebc
data/audio/level_normalized_26dbfs_w_concat_carrier_phrase_2/clean/English/test-data/broad_dupe_hotch_brawn_web_tool.wav,tool,pool,tool,0.99999988079071,1,Graveness,initial,m2,clean,78e7d064c24d5343823d3e927c6728e0
data/audio/level_normalized_26dbfs_w_concat_carrier_phrase_2/B2_mcadams/nude_dank_thick_fence_broke_lube.wav,lube,loop,lube,0.999851822853088,1,Voicing,final,m2,B2_mcadams,10ec0b0147efa1aaddd8368fa70a07c0
data/audio/level_normalized_26dbfs_w_concat_carrier_phrase_2/B3_sttts/gauze_pack_soothe_hit_rib_deck.wav,deck,neck,deck,0.999999642372131,1,Nasality,initial,m1,B3_sttts,cd42611f1c5b32dd5dfc5552038240f9
data/audio/level_normalized_26dbfs_w_concat_carrier_phrase_2/B4_nac/thee_dough_nog_brawn_bean_mad.wav,mad,bad,bad,0.863536179065704,0,Nasality,initial,m1,B4_nac,74b78045a4838320e77d6d2c27494110
data/audio/level_normalized_26dbfs_w_concat_carrier_phrase_2/B5_asr_bn/vole_lube_goop_beat_back_thin.wav,thin,fin,thin,0.999997735023499,1,Graveness,initial,m1,B5_asr_bn,d69ac616b6e34bf1a376f062ce8a4736
data/audio/TTS_Qwen/slob_Ryan.wav,slob,slav,slob,0.99992048740387,1,Sustention,final,TTS_Ryan,TTS_Qwen,4558748ba2f44a66d426b99c2dcd62cd
data/audio/level_normalized_26dbfs_w_concat_carrier_phrase_2/clean/English/test-data/so_hop_ridge_wroth_egg_trough.wav,trough,troth,trough,0.999275147914886,1,Graveness,final,m2,clean,84da54faf4d59ca75ab26e54d34e0e25
data/audio/level_normalized_26dbfs_w_concat_carrier_phrase_2/B2_mcadams/bat_slob_sheet_sank_thick_clash.wav,clash,class,clash,0.999999403953552,1,Compactness,final,f1,B2_mcadams,f7197ea27411ceebb8bd7d7cb89463a5
data/audio/level_normalized_26dbfs_w_concat_carrier_phrase_2/B3_sttts/tick_hit_notch_fit_dong_jaws.wav,jaws,gauze,jaws,0.999999165534973,1,Sibilation,initial,m1,B3_sttts,67cd66f890b815ca951eb39517c8de60
data/audio/level_normalized_26dbfs_w_concat_carrier_phrase_2/B4_nac/moss_rib_notch_thor_dote_brogue.wav,brogue,broke,brogue,0.999552428722382,1,Voicing,final,f1,B4_nac,54aca6273e05ed31a89bfbad35c1faa6
data/audio/level_normalized_26dbfs_w_concat_carrier_phrase_2/B5_asr_bn/zee_sheet_boss_ross_teak_pence.wav,pence,fence,pence,0.9999840259552,1,Sustention,initial,f1,B5_asr_bn,6b673ddd8abd423d64370590f4f2834d
data/audio/level_normalized_26dbfs_w_concat_carrier_phrase_2/clean/English/test-data/gin_zee_rap_got_fore_fletch.wav,fletch,flesh,fletch,0.965436339378357,1,Sustention,final,m2,clean,c129026fbfc0980219da31ab7b4a48fb
data/audio/level_normalized_26dbfs_w_concat_carrier_phrase_2/B2_mcadams/met_wed_mad_bob_bond_gem.wav,gem,jeb,gem,0.984232306480408,1,Nasality,final,f1,B2_mcadams,d5ac69a01dc98e012edd5536e6b8e297
data/audio/level_normalized_26dbfs_w_concat_carrier_phrase_2/B3_sttts/shoes_boss_dot_wreath_thee_vox.wav,vox,box,box,0.974555671215057,0,Sustention,initial,f1,B3_sttts,ccb27abb739dad9bd74ed03145a9ed38
data/audio/level_normalized_26dbfs_w_concat_carrier_phrase_2/B4_nac/you_daunt_thank_wreath_dip_knob.wav,knob,nog,knob,0.999954342842102,1,Compactness,final,m2,B4_nac,92dd2309d1fca446271f14dff1ccefd7
data/audio/level_normalized_26dbfs_w_concat_carrier_phrase_2/B5_asr_bn/shoes_dot_vox_notch_shin_dupe.wav,dupe,duke,dupe,0.997250258922577,1,Compactness,final,f1,B5_asr_bn,516afc7c2d9ebb182f77f888bc623184
data/audio/level_normalized_26dbfs_w_concat_carrier_phrase_2/clean/English/test-data/choose_notch_dot_trough_foal_bed.wav,bed,beg,bed,0.999890565872192,1,Compactness,final,f2,clean,029576153b662d3ece0fd1aa3a5769c6
data/audio/level_normalized_26dbfs_w_concat_carrier_phrase_2/B2_mcadams/guilt_thin_class_bib_big_moot.wav,moot,boot,moot,0.991928100585938,1,Nasality,initial,f2,B2_mcadams,bb3bcbd26229d81bba2e000f7d8c6642
data/audio/level_normalized_26dbfs_w_concat_carrier_phrase_2/B3_sttts/lube_hot_flesh_tool_than_meat.wav,meat,beat,meat,0.999391436576843,1,Nasality,initial,f1,B3_sttts,c9d457c95d8f04e864eee6da0c3ee8ed
data/audio/level_normalized_26dbfs_w_concat_carrier_phrase_2/B4_nac/met_wad_load_lib_dip_gauze.wav,gauze,jaws,gauze,1.0,1,Sibilation,initial,f2,B4_nac,218dc5c25b7f70d1baf84f5289f01dff
data/audio/level_normalized_26dbfs_w_concat_carrier_phrase_2/B5_asr_bn/sank_ross_nog_rue_so_goop.wav,goop,goof,goop,0.942822515964508,1,Sustention,final,m1,B5_asr_bn,ff8257a6f3cb4da5411d108fcd17e3ec
data/audio/level_normalized_26dbfs_w_concat_carrier_phrase_2/clean/English/test-data/cheat_slob_rev_flawed_growth_dot.wav,dot,got,dot,0.999993801116943,1,Compactness,initial,m1,clean,3c3dd2cf4a973c83a1fbfad5a297d6a5
data/audio/level_normalized_26dbfs_w_concat_carrier_phrase_2/B2_mcadams/thee_dough_nog_brawn_bean_mad.wav,mad,bad,mad,0.998342037200928,1,Nasality,initial,m1,B2_mcadams,dd2e222ed1a697c6ca3df418e4c49f0c
data/audio/level_normalized_26dbfs_w_concat_carrier_phrase_2/B3_sttts/pence_screen_strode_growth_back_sank.wav,sank,thank,sank,0.995565116405487,1,Sibilation,initial,f2,B3_sttts,c0accd84f7e7add26b49f0135218edb1
data/audio/level_normalized_26dbfs_w_concat_carrier_phrase_2/B4_nac/brawn_peen_dough_cop_bad_dupe.wav,dupe,duke,dupe,0.999772608280182,1,Compactness,final,m1,B4_nac,a36f81496fc150940ab1558dc6689783
data/audio/level_normalized_26dbfs_w_concat_carrier_phrase_2/B5_asr_bn/flog_hot_peak_shin_jaws_goff.wav,goff,gawp,gawp,0.983268737792969,0,Sustention,final,m1,B5_asr_bn,f95d239e30fa33ccf71b1be8080bfb45
data/audio/TTS_Qwen/choose_Ryan.wav,choose,shoes,choose,1.0,1,Sustention,initial,TTS_Ryan,TTS_Qwen,14f1215b5bf41089d36497806996b4b9
data/audio/level_normalized_26dbfs_w_concat_carrier_phrase_2/B4_nac/gem_guilt_laws_rich_thank_ridge.wav,ridge,rich,rich,0.999542474746704,0,Voicing,final,f2,B4_nac,03c22b946b30cf9a28feec86e3d7b2af
data/audio/level_normalized_26dbfs_w_concat_carrier_phrase_2/B5_asr_bn/nog_hop_met_shim_pond_mad.wav,mad,bad,mad,0.999902367591858,1,Nasality,initial,f1,B5_asr_bn,4285c3306fda4ba3c6a4ac7c43798d04
data/audio/TTS_Qwen/fin_Ryan.wav,fin,thin,fin,0.992530286312103,1,Graveness,initial,TTS_Ryan,TTS_Qwen,177e8895d52a4550c51dddaf0938834c
data/audio/level_normalized_26dbfs_w_concat_carrier_phrase_2/clean/English/test-data/foal_so_class_nog_growth_rue.wav,rue,you,rue,0.999995231628418,1,Compactness,initial,m2,clean,3d53a29798ad0acd91ced0c1bbbcfa7c
data/audio/level_normalized_26dbfs_w_concat_carrier_phrase_2/B2_mcadams/dough_cap_hodge_chew_loop_egg.wav,egg,edge,egg,0.999988794326782,1,Sibilation,final,m1,B2_mcadams,f0bad4d303c5e34583e7f0b7e781dac4
data/audio/level_normalized_26dbfs_w_concat_carrier_phrase_2/B3_sttts/shim_zee_chin_shin_duke_got.wav,got,dot,dot,0.537164688110352,0,Compactness,initial,f2,B3_sttts,9dd6a888dec1eb72089e869068576631
data/audio/level_normalized_26dbfs_w_concat_carrier_phrase_2/B4_nac/loss_gin_zee_chin_shim_choose.wav,choose,shoes,choose,0.999471127986908,1,Sustention,initial,m2,B4_nac,6d369a8d290775cb4bd2e38c92ce54f9
data/audio/level_normalized_26dbfs_w_concat_carrier_phrase_2/B5_asr_bn/beat_flawed_strode_cheat_go_slob.wav,slob,slav,slob,0.999886035919189,1,Sustention,final,m2,B5_asr_bn,a1ddbe81f8ef319e64ac31b345d1e966
data/audio/level_normalized_26dbfs_w_concat_carrier_phrase_2/clean/English/test-data/nude_oak_rap_noon_bomb_peak.wav,peak,teak,peak,1.0,1,Graveness,initial,f1,clean,0ea2ca6247e262d5664b628b82a11be7
data/audio/level_normalized_26dbfs_w_concat_carrier_phrase_2/B2_mcadams/neck_than_bat_sue_shin_go.wav,go,joe,go,0.999997496604919,1,Sibilation,initial,m1,B2_mcadams,15a46008ee3af87e45de354031b2b4c1
data/audio/level_normalized_26dbfs_w_concat_carrier_phrase_2/B3_sttts/wroth_jilt_bag_guilt_moot_strode.wav,strode,strobe,strode,0.999999523162842,1,Graveness,final,f1,B3_sttts,b71a54bd6060db0b3b52f15b70ae70c0
data/audio/level_normalized_26dbfs_w_concat_carrier_phrase_2/B4_nac/sank_ross_nog_rue_so_goop.wav,goop,goof,goop,0.999717175960541,1,Sustention,final,m1,B4_nac,eec9e48ae5ff01f8d8844546b54bcf26
data/audio/level_normalized_26dbfs_w_concat_carrier_phrase_2/B5_asr_bn/goof_brawn_rev_gauze_foal_nude.wav,nude,noon,nude,0.999636054039001,1,Nasality,final,f2,B5_asr_bn,73835424c963cc4fea140450bc0bd380
data/audio/level_normalized_26dbfs_w_concat_carrier_phrase_2/clean/English/test-data/goop_oak_thee_nip_bank_go.wav,go,joe,go,1.0,1,Sibilation,initial,f1,clean,0c34ed3641884d730921d3cf43ae6793
data/audio/level_normalized_26dbfs_w_concat_carrier_phrase_2/B2_mcadams/dong_boss_bean_shoes_chair_duke.wav,duke,dupe,duke,0.998814463615417,1,Compactness,final,f1,B2_mcadams,f5304b63f9876f843f05358a9a0daba5
data/audio/level_normalized_26dbfs_w_concat_carrier_phrase_2/B3_sttts/rim_gem_bank_pond_go_bob.wav,bob,bomb,bob,0.645244359970093,1,Nasality,final,f2,B3_sttts,4a5ce8d89769ef5fb99a1a7f54c7112f
data/audio/level_normalized_26dbfs_w_concat_carrier_phrase_2/B4_nac/fad_moss_chair_shoes_note_fan.wav,fan,fad,fan,0.999714434146881,1,Nasality,final,m1,B4_nac,0d7a97e4d3f2ae034daca71d2d949843
data/audio/level_normalized_26dbfs_w_concat_carrier_phrase_2/B5_asr_bn/fad_seethe_rat_sheave_bag_calf.wav,calf,gaff,calf,0.988946974277496,1,Voicing,initial,m1,B5_asr_bn,128a51f7e09bbf0b867d0c164defffeb
data/audio/level_normalized_26dbfs_w_concat_carrier_phrase_2/clean/English/test-data/pence_thin_jilt_trough_guilt_so.wav,so,show,so,0.999917507171631,1,Compactness,initial,m2,clean,12151a05cac1deb56afca08e307de131
data/audio/level_normalized_26dbfs_w_concat_carrier_phrase_2/B2_mcadams/strobe_cop_so_show_back_dock.wav,dock,knock,dock,0.99849534034729,1,Nasality,initial,m1,B2_mcadams,66be38682448da82a7cb56c1978c4394
data/audio/level_normalized_26dbfs_w_concat_carrier_phrase_2/B3_sttts/thee_wed_fad_loop_loon_bank.wav,bank,dank,bank,0.999987840652466,1,Graveness,initial,f2,B3_sttts,3d6087bce613a50e8cacbc2ff8423895
data/audio/level_normalized_26dbfs_w_concat_carrier_phrase_2/B4_nac/broad_duke_though_dough_wad_moan.wav,moan,mode,moan,0.999659299850464,1,Nasality,final,f2,B4_nac,248672aa1a6fa9a093ea090631d8d650
data/audio/level_normalized_26dbfs_w_concat_carrier_phrase_2/B5_asr_bn/back_egg_bed_growth_strobe_cop.wav,cop,chop,cop,0.995954990386963,1,Sibilation,initial,m2,B5_asr_bn,bef425f52a662ebaf91fa42bbd5df8c5
data/audio/TTS_Qwen/chop_Ryan.wav,chop,cop,chop,0.999916315078735,1,Sibilation,initial,TTS_Ryan,TTS_Qwen,2eb29208d2c149ddca8aed63c0cd2d0a
data/audio/level_normalized_26dbfs_w_concat_carrier_phrase_2/B3_sttts/sheet_rich_guilt_moot_big_screed.wav,screed,screen,screed,0.988716244697571,1,Nasality,final,f2,B3_sttts,3baa00dd5176612676b7708e8fea6adb
data/audio/level_normalized_26dbfs_w_concat_carrier_phrase_2/B4_nac/fletch_calf_gin_peen_loss_fan.wav,fan,fad,fan,0.937727868556976,1,Nasality,final,m2,B4_nac,c53db82da61bbfa5aae6153721d4a370
data/audio/level_normalized_26dbfs_w_concat_carrier_phrase_2/B5_asr_bn/flawed_gat_noon_hit_hot_soothe.wav,soothe,sues,soothe,0.999972701072693,1,Sibilation,final,m1,B5_asr_bn,c039e8ad287aa30faba2162574b1b7a2
data/audio/level_normalized_26dbfs_w_concat_carrier_phrase_2/clean/English/test-data/bean_wreath_sank_caught_brogue_wroth.wav,wroth,ross,wroth,0.991914391517639,1,Sibilation,final,m1,clean,d20a997419224f07d8c475633ed77315
data/audio/level_normalized_26dbfs_w_concat_carrier_phrase_2/B2_mcadams/chew_peg_bad_lube_loop_egg.wav,egg,edge,egg,0.997032999992371,1,Sibilation,final,f2,B2_mcadams,e024a4023ba82d41560b78d5fbe53402
data/audio/level_normalized_26dbfs_w_concat_carrier_phrase_2/B3_sttts/meat_nip_wreath_tong_oak_sheaf.wav,sheaf,sheave,sheaf,0.94868665933609,1,Voicing,final,f1,B3_sttts,e14b691f1aceaac0d76254ba6fe57363
data/audio/level_normalized_26dbfs_w_concat_carrier_phrase_2/B4_nac/thong_dupe_wed_lube_wield_live.wav,live,lib,live,0.99999988079071,1,Sustention,final,m2,B4_nac,079973d894d6f111c54465ef667395bf
data/audio/level_normalized_26dbfs_w_concat_carrier_phrase_2/B5_asr_bn/rich_wroth_hit_jaws_oak_rev.wav,rev,ref,rev,0.980125725269318,1,Voicing,final,m2,B5_asr_bn,8ece3cc3b8489ea7feb51fc8b3f4c23c
data/audio/TTS_Qwen/bat_Ryan.wav,bat,gat,bat,1.0,1,Compactness,initial,TTS_Ryan,TTS_Qwen,160519c5fb3cff3bccab43924d52fd85
data/audio/level_normalized_26dbfs_w_concat_carrier_phrase_2/clean/English/test-data/though_moan_bong_keg_thee_wed.wav,wed,web,wed,0.999989986419678,1,Graveness,final,m1,clean,add6953cda4844e82227243a6a4b4df5
data/audio/level_normalized_26dbfs_w_concat_carrier_phrase_2/B2_mcadams/bean_wreath_sank_caught_brogue_wroth.wav,wroth,ross,wroth,0.532634496688843,1,Sibilation,final,m1,B2_mcadams,85b99372a0755e2ab59f5956d1a3e5a0
data/audio/level_normalized_26dbfs_w_concat_carrier_phrase_2/B3_sttts/breathe_nog_knob_dip_egg_web.wav,web,wed,web,0.999999642372131,1,Graveness,final,f1,B3_sttts,5d1b203bbb995e21f6d9aa4e67d1ad4a
data/audio/level_normalized_26dbfs_w_concat_carrier_phrase_2/B4_nac/noon_dong_gauze_edge_meat_hit.wav,hit,fit,hit,0.999994158744812,1,Compactness,initial,m2,B4_nac,413acbf0bcbff10d4ddfc453d9cc2a01
data/audio/level_normalized_26dbfs_w_concat_carrier_phrase_2/B5_asr_bn/tick_hit_notch_fit_dong_jaws.wav,jaws,gauze,jaws,0.999994993209839,1,Sibilation,initial,m1,B5_asr_bn,9fde75bb80ec6ddf9d070753a554040f
data/audio/level_normalized_26dbfs_w_concat_carrier_phrase_2/clean/English/test-data/sank_jilt_moot_pence_wroth_slob.wav,slob,slav,slob,0.999897360801697,1,Sustention,final,f2,clean,94bcb0a762dd7a130804401bd5fabe1e
data/audio/level_normalized_26dbfs_w_concat_carrier_phrase_2/B2_mcadams/soothe_shoes_sues_chew_breeze_note.wav,note,dote,note,0.99999988079071,1,Nasality,initial,f1,B2_mcadams,352d13e14c93ad086087b303bd904626
data/audio/level_normalized_26dbfs_w_concat_carrier_phrase_2/B3_sttts/loathe_noon_deck_joe_gat_loom.wav,loom,loon,loom,0.706728935241699,1,Graveness,final,m1,B3_sttts,827d2d3604361ba007a7a7455412e01d
data/audio/level_normalized_26dbfs_w_concat_carrier_phrase_2/B4_nac/tick_neck_deck_myth_pack_rev.wav,rev,ref,ref,0.998620390892029,0,Voicing,final,f2,B4_nac,2e549f04b3e8c10a4260f7c34aea026f
data/audio/level_normalized_26dbfs_w_concat_carrier_phrase_2/B5_asr_bn/broke_guilt_thin_taught_fence_goop.wav,goop,goof,goop,0.961832523345947,1,Sustention,final,f2,B5_asr_bn,f1205d92c73dda36031718a395197f34
data/audio/level_normalized_26dbfs_w_concat_carrier_phrase_2/clean/English/test-data/though_wad_pool_hotch_rod_web.wav,web,wed,web,1.0,1,Graveness,final,m2,clean,f705488c25ce6812f842404f6691e99b
data/audio/level_normalized_26dbfs_w_concat_carrier_phrase_2/B2_mcadams/bong_thor_strobe_dough_bank_chop.wav,chop,cop,chop,0.99999988079071,1,Sibilation,initial,m2,B2_mcadams,fe7e7bdbf4a7850bedfb53a5b5f854ba
data/audio/level_normalized_26dbfs_w_concat_carrier_phrase_2/B3_sttts/though_fin_thank_fence_laws_gin.wav,gin,chin,chin,0.941733956336975,0,Voicing,initial,f2,B3_sttts,081343e91554378c77a52e1cc3f94f58
data/audio/level_normalized_26dbfs_w_concat_carrier_phrase_2/B4_nac/rap_seek_seep_shim_screen_dote.wav,dote,note,dote,0.999096751213074,1,Nasality,initial,m1,B4_nac,b77a628ae429e4f5b290766e200d0925
data/audio/level_normalized_26dbfs_w_concat_carrier_phrase_2/B5_asr_bn/thee_wed_fad_loop_loon_bank.wav,bank,dank,bank,0.99999463558197,1,Graveness,initial,f2,B5_asr_bn,0d8a891692f175b3783c8ca6f963bf8a
data/audio/level_normalized_26dbfs_w_concat_carrier_phrase_2/B5_asr_bn/hit_sheave_zoo_bat_deck_miss.wav,miss,myth,miss,0.999998211860657,1,Sibilation,final,f2,B5_asr_bn,e1cd385220178204552ca2e1ff679d51
data/audio/level_normalized_26dbfs_w_concat_carrier_phrase_2/clean/English/test-data/peg_broad_cap_dip_keg_wreath.wav,wreath,reef,wreath,1.0,1,Graveness,final,m2,clean,e190e9c3abc6c73de0f146bff65e5501
data/audio/level_normalized_26dbfs_w_concat_carrier_phrase_2/B2_mcadams/loss_choose_seed_fan_chair_notch.wav,notch,knock,notch,0.997626721858978,1,Sibilation,final,m2,B2_mcadams,25ad9583ce2edb6b28c380f6e02edc47
data/audio/level_normalized_26dbfs_w_concat_carrier_phrase_2/B3_sttts/soothe_shoes_sues_chew_breeze_note.wav,note,dote,note,1.0,1,Nasality,initial,f1,B3_sttts,3891ff2c76e055b9c051828cc6d5ce14
data/audio/level_normalized_26dbfs_w_concat_carrier_phrase_2/B4_nac/flog_hot_peak_shin_jaws_goff.wav,goff,gawp,goff,0.969776809215546,1,Sustention,final,m1,B4_nac,2632137449788d19a0a3b524af9239d9
data/audio/level_normalized_26dbfs_w_concat_carrier_phrase_2/B5_asr_bn/bond_flawed_nude_bib_you_strode.wav,strode,strobe,strode,0.999998092651367,1,Graveness,final,f2,B5_asr_bn,06ce8c1686c47d35b49896a0f85f99a8
data/audio/level_normalized_26dbfs_w_concat_carrier_phrase_2/clean/English/test-data/bag_big_meat_thank_teak_rich.wav,rich,ridge,rich,0.999999284744263,1,Voicing,final,m1,clean,750e86b189987d1adaa3da1edd444ea5
data/audio/level_normalized_26dbfs_w_concat_carrier_phrase_2/B2_mcadams/jaws_big_jilt_seethe_flog_dong.wav,dong,bong,dong,0.999888062477112,1,Graveness,initial,m1,B2_mcadams,8222f26a3716e82046968dc70954f57a
data/audio/level_normalized_26dbfs_w_concat_carrier_phrase_2/B3_sttts/dot_tense_rat_fletch_laws_note.wav,note,dote,note,0.99286299943924,1,Nasality,initial,m2,B3_sttts,f73f23695160c84a93558703af2954b3
data/audio/level_normalized_26dbfs_w_concat_carrier_phrase_2/B4_nac/nude_oak_rap_noon_bomb_peak.wav,peak,teak,peak,1.0,1,Graveness,initial,f1,B4_nac,23fc1cd9b62432ff7206af66db67cd63
data/audio/level_normalized_26dbfs_w_concat_carrier_phrase_2/B5_asr_bn/thee_dough_nog_brawn_bean_mad.wav,mad,bad,mad,0.999792754650116,1,Nasality,initial,m1,B5_asr_bn,0a048c49e347c4d7efbd6b2d3f02099f
data/audio/TTS_Qwen/peg_Ryan.wav,peg,keg,peg,1.0,1,Compactness,initial,TTS_Ryan,TTS_Qwen,b21f0fd98b7ac4c6cfa91cd3159823d7
data/audio/level_normalized_26dbfs_w_concat_carrier_phrase_2/clean/English/test-data/jaws_hit_patch_flawed_soothe_oat.wav,oat,oak,oat,0.999982595443726,1,Compactness,final,m1,clean,4b846ae6527c17a4b415cc6ee69cf5fd
data/audio/level_normalized_26dbfs_w_concat_carrier_phrase_2/B2_mcadams/jilt_dough_bob_strode_dock_breathe.wav,breathe,breeze,breathe,0.78772234916687,1,Sibilation,final,m2,B2_mcadams,32ab9018ca8575319165925db9931bc3
data/audio/level_normalized_26dbfs_w_concat_carrier_phrase_2/B3_sttts/keg_dupe_egg_lib_moan_peen.wav,peen,bean,peen,0.992905378341675,1,Voicing,initial,m2,B3_sttts,3d81ff299a8852de5595e39fa1318e1f
data/audio/level_normalized_26dbfs_w_concat_carrier_phrase_2/B4_nac/pence_loss_cap_chair_moss_slob.wav,slob,slav,slob,0.99998927116394,1,Sustention,final,f1,B4_nac,0b1fecbec81ed5abf1c53d96563b5a2e
data/audio/level_normalized_26dbfs_w_concat_carrier_phrase_2/B5_asr_bn/gat_beat_caught_sheet_rat_class.wav,class,clash,class,0.692415356636047,1,Compactness,final,f1,B5_asr_bn,816fd8f1810aa6e61b835c6f4568076f
data/audio/level_normalized_26dbfs_w_concat_carrier_phrase_2/clean/English/test-data/zoo_fit_sue_joe_hot_patch.wav,patch,pack,patch,0.999990344047546,1,Sibilation,final,f2,clean,96d7807f56445304f95aa098877482db
data/audio/level_normalized_26dbfs_w_concat_carrier_phrase_2/B2_mcadams/bank_strode_sheet_sank_back_jilt.wav,jilt,guilt,jilt,0.992324590682983,1,Sibilation,initial,f1,B2_mcadams,15274d9a5cf38b02a5e7cb8e1849f728
data/audio/level_normalized_26dbfs_w_concat_carrier_phrase_2/B3_sttts/oak_strode_gem_goop_foal_brawn.wav,brawn,broad,brawn,0.999912738800049,1,Nasality,final,f1,B3_sttts,3d4fda55a25f19f018b0c791e9220f40
data/audio/level_normalized_26dbfs_w_concat_carrier_phrase_2/B4_nac/rap_screed_seep_screen_dote_seek.wav,seek,seep,seek,0.999511361122131,1,Compactness,final,m2,B4_nac,0f242d9c328c378dc366738bf8da0b95
data/audio/level_normalized_26dbfs_w_concat_carrier_phrase_2/B5_asr_bn/net_bank_thick_duke_reef_bed.wav,bed,beg,bed,0.999943971633911,1,Compactness,final,m2,B5_asr_bn,8affd258989c8a3ee388cd7fc0625449
data/audio/level_normalized_26dbfs_w_concat_carrier_phrase_2/clean/English/test-data/strobe_oat_fence_hop_net_bond.wav,bond,pond,bond,0.999991416931152,1,Voicing,initial,m1,clean,3fde773f85848adcf2d7849cbb6c0d48
data/audio/level_normalized_26dbfs_w_concat_carrier_phrase_2/B2_mcadams/calf_got_gaff_seek_gem_rib.wav,rib,rim,rib,0.989762365818024,1,Nasality,final,f2,B2_mcadams,5823a888e69b58fae5d2c468cbd738f9
data/audio/level_normalized_26dbfs_w_concat_carrier_phrase_2/B4_nac/rev_edge_pond_gauze_load_fad.wav,fad,fan,fad,0.999918460845947,1,Nasality,final,f2,B4_nac,e6e471dbfc99666f518d914e093d1df2
data/audio/level_normalized_26dbfs_w_concat_carrier_phrase_2/B5_asr_bn/neck_sue_ref_meat_flawed_moss.wav,moss,boss,moss,0.995248973369598,1,Nasality,initial,m2,B5_asr_bn,ced9f98e7d9859deedbcf275b1308827
data/audio/TTS_Qwen/class_Ryan.wav,class,clash,class,1.0,1,Compactness,final,TTS_Ryan,TTS_Qwen,cb83be8c6febc0e746044009b7f8aff4
data/audio/level_normalized_26dbfs_w_concat_carrier_phrase_2/clean/English/test-data/zee_slob_seep_zoo_rat_slav.wav,slav,slob,slob,0.685351312160492,0,Sustention,final,f1,clean,b6d20d82438d0c3a368a63b78f42023b
data/audio/level_normalized_26dbfs_w_concat_carrier_phrase_2/B2_mcadams/fin_seek_bed_foal_broke_gawp.wav,gawp,goff,gawp,0.95946079492569,1,Sustention,final,f2,B2_mcadams,342d6788aa82837de8652deb0a02b1b3
data/audio/level_normalized_26dbfs_w_concat_carrier_phrase_2/B3_sttts/rib_vox_dan_chin_tick_miss.wav,miss,myth,miss,0.999984264373779,1,Sibilation,final,m2,B3_sttts,811c42f0af5be9a817c8f099f77504f0
data/audio/level_normalized_26dbfs_w_concat_carrier_phrase_2/B4_nac/though_dip_peen_lib_hodge_cap.wav,cap,calf,cap,1.0,1,Sustention,final,f2,B4_nac,fe7f3c529bf0bc8844cd381a34b419d5
data/audio/level_normalized_26dbfs_w_concat_carrier_phrase_2/B5_asr_bn/nog_bond_gawp_you_beat_loom.wav,loom,loon,loom,0.98357230424881,1,Graveness,final,f1,B5_asr_bn,dbf3d65125ce1340a44323d913b1d1d5
data/audio/level_normalized_26dbfs_w_concat_carrier_phrase_2/clean/English/test-data/daunt_show_taunt_boot_myth_sank.wav,sank,thank,sank,0.999982833862305,1,Sibilation,initial,m2,clean,58c4dc80b6a99d9337feefb1e061c17f
data/audio/level_normalized_26dbfs_w_concat_carrier_phrase_2/B2_mcadams/moan_beat_strode_net_jilt_tick.wav,tick,thick,tick,0.999946117401123,1,Sustention,initial,m2,B2_mcadams,112b2b5ebf01eebbb2d0ae2d6e86bc7b
data/audio/level_normalized_26dbfs_w_concat_carrier_phrase_2/B3_sttts/fad_moss_loss_soothe_calf_shoes.wav,shoes,choose,shoes,1.0,1,Sustention,initial,m1,B3_sttts,4a0e1a64c64c69c183f08c40d253eec3
data/audio/level_normalized_26dbfs_w_concat_carrier_phrase_2/B4_nac/so_thin_foal_dong_shin_dote.wav,dote,note,dote,0.999990344047546,1,Nasality,initial,f1,B4_nac,ac0925508c796ba8f41b2bf749eb7a31
data/audio/level_normalized_26dbfs_w_concat_carrier_phrase_2/B5_asr_bn/wield_hop_dan_beat_fletch_tool.wav,tool,pool,tool,0.999794661998749,1,Graveness,initial,f1,B5_asr_bn,184521c7c0e5e2178d604f587ceaa011
data/audio/level_normalized_26dbfs_w_concat_carrier_phrase_2/clean/English/test-data/thong_dupe_wed_lube_wield_live.wav,live,lib,live,0.999998569488525,1,Sustention,final,m2,clean,b38c33dd4cf19dcf69e05f922d8bc13f
data/audio/level_normalized_26dbfs_w_concat_carrier_phrase_2/B2_mcadams/strobe_oat_fence_hop_net_bond.wav,bond,pond,bond,0.999886751174927,1,Voicing,initial,m1,B2_mcadams,9a0a3c6017afeccbc9f429dbb1e9c305
data/audio/level_normalized_26dbfs_w_concat_carrier_phrase_2/B3_sttts/moss_zee_fad_shoes_chin_note.wav,note,dote,note,0.999996066093445,1,Nasality,initial,m1,B3_sttts,91f960d61ed24b51c1f8abbd7e880915
data/audio/level_normalized_26dbfs_w_concat_carrier_phrase_2/B4_nac/loom_care_tool_net_bob_oat.wav,oat,oak,oat,0.999974727630615,1,Compactness,final,f1,B4_nac,f4715b24474907ef89161ca7b66a7853
data/audio/level_normalized_26dbfs_w_concat_carrier_phrase_2/B5_asr_bn/bomb_myth_rib_than_breathe_wield.wav,wield,yield,wield,0.98729681968689,1,Compactness,initial,m2,B5_asr_bn,c801b10f6012a162c548ac9d53c40ae8
data/audio/level_normalized_26dbfs_w_concat_carrier_phrase_2/clean/English/test-data/chew_peg_bad_lube_loop_egg.wav,egg,edge,egg,0.99999475479126,1,Sibilation,final,f2,clean,937fbb221e00aac86f9fe1530807beb5
data/audio/level_normalized_26dbfs_w_concat_carrier_phrase_2/B2_mcadams/sank_jilt_moot_pence_wroth_slob.wav,slob,slav,slob,0.991846144199371,1,Sustention,final,f2,B2_mcadams,5ed0fc894cbaca0032382f2098ee8a0c
data/audio/level_normalized_26dbfs_w_concat_carrier_phrase_2/B3_sttts/thin_patch_bed_dong_bomb_gauze.wav,gauze,jaws,gauze,0.955658972263336,1,Sibilation,initial,m2,B3_sttts,fe904adde4d24e4889802b407055c6ae
data/audio/level_normalized_26dbfs_w_concat_carrier_phrase_2/B4_nac/moan_pond_edge_load_caught_jaws.wav,jaws,gauze,jaws,0.999990701675415,1,Sibilation,initial,m2,B4_nac,8d1708cc10299e23e3562a93aa04c64e
data/audio/level_normalized_26dbfs_w_concat_carrier_phrase_2/B5_asr_bn/met_wed_mad_bob_bond_gem.wav,gem,jeb,gem,0.999270856380463,1,Nasality,final,f1,B5_asr_bn,eb07f6aae29b681db3db58e3780713d4
data/audio/TTS_Qwen/deck_Ryan.wav,deck,neck,deck,0.99999988079071,1,Nasality,initial,TTS_Ryan,TTS_Qwen,3d593a597f3631fb3cb1cf766fba2a51
data/audio/level_normalized_26dbfs_w_concat_carrier_phrase_2/clean/English/test-data/brogue_choose_moss_got_calf_fore.wav,fore,thor,fore,0.999970436096191,1,Graveness,initial,f2,clean,71191253018de3849bd0c6340f6424a3
data/audio/level_normalized_26dbfs_w_concat_carrier_phrase_2/B2_mcadams/pond_mad_rat_nip_wad_cop.wav,cop,chop,cop,0.926644325256348,1,Sibilation,initial,f2,B2_mcadams,70c5701bdcc827b84f7ac204fee1beb4
data/audio/level_normalized_26dbfs_w_concat_carrier_phrase_2/B3_sttts/gat_cap_daunt_teak_thin_loss.wav,loss,laws,loss,0.999959230422974,1,Voicing,final,f2,B3_sttts,ca3afbc7c7d0fb7548e76533cccadba9
data/audio/level_normalized_26dbfs_w_concat_carrier_phrase_2/B4_nac/brogue_choose_moss_got_calf_fore.wav,fore,thor,fore,0.999954342842102,1,Graveness,initial,f2,B4_nac,264373762ed3ed279e777e14da540e4a
data/audio/level_normalized_26dbfs_w_concat_carrier_phrase_2/B5_asr_bn/hop_zoo_pack_oat_jaws_gat.wav,gat,bat,gat,0.999900102615356,1,Compactness,initial,f1,B5_asr_bn,0fe3386c233d7bf5dbf053de3f3c3ea2
data/audio/level_normalized_26dbfs_w_concat_carrier_phrase_2/clean/English/test-data/bob_nip_beat_pool_screed_sheave.wav,sheave,sheaf,sheave,0.999956727027893,1,Voicing,final,m2,clean,fc45236fa4a6b5768951236ad6ea59e0
data/audio/level_normalized_26dbfs_w_concat_carrier_phrase_2/B2_mcadams/wreath_bag_fence_calf_rat_fin.wav,fin,thin,fin,0.999017000198364,1,Graveness,initial,m1,B2_mcadams,702e1c68fa723b3808290bfd5a695936
data/audio/level_normalized_26dbfs_w_concat_carrier_phrase_2/B3_sttts/tick_loathe_rev_neck_pack_myth.wav,myth,miss,myth,0.511441588401794,1,Sibilation,final,f2,B3_sttts,6f444639f29de2e196847956850c3d16
data/audio/level_normalized_26dbfs_w_concat_carrier_phrase_2/B4_nac/jeb_cap_dot_rat_vole_box.wav,box,vox,box,0.99985134601593,1,Sustention,initial,m2,B4_nac,9b11695e28608e85469a15ba16d008dc
data/audio/level_normalized_26dbfs_w_concat_carrier_phrase_2/B5_asr_bn/slob_broke_meat_dock_edge_pack.wav,pack,patch,pack,0.999904751777649,1,Sibilation,final,m2,B5_asr_bn,9f59b4c380f7bf81f4fe4cd27638cc8c
data/audio/level_normalized_26dbfs_w_concat_carrier_phrase_2/clean/English/test-data/neck_sue_ref_meat_flawed_moss.wav,moss,boss,moss,0.989752650260925,1,Nasality,initial,m2,clean,c912ec805a29d1737110c7b4e267f01c
data/audio/level_normalized_26dbfs_w_concat_carrier_phrase_2/B2_mcadams/brawn_peen_dough_cop_bad_dupe.wav,dupe,duke,dupe,0.558352887630463,1,Compactness,final,m1,B2_mcadams,5782be6ff7267920f7498b7fe5d12a57
data/audio/level_normalized_26dbfs_w_concat_carrier_phrase_2/B3_sttts/egg_clash_slav_beg_trough_wed.wav,wed,web,wed,0.996810019016266,1,Graveness,final,m2,B3_sttts,801f12db5041412e2a02f292d2dfd7ae
data/audio/level_normalized_26dbfs_w_concat_carrier_phrase_2/B4_nac/wed_strobe_clash_big_bean_knock.wav,knock,notch,knock,0.999987483024597,1,Sibilation,final,m2,B4_nac,ea4dd3d164859d44fd37b3f7b1a1952c
data/audio/level_normalized_26dbfs_w_concat_carrier_phrase_2/B5_asr_bn/bomb_loathe_fit_gauze_dan_beat.wav,beat,meat,beat,0.999980330467224,1,Nasality,initial,f2,B5_asr_bn,a3c12c5d1c89469685728dadf32bb59b
data/audio/level_normalized_26dbfs_w_concat_carrier_phrase_2/clean/English/test-data/moot_thank_tick_bat_bomb_vole.wav,vole,foal,vole,0.999999165534973,1,Voicing,initial,m1,clean,bbf94716ddb324c3f65f9b7b6168c511
data/audio/level_normalized_26dbfs_w_concat_carrier_phrase_2/B2_mcadams/vole_bond_peak_noon_sheet_thee.wav,thee,zee,thee,0.998595058917999,1,Sibilation,initial,m2,B2_mcadams,abbd889172ec6b0a0b6aed7f2b1b3829
data/audio/level_normalized_26dbfs_w_concat_carrier_phrase_2/B3_sttts/dip_strobe_knock_nog_slav_brogue.wav,brogue,broke,brogue,0.939231812953949,1,Voicing,final,m2,B3_sttts,a906b721c189f03812bda538bb62e30c
data/audio/level_normalized_26dbfs_w_concat_carrier_phrase_2/B4_nac/shin_bed_so_trough_dank_knock.wav,knock,dock,knock,1.0,1,Nasality,initial,f1,B4_nac,e8e4af158b4ef4d88a35376956beb5d5
data/audio/level_normalized_26dbfs_w_concat_carrier_phrase_2/B5_asr_bn/myth_miss_hit_bat_sheave_tick.wav,tick,thick,tick,0.999927163124084,1,Sustention,initial,f2,B5_asr_bn,01157f11afe220c151364a8415a47838
data/audio/TTS_Qwen/taught_Ryan.wav,taught,caught,taught,0.999999165534973,1,Compactness,initial,TTS_Ryan,TTS_Qwen,1f75eead8e86174be7194be7db6cdc6e
data/audio/level_normalized_26dbfs_w_concat_carrier_phrase_2/clean/English/test-data/miss_flog_myth_pack_gat_vox.wav,vox,box,vox,0.999928712844849,1,Sustention,initial,m1,clean,42845080ed247421e8b94214c5fa7c06
data/audio/level_normalized_26dbfs_w_concat_carrier_phrase_2/B2_mcadams/daunt_show_taunt_boot_myth_sank.wav,sank,thank,sank,0.998854041099548,1,Sibilation,initial,m2,B2_mcadams,cceb3f4ca522ddc3757553f3628942ce
data/audio/level_normalized_26dbfs_w_concat_carrier_phrase_2/B3_sttts/tool_hop_net_peak_meat_than.wav,than,dan,than,0.999964833259583,1,Sustention,initial,f2,B3_sttts,7a6a0d5aff0c40263fa2da5b50997502
data/audio/level_normalized_26dbfs_w_concat_carrier_phrase_2/B4_nac/rap_tong_yield_care_rim_bob.wav,bob,bomb,bomb,0.874074935913086,0,Nasality,final,f1,B4_nac,548f4800355e9494492ed114ae146d95
data/audio/level_normalized_26dbfs_w_concat_carrier_phrase_2/B5_asr_bn/oat_hit_bat_sheaf_sheet_broke.wav,broke,brogue,broke,0.999957084655762,1,Voicing,final,m2,B5_asr_bn,d283d62cfa415f4099696235382b2d26
data/audio/level_normalized_26dbfs_w_concat_carrier_phrase_2/clean/English/test-data/jilt_fin_foal_fore_thor_ridge.wav,ridge,rich,ridge,0.999999046325684,1,Voicing,final,f1,clean,767d8096f1023e7e28d8bee6994cd34e
data/audio/level_normalized_26dbfs_w_concat_carrier_phrase_2/B2_mcadams/beat_seed_loss_fence_slav_boss.wav,boss,moss,boss,0.999995350837708,1,Nasality,initial,f2,B2_mcadams,a613e0229622af52bced130a49919d47
data/audio/level_normalized_26dbfs_w_concat_carrier_phrase_2/B3_sttts/rev_pond_flog_loon_bond_met.wav,met,net,met,0.999683380126953,1,Graveness,initial,m1,B3_sttts,303d58add363b9f470a6ed312d7b3efe
data/audio/level_normalized_26dbfs_w_concat_carrier_phrase_2/B4_nac/reef_strode_zoo_slob_rim_peak.wav,peak,teak,peak,1.0,1,Graveness,initial,m2,B4_nac,ba79215cf686a8892a2f62d90c07a84d
data/audio/level_normalized_26dbfs_w_concat_carrier_phrase_2/B5_asr_bn/bib_gauze_flawed_loon_thee_web.wav,web,wed,web,0.999991059303284,1,Graveness,final,f2,B5_asr_bn,830370c1984d6f6376480ffa295ae417
data/audio/level_normalized_26dbfs_w_concat_carrier_phrase_2/clean/English/test-data/goop_brogue_bag_myth_pond_jilt.wav,jilt,guilt,jilt,0.999999642372131,1,Sibilation,initial,m1,clean,64099e7e1cb0ce0a21e590c1ae26409e
data/audio/level_normalized_26dbfs_w_concat_carrier_phrase_2/B2_mcadams/fletch_bong_box_fore_got_calf.wav,calf,gaff,calf,0.999984979629517,1,Voicing,initial,f2,B2_mcadams,916c01a2d6091ca906c6bc88eb1e0822
data/audio/level_normalized_26dbfs_w_concat_carrier_phrase_2/B3_sttts/seep_net_jaws_bat_loss_daunt.wav,daunt,taunt,daunt,0.987126886844635,1,Voicing,initial,f1,B3_sttts,d51a3584ab0953708957a197c6ce8d6c
data/audio/level_normalized_26dbfs_w_concat_carrier_phrase_2/B4_nac/cheat_caught_breeze_beat_clash_box.wav,box,vox,box,0.999999642372131,1,Sustention,initial,f2,B4_nac,7023f4673f3de87c60151e6914487fea
data/audio/level_normalized_26dbfs_w_concat_carrier_phrase_2/B5_asr_bn/fin_bag_trough_fore_seethe_fad.wav,fad,fan,fan,0.94767439365387,0,Nasality,final,m1,B5_asr_bn,e9645c14eca90aa30c8c606c8473296b
data/audio/level_normalized_26dbfs_w_concat_carrier_phrase_2/clean/English/test-data/bank_growth_strode_gross_care_thank.wav,thank,sank,thank,1.0,1,Sibilation,initial,f2,clean,9d81ffe13f6706662029681f82b6e21b
data/audio/level_normalized_26dbfs_w_concat_carrier_phrase_2/B2_mcadams/wield_hop_dan_beat_fletch_tool.wav,tool,pool,tool,0.993459463119507,1,Graveness,initial,f1,B2_mcadams,185910f562a1cd14645ad5da1f1bf949
data/audio/level_normalized_26dbfs_w_concat_carrier_phrase_2/B3_sttts/moss_fit_flawed_beg_net_box.wav,box,vox,box,0.999513745307922,1,Sustention,initial,m1,B3_sttts,b988aa8726ce422afaab0233d736fc32
data/audio/level_normalized_26dbfs_w_concat_carrier_phrase_2/B4_nac/seed_calf_boss_chair_got_flesh.wav,flesh,fletch,flesh,0.999987006187439,1,Sustention,final,m1,B4_nac,f0dfff0a96e42776c80c24a064d29f84
data/audio/level_normalized_26dbfs_w_concat_carrier_phrase_2/B5_asr_bn/laws_zee_sue_seed_sheet_sank.wav,sank,thank,sank,0.996279537677765,1,Sibilation,initial,f1,B5_asr_bn,a2463e6ad491eb60e192e2f2ee74504f
data/audio/TTS_Qwen/troth_Ryan.wav,troth,trough,troth,0.999466955661774,1,Graveness,final,TTS_Ryan,TTS_Qwen,18c049499e10f5b5247ddab7a039aa8b
data/audio/level_normalized_26dbfs_w_concat_carrier_phrase_2/clean/English/test-data/hit_rev_chew_slob_pond_dough.wav,dough,though,dough,0.999999284744263,1,Sustention,initial,m2,clean,c3091a2e4051dc52c9848fd1c5d4857e
data/audio/level_normalized_26dbfs_w_concat_carrier_phrase_2/B2_mcadams/soothe_peak_vox_dong_sue_rib.wav,rib,rim,rim,0.828052580356598,0,Nasality,final,m2,B2_mcadams,bd88ac123de34f04e858121d761d2bc4
data/audio/level_normalized_26dbfs_w_concat_carrier_phrase_2/B3_sttts/fad_trough_wreath_shin_fin_rat.wav,rat,rap,rat,0.748933792114258,1,Graveness,final,m1,B3_sttts,f971d6841dace454c7bdfd63929fb4c8
data/audio/level_normalized_26dbfs_w_concat_carrier_phrase_2/B4_nac/fin_got_chair_bib_gawp_brogue.wav,brogue,broke,brogue,0.908269107341766,1,Voicing,final,f2,B4_nac,1d1002e66b33697735f9d627011c064c
data/audio/level_normalized_26dbfs_w_concat_carrier_phrase_2/B5_asr_bn/beat_oat_jaws_sheave_than_dan.wav,dan,than,dan,0.993511497974396,1,Sustention,initial,f2,B5_asr_bn,62534928578c6e50af1c937d50d2780b
data/audio/level_normalized_26dbfs_w_concat_carrier_phrase_2/clean/English/test-data/fence_net_seethe_sue_teak_ross.wav,ross,wroth,ross,0.999953627586365,1,Sibilation,final,f1,clean,bcc83a796d9458730ec46a8352af9d91
data/audio/level_normalized_26dbfs_w_concat_carrier_phrase_2/B4_nac/thor_notch_rib_brogue_moss_dote.wav,dote,note,dote,0.999987125396729,1,Nasality,initial,f2,B4_nac,d9768ae5ace109d35825560a2bc0e932
data/audio/level_normalized_26dbfs_w_concat_carrier_phrase_2/B5_asr_bn/rue_bond_than_clash_slav_neck.wav,neck,deck,neck,0.999986290931702,1,Nasality,initial,m2,B5_asr_bn,6c8aac16d716b54c79fec2700d16257d
data/audio/level_normalized_26dbfs_w_concat_carrier_phrase_2/clean/English/test-data/peen_zee_dot_loss_rap_gaff.wav,gaff,calf,gaff,1.0,1,Voicing,initial,m2,clean,63ff2fc406da5e2fc55994a46d26b3bc
data/audio/level_normalized_26dbfs_w_concat_carrier_phrase_2/B2_mcadams/cop_bib_dan_loon_loop_rat.wav,rat,rap,rat,0.999898791313171,1,Graveness,final,f2,B2_mcadams,ad2b1b2bfb22d630a23cf84ad33883fa
data/audio/level_normalized_26dbfs_w_concat_carrier_phrase_2/B3_sttts/nog_hop_met_shim_pond_mad.wav,mad,bad,bad,0.611944913864136,0,Nasality,initial,f1,B3_sttts,64a84901a8a1930319ec03d06eb3c335
data/audio/level_normalized_26dbfs_w_concat_carrier_phrase_2/B4_nac/moan_breeze_wield_brogue_peen_wad.wav,wad,rod,wad,0.999987363815308,1,Graveness,initial,m1,B4_nac,89fb2c19efb39048f31480dcd00cad02
data/audio/level_normalized_26dbfs_w_concat_carrier_phrase_2/B5_asr_bn/daunt_show_soothe_dot_note_seek.wav,seek,seep,seek,0.999996304512024,1,Compactness,final,m1,B5_asr_bn,c25af1ac8e9648e945cfe4bfe9daac82
data/audio/level_normalized_26dbfs_w_concat_carrier_phrase_2/clean/English/test-data/meat_flawed_goff_sues_moss_loathe.wav,loathe,load,loathe,0.999993443489075,1,Sustention,final,m2,clean,a16fed323e086f46e1adb005b9e6655a
data/audio/level_normalized_26dbfs_w_concat_carrier_phrase_2/B2_mcadams/neck_patch_gauze_hop_load_flog.wav,flog,flawed,flog,0.999946355819702,1,Compactness,final,f1,B2_mcadams,64dcc1f89a6481e3b07d2ba04978ea8a
data/audio/level_normalized_26dbfs_w_concat_carrier_phrase_2/B3_sttts/broad_edge_dupe_knob_lube_thong.wav,thong,tong,thong,0.999921798706055,1,Sustention,initial,m1,B3_sttts,4c5c233a4524803f66a5f20e6518a763
data/audio/level_normalized_26dbfs_w_concat_carrier_phrase_2/B4_nac/meat_flawed_goff_sues_moss_loathe.wav,loathe,load,loathe,0.999862670898438,1,Sustention,final,m2,B4_nac,6c0f26818c5222686bf5f19a70f94abc
data/audio/level_normalized_26dbfs_w_concat_carrier_phrase_2/B5_asr_bn/wed_bag_lib_back_goop_show.wav,show,so,show,0.99999463558197,1,Compactness,initial,m1,B5_asr_bn,4718bd0bb2fbbe09cb4ac4ba08fca855
data/audio/level_normalized_26dbfs_w_concat_carrier_phrase_2/clean/English/test-data/cop_bib_dan_loon_loop_rat.wav,rat,rap,rat,0.999999761581421,1,Graveness,final,f2,clean,4dcd15d90251c9b1a677ce5b11af42d4
data/audio/level_normalized_26dbfs_w_concat_carrier_phrase_2/B2_mcadams/moss_fit_flawed_beg_net_box.wav,box,vox,box,0.999988555908203,1,Sustention,initial,m1,B2_mcadams,1fa77433291d13c708a3f937d1370804
data/audio/level_normalized_26dbfs_w_concat_carrier_phrase_2/B3_sttts/noon_myth_joe_go_goff_hot.wav,hot,hop,hot,0.999230623245239,1,Graveness,final,m1,B3_sttts,df0835edad42d1b1208d1d3662280838
data/audio/level_normalized_26dbfs_w_concat_carrier_phrase_2/B4_nac/miss_flog_myth_pack_gat_vox.wav,vox,box,box,0.999999165534973,0,Sustention,initial,m1,B4_nac,cb16f56dfe5de88ee0333972c19a7cd8
data/audio/level_normalized_26dbfs_w_concat_carrier_phrase_2/B5_asr_bn/sank_bag_sheet_moot_growth_dank.wav,dank,bank,dank,0.999997615814209,1,Graveness,initial,f1,B5_asr_bn,71c477ef43098e47815463f790fdc40a
data/audio/TTS_Qwen/vole_Ryan.wav,vole,foal,vole,0.999916553497314,1,Voicing,initial,TTS_Ryan,TTS_Qwen,a844c0655dabfd4e6fd6a17cc7cda7a9
data/audio/level_normalized_26dbfs_w_concat_carrier_phrase_2/clean/English/test-data/slav_daunt_gaff_slob_bank_fad.wav,fad,fan,fad,0.999997496604919,1,Nasality,final,f1,clean,3da3b2cc1dd52e52f063600a2886de18
data/audio/level_normalized_26dbfs_w_concat_carrier_phrase_2/B2_mcadams/dong_dot_note_wreath_thee_shim.wav,shim,shin,shim,0.988916397094727,1,Graveness,final,f2,B2_mcadams,2e1d5afad3fa0f3e6783bf656d4d3fc1
data/audio/level_normalized_26dbfs_w_concat_carrier_phrase_2/B3_sttts/laws_gat_zee_rat_teak_hotch.wav,hotch,hodge,hotch,0.880999803543091,1,Voicing,final,f1,B3_sttts,c32b4f9b187b8d430c2cb5d354511e2c
data/audio/level_normalized_26dbfs_w_concat_carrier_phrase_2/B4_nac/than_sheaf_meat_care_oat_gawp.wav,gawp,goff,gawp,0.959618747234344,1,Sustention,final,f1,B4_nac,b0f54969435d1d30b6af842ac26f09eb
data/audio/level_normalized_26dbfs_w_concat_carrier_phrase_2/B5_asr_bn/fad_seethe_rat_sheave_bag_calf.wav,calf,gaff,calf,0.988946974277496,1,Voicing,initial,m2,B5_asr_bn,128a51f7e09bbf0b867d0c164defffeb
data/audio/level_normalized_26dbfs_w_concat_carrier_phrase_2/clean/English/test-data/box_miss_teak_thick_daunt_breeze.wav,breeze,breathe,breeze,0.999386548995972,1,Sibilation,final,f2,clean,6e97dc4bf2069517d181a13053d21acc
data/audio/level_normalized_26dbfs_w_concat_carrier_phrase_2/clean/English/test-data/sheaf_flog_noon_goff_myth_peak.wav,peak,teak,peak,1.0,1,Graveness,initial,m1,clean,0eeba9c8cfde40aa20d76cce9903dfa4
data/audio/level_normalized_26dbfs_w_concat_carrier_phrase_2/B2_mcadams/bib_joe_web_gem_goop_pool.wav,pool,tool,pool,0.99964439868927,1,Graveness,initial,f2,B2_mcadams,6f4a1f44ebaff6af5e861dcf050d0ffe
data/audio/level_normalized_26dbfs_w_concat_carrier_phrase_2/B3_sttts/calf_got_gaff_seek_gem_rib.wav,rib,rim,rib,0.999970316886902,1,Nasality,final,f2,B3_sttts,5c0e5c7fb0bfd32b14b6810b51a531f1
data/audio/level_normalized_26dbfs_w_concat_carrier_phrase_2/B4_nac/nog_hodge_bad_wed_cop_tense.wav,tense,dense,tense,0.7757328748703,1,Voicing,initial,f2,B4_nac,363ad59d3dee865c2cac4cf7406473ee
data/audio/level_normalized_26dbfs_w_concat_carrier_phrase_2/B5_asr_bn/breathe_egg_knob_dough_hodge_dip.wav,dip,nip,dip,0.999935388565063,1,Nasality,initial,f2,B5_asr_bn,1c7d5454665658912f722feead4a1cbb
data/audio/level_normalized_26dbfs_w_concat_carrier_phrase_2/clean/English/test-data/wield_bib_goof_bank_sheave_deck.wav,deck,neck,deck,0.99999988079071,1,Nasality,initial,m2,clean,763ac6e96451b2d83680e86304745778
data/audio/level_normalized_26dbfs_w_concat_carrier_phrase_2/B2_mcadams/so_knob_bank_class_foal_lib.wav,lib,live,lib,0.999995231628418,1,Sustention,final,m2,B2_mcadams,97d59929c8690475ea82b27b7a8f8d92
data/audio/level_normalized_26dbfs_w_concat_carrier_phrase_2/B3_sttts/moot_sheet_loon_broke_sue_loop.wav,loop,lube,loop,0.999723732471466,1,Voicing,final,m2,B3_sttts,c6512b5e8013fb1a761f49217456a8e3
data/audio/level_normalized_26dbfs_w_concat_carrier_phrase_2/B4_nac/yield_duke_rod_wad_dip_mode.wav,mode,moan,mode,0.994892358779907,1,Nasality,final,f1,B4_nac,de99f637688d0ce558d2743b0560c811
data/audio/level_normalized_26dbfs_w_concat_carrier_phrase_2/B5_asr_bn/fit_flawed_broke_taunt_ridge_shoes.wav,shoes,choose,shoes,0.999999165534973,1,Sustention,initial,m2,B5_asr_bn,9bafef5fd70198ff93f81f9e790c9d02
data/audio/level_normalized_26dbfs_w_concat_carrier_phrase_2/clean/English/test-data/moot_bib_jeb_class_daunt_big.wav,big,bib,big,0.999945521354675,1,Compactness,final,f2,clean,4a02a4f99e64e46d76d5fc3da1fcf0e3
data/audio/level_normalized_26dbfs_w_concat_carrier_phrase_2/B2_mcadams/bag_slav_daunt_ross_tong_dip.wav,dip,nip,dip,0.999186456203461,1,Nasality,initial,m2,B2_mcadams,e90e5db27bbbefa1dad609552429b023
data/audio/level_normalized_26dbfs_w_concat_carrier_phrase_2/B3_sttts/fad_moss_chair_shoes_note_fan.wav,fan,fad,fan,0.999998450279236,1,Nasality,final,m1,B3_sttts,4b31edbe7b8a9ecdb7ba7d82a5e0afcc
data/audio/level_normalized_26dbfs_w_concat_carrier_phrase_2/B4_nac/though_wad_pool_hotch_rod_web.wav,web,wed,wed,0.999561727046967,0,Graveness,final,m2,B4_nac,71b1a4198e971f9b4e6ba9ef50c13b8a
data/audio/level_normalized_26dbfs_w_concat_carrier_phrase_2/B5_asr_bn/neck_patch_gauze_hop_load_flog.wav,flog,flawed,flog,1.0,1,Compactness,final,f1,B5_asr_bn,29a82de81e9f460e6bc00de8952b79d5
data/audio/level_normalized_26dbfs_w_concat_carrier_phrase_2/clean/English/test-data/screed_shim_dote_rap_seek_screen.wav,screen,screed,screen,0.999954342842102,1,Nasality,final,m1,clean,fa98cf83698bd560369da74a02169f8b
data/audio/level_normalized_26dbfs_w_concat_carrier_phrase_2/B2_mcadams/wreath_caught_foal_you_ross_daunt.wav,daunt,taunt,daunt,0.997045934200287,1,Voicing,initial,m1,B2_mcadams,9af27145922c96a25895a4094553b7bc
data/audio/level_normalized_26dbfs_w_concat_carrier_phrase_2/B3_sttts/sue_go_flog_gauze_dan_fit.wav,fit,hit,fit,0.999981045722961,1,Compactness,initial,m1,B3_sttts,5817e040400a0adfcd1b0b5ecd48c585
data/audio/level_normalized_26dbfs_w_concat_carrier_phrase_2/B4_nac/thong_peen_mode_coo_lib_hodge.wav,hodge,hotch,hotch,0.534667551517487,0,Voicing,final,f2,B4_nac,32005b6202df9e6086174f6ac65a0adb
data/audio/level_normalized_26dbfs_w_concat_carrier_phrase_2/B5_asr_bn/edge_chew_peen_hodge_coo_hotch.wav,hotch,hodge,hodge,0.999548375606537,0,Voicing,final,f2,B5_asr_bn,dd754b45bba2db8f3402d9d907f56906
data/audio/TTS_Qwen/laws_Ryan.wav,laws,loss,laws,0.999998569488525,1,Voicing,final,TTS_Ryan,TTS_Qwen,f40553689abdd402ee501750486d2de5
data/audio/level_normalized_26dbfs_w_concat_carrier_phrase_2/clean/English/test-data/thin_sank_peak_ridge_bat_fit.wav,fit,hit,fit,0.999989986419678,1,Compactness,initial,m2,clean,0ec9eb69ef62a0d8b3f6808ba693a9e4
data/audio/level_normalized_26dbfs_w_concat_carrier_phrase_2/B2_mcadams/tick_sank_than_jaws_class_wroth.wav,wroth,ross,wroth,0.938466727733612,1,Sibilation,final,m2,B2_mcadams,82e524be47f49d2d9a24e5443407b5a7
data/audio/level_normalized_26dbfs_w_concat_carrier_phrase_2/B3_sttts/growth_wroth_class_bag_strode_sheet.wav,sheet,cheat,sheet,0.999423623085022,1,Sustention,initial,f2,B3_sttts,af9924645343ef20c5ad1073bb263b55
data/audio/level_normalized_26dbfs_w_concat_carrier_phrase_2/clean/English/test-data/dupe_dip_dough_notch_shin_dot.wav,dot,got,dot,0.99999988079071,1,Compactness,initial,f1,clean,bc737ca94c1d390e3b2ba604797cf01a
data/audio/level_normalized_26dbfs_w_concat_carrier_phrase_2/B2_mcadams/rich_pence_moot_big_boot_bag.wav,bag,back,bag,0.999982953071594,1,Voicing,final,f1,B2_mcadams,8c2be188a7eeff836ce4c04658616684
data/audio/level_normalized_26dbfs_w_concat_carrier_phrase_2/B3_sttts/chop_zee_tick_class_hot_seethe.wav,seethe,seed,seethe,0.984430968761444,1,Sustention,final,f2,B3_sttts,71103db89b37179e79c8f237c524afe1
data/audio/level_normalized_26dbfs_w_concat_carrier_phrase_2/B4_nac/neck_chin_gauze_myth_go_bat.wav,bat,gat,bat,0.574207782745361,1,Compactness,initial,m1,B4_nac,b27057e68ed42e1dd90291567d471ce7
data/audio/level_normalized_26dbfs_w_concat_carrier_phrase_2/B5_asr_bn/fin_thin_dot_wroth_slob_dank.wav,dank,bank,dank,0.999156594276428,1,Graveness,initial,m2,B5_asr_bn,af5c75323d069b5d0fd5c887cca75d86
data/audio/TTS_Qwen/flawed_Ryan.wav,flawed,flog,flawed,1.0,1,Compactness,final,TTS_Ryan,TTS_Qwen,50986503cfb2b62d99404dadbca35efd
data/audio/level_normalized_26dbfs_w_concat_carrier_phrase_2/clean/English/test-data/cop_bong_dough_chop_cap_pool.wav,pool,tool,pool,0.999940991401672,1,Graveness,initial,m1,clean,ee4949db208ebf410fda4e6c00d5cd61
data/audio/level_normalized_26dbfs_w_concat_carrier_phrase_2/B2_mcadams/breeze_seed_screed_seek_moss_seep.wav,seep,seek,seep,0.65522575378418,1,Compactness,final,f1,B2_mcadams,0d88e2764429bff080acdd91feaa0fe4
data/audio/level_normalized_26dbfs_w_concat_carrier_phrase_2/B3_sttts/reef_mode_keg_chew_cap_wad.wav,wad,rod,wad,0.997286677360535,1,Graveness,initial,f1,B3_sttts,38670db7d814fd44265a4b0c73ff4327
data/audio/level_normalized_26dbfs_w_concat_carrier_phrase_2/B4_nac/dan_pool_tool_strode_load_flawed.wav,flawed,flog,flawed,0.999998450279236,1,Compactness,final,f2,B4_nac,960fd0446d622f7f8b65e929a3e36e9a
data/audio/level_normalized_26dbfs_w_concat_carrier_phrase_2/B5_asr_bn/sue_duke_breathe_mode_screed_loon.wav,loon,loom,loon,0.999635100364685,1,Graveness,final,m2,B5_asr_bn,8a2813f3040f0e60f2742481912c4431
data/audio/level_normalized_26dbfs_w_concat_carrier_phrase_2/clean/English/test-data/strobe_cop_so_show_back_dock.wav,dock,knock,dock,0.999991178512573,1,Nasality,initial,m1,clean,fbe8150cc36f0bd376e5a156f75e1924
data/audio/level_normalized_26dbfs_w_concat_carrier_phrase_2/B2_mcadams/pool_laws_though_breathe_live_cap.wav,cap,calf,cap,0.999988913536072,1,Sustention,final,m1,B2_mcadams,977aa257b25bf6321bb9919236a8f62d
data/audio/level_normalized_26dbfs_w_concat_carrier_phrase_2/B3_sttts/dough_tool_keg_dupe_knob_though.wav,though,dough,though,0.701413154602051,1,Sustention,initial,m2,B3_sttts,95249092e0f4a780cfb46b391bbd5df6
data/audio/level_normalized_26dbfs_w_concat_carrier_phrase_2/B4_nac/thin_troth_rich_wroth_guilt_vole.wav,vole,foal,vole,0.999990582466125,1,Voicing,initial,f2,B4_nac,cef483a51d762702a64f2294887601c1
data/audio/level_normalized_26dbfs_w_concat_carrier_phrase_2/B5_asr_bn/goop_bean_wed_strobe_so_tong.wav,tong,thong,thong,0.998290717601776,0,Sustention,initial,m2,B5_asr_bn,66a17300e2043ebe98486a5077a2e399
data/audio/level_normalized_26dbfs_w_concat_carrier_phrase_2/clean/English/test-data/sank_wroth_myth_gross_flawed_pond.wav,pond,bond,pond,0.999993205070496,1,Voicing,initial,m2,clean,d7ae7833ddd55897808eee25a303b1bc
data/audio/level_normalized_26dbfs_w_concat_carrier_phrase_2/B2_mcadams/tong_nog_live_lube_lib_moan.wav,moan,mode,moan,0.958780705928802,1,Nasality,final,m1,B2_mcadams,72cd9f54fa7da1db917927d65ba70a12
data/audio/level_normalized_26dbfs_w_concat_carrier_phrase_2/B3_sttts/nude_oak_rap_noon_bomb_peak.wav,peak,teak,teak,0.50604909658432,0,Graveness,initial,f1,B3_sttts,4357e5e6a438ba55a811ce436349c076
data/audio/level_normalized_26dbfs_w_concat_carrier_phrase_2/B4_nac/gauze_mad_oak_thee_bond_pond.wav,pond,bond,pond,0.999168038368225,1,Voicing,initial,f2,B4_nac,89e1ddbc621b5ac20834a75a19031cf5
data/audio/level_normalized_26dbfs_w_concat_carrier_phrase_2/B5_asr_bn/tool_sheet_fletch_moot_chew_laws.wav,laws,loss,laws,0.99999213218689,1,Voicing,final,m2,B5_asr_bn,9174c6e23f1321d8c8758602ca3cc0fd
data/audio/level_normalized_26dbfs_w_concat_carrier_phrase_2/clean/English/test-data/loss_note_wreath_shim_reef_shoes.wav,shoes,choose,shoes,1.0,1,Sustention,initial,f2,clean,e45952180a52cecf61ef0f4242c5e77b
data/audio/level_normalized_26dbfs_w_concat_carrier_phrase_2/B2_mcadams/hotch_broad_wreath_wed_rod_dough.wav,dough,though,dough,0.999894142150879,1,Sustention,initial,f2,B2_mcadams,8eacf7bb6915cc76d6f42e592635b3e8
data/audio/level_normalized_26dbfs_w_concat_carrier_phrase_2/B3_sttts/fad_seethe_rat_sheave_bag_calf.wav,calf,cap,calf,0.545977473258972,1,Sustention,final,m1,B3_sttts,d0f010a5336c31198d7709242e70f50a
data/audio/level_normalized_26dbfs_w_concat_carrier_phrase_2/B2_mcadams/box_fletch_note_beg_fore_got.wav,got,dot,got,0.99993371963501,1,Compactness,initial,f1,B2_mcadams,845e9ec7fe64a3af37cbc2a4d7c17e39
data/audio/level_normalized_26dbfs_w_concat_carrier_phrase_2/B3_sttts/gin_peen_fletch_zee_loss_dense.wav,dense,tense,tense,0.965588510036469,0,Voicing,initial,m1,B3_sttts,8f37047f4f539c2a01a4f60636dd0399
data/audio/level_normalized_26dbfs_w_concat_carrier_phrase_2/B4_nac/shin_calf_sheave_pence_trough_wreath.wav,wreath,reef,wreath,0.919800281524658,1,Graveness,final,m1,B4_nac,ab735ef86179c081a9d6cd5f3ccd6f52
data/audio/level_normalized_26dbfs_w_concat_carrier_phrase_2/B5_asr_bn/reef_wreath_got_zee_loss_dense.wav,dense,tense,tense,0.858846068382263,0,Voicing,initial,f1,B5_asr_bn,9448770928fddd7ab1c9ed78c2b2527b
data/audio/level_normalized_26dbfs_w_concat_carrier_phrase_2/clean/English/test-data/dong_boss_bean_shoes_chair_duke.wav,duke,dupe,duke,0.999489903450012,1,Compactness,final,f1,clean,de74d7aa74e741ab5088de944ed33fe5
data/audio/level_normalized_26dbfs_w_concat_carrier_phrase_2/B2_mcadams/joe_bob_taught_go_met_oak.wav,oak,oat,oak,0.987127065658569,1,Compactness,final,f2,B2_mcadams,3277d9418247d6d264bb4dfdd57f88ea
data/audio/level_normalized_26dbfs_w_concat_carrier_phrase_2/B3_sttts/beg_slav_vole_show_bong_troth.wav,troth,trough,troth,0.551856279373169,1,Graveness,final,f1,B3_sttts,866bbe665c74c8ee098ee5a3a7a8385b
data/audio/level_normalized_26dbfs_w_concat_carrier_phrase_2/B4_nac/bob_dan_gawp_met_noon_loon.wav,loon,loom,loon,0.999965310096741,1,Graveness,final,m1,B4_nac,5153a34463a4c7411c9f27c1b93cbfe4
data/audio/level_normalized_26dbfs_w_concat_carrier_phrase_2/B5_asr_bn/tick_seep_cheat_seethe_thin_thick.wav,thick,tick,thick,0.999749004840851,1,Sustention,initial,f1,B5_asr_bn,a28616c7fe0c4fdc37f269d4c46a6e45
data/audio/level_normalized_26dbfs_w_concat_carrier_phrase_2/clean/English/test-data/taunt_goof_moot_thin_fence_screen.wav,screen,screed,screen,0.999967336654663,1,Nasality,final,f2,clean,9f81453d4050e4c664bf991924457385
data/audio/level_normalized_26dbfs_w_concat_carrier_phrase_2/B2_mcadams/goop_knob_wreath_class_jeb_sank.wav,sank,thank,sank,0.999997973442078,1,Sibilation,initial,m1,B2_mcadams,be0d179867478b659644df994fcff2f0
data/audio/level_normalized_26dbfs_w_concat_carrier_phrase_2/B3_sttts/strode_pool_dough_beat_rue_screed.wav,screed,screen,screed,0.85559469461441,1,Nasality,final,m2,B3_sttts,4626d9c89683a79cf487332a3bd17967
data/audio/level_normalized_26dbfs_w_concat_carrier_phrase_2/B4_nac/goop_brogue_bag_myth_pond_jilt.wav,jilt,guilt,jilt,0.999995589256287,1,Sibilation,initial,m1,B4_nac,0ff3656a4471e782a3c0c4728950f973
data/audio/level_normalized_26dbfs_w_concat_carrier_phrase_2/B5_asr_bn/so_tong_you_taught_bean_jeb.wav,jeb,gem,jeb,0.999665260314941,1,Nasality,final,m1,B5_asr_bn,e18cd007b2efdfeaeed8e4df5a98226e
data/audio/TTS_Qwen/rev_Ryan.wav,rev,ref,rev,0.999995589256287,1,Voicing,final,TTS_Ryan,TTS_Qwen,be43dd68368f686ace4fa20a86d65716
data/audio/level_normalized_26dbfs_w_concat_carrier_phrase_2/clean/English/test-data/chin_sues_shim_got_shoes_reef.wav,reef,wreath,reef,0.99109810590744,1,Graveness,final,f1,clean,0f866831eeaeada3f71f199048886a29
data/audio/level_normalized_26dbfs_w_concat_carrier_phrase_2/B2_mcadams/troth_big_guilt_seed_daunt_broke.wav,broke,brogue,broke,0.77689516544342,1,Voicing,final,f2,B2_mcadams,a9090d66bf4c2f25544d9ac2a34f562c
data/audio/level_normalized_26dbfs_w_concat_carrier_phrase_2/B3_sttts/loss_note_wreath_shim_reef_shoes.wav,shoes,choose,shoes,0.99999988079071,1,Sustention,initial,f2,B3_sttts,eb06c25b05ef668d72428e3d1ce39b73
data/audio/level_normalized_26dbfs_w_concat_carrier_phrase_2/B4_nac/sheave_growth_shoes_sheaf_gem_gawp.wav,gawp,goff,goff,0.743628978729248,0,Sustention,final,m2,B4_nac,739ede351840ab0875db19d01744fee9
data/audio/level_normalized_26dbfs_w_concat_carrier_phrase_2/B5_asr_bn/so_knob_bank_class_foal_lib.wav,lib,live,lib,0.993853688240051,1,Sustention,final,m2,B5_asr_bn,0923dc23e7fe8e6154cc0a67e982ff31
data/audio/level_normalized_26dbfs_w_concat_carrier_phrase_2/clean/English/test-data/wad_bong_though_live_knob_beg.wav,beg,bed,beg,0.99999988079071,1,Compactness,final,m1,clean,a8f81df4d68de605af0f1e6f666334a6
data/audio/level_normalized_26dbfs_w_concat_carrier_phrase_2/B2_mcadams/bong_dock_gem_pool_reef_net.wav,net,met,net,0.999999523162842,1,Graveness,initial,m1,B2_mcadams,daeb2a0e82117bbc73f65aa9511492b4
data/audio/level_normalized_26dbfs_w_concat_carrier_phrase_2/B3_sttts/sue_flog_bong_tick_clash_gem.wav,gem,jeb,gem,0.974974989891052,1,Nasality,final,m1,B3_sttts,30693f3985c14ec416384ad864734746
data/audio/level_normalized_26dbfs_w_concat_carrier_phrase_2/B4_nac/notch_chair_wreath_loss_bean_seek.wav,seek,seep,seek,0.999944567680359,1,Compactness,final,f1,B4_nac,906723964b1bbf6281637db83795b0c4
data/audio/level_normalized_26dbfs_w_concat_carrier_phrase_2/B2_mcadams/wroth_jilt_bag_guilt_moot_strode.wav,strode,strobe,strode,0.999990582466125,1,Graveness,final,f1,B2_mcadams,45820bf95171cbec1a507f543aba6a8f
data/audio/level_normalized_26dbfs_w_concat_carrier_phrase_2/B3_sttts/wed_moan_thong_nog_tong_reef.wav,reef,wreath,reef,0.989618241786957,1,Graveness,final,f2,B3_sttts,b6dd51907f85970f9e632fd783d53623
data/audio/level_normalized_26dbfs_w_concat_carrier_phrase_2/B4_nac/jilt_dough_bob_strode_dock_breathe.wav,breathe,breeze,breeze,0.587910294532776,0,Sibilation,final,m2,B4_nac,20c7bb6647b9169c076a51396295ed6e
data/audio/level_normalized_26dbfs_w_concat_carrier_phrase_2/B5_asr_bn/bean_reef_dot_chair_vox_loss.wav,loss,laws,laws,0.697769463062286,0,Voicing,final,f1,B5_asr_bn,fac084da6db44cd2af5aeb37191fa2f6
data/audio/level_normalized_26dbfs_w_concat_carrier_phrase_2/clean/English/test-data/tense_wad_cop_rod_peen_wed.wav,wed,web,wed,0.999913930892944,1,Graveness,final,f1,clean,23f137ee5056fb087f2acb90ceb1529d
data/audio/level_normalized_26dbfs_w_concat_carrier_phrase_2/B2_mcadams/fad_goop_bib_rat_loop_wed.wav,wed,web,wed,0.899610102176666,1,Graveness,final,f2,B2_mcadams,42578a1046b5e14c8ed2059e3c64f3aa
data/audio/level_normalized_26dbfs_w_concat_carrier_phrase_2/B3_sttts/bib_gem_ross_bat_goff_class.wav,class,clash,class,0.999999284744263,1,Compactness,final,m2,B3_sttts,723c3eb223cc7bbc326e65d8470b2efa
data/audio/level_normalized_26dbfs_w_concat_carrier_phrase_2/B4_nac/daunt_chair_net_rat_slav_tense.wav,tense,dense,tense,0.980226755142212,1,Voicing,initial,f1,B4_nac,243ef8ccbdf2163d9eb5fc03398f8bda
data/audio/level_normalized_26dbfs_w_concat_carrier_phrase_2/B5_asr_bn/cheat_moot_pence_guilt_jilt_gross.wav,gross,growth,gross,1.0,1,Sibilation,final,m2,B5_asr_bn,c57531a41c9e69c1f0ab344fa68a7acf
data/audio/level_normalized_26dbfs_w_concat_carrier_phrase_2/clean/English/test-data/loon_flog_deck_pond_bob_gat.wav,gat,bat,gat,0.999675869941711,1,Compactness,initial,m2,clean,87bbf84beaf080179b2b2a5529883078
data/audio/level_normalized_26dbfs_w_concat_carrier_phrase_2/B2_mcadams/breeze_chew_peen_hodge_duke_breathe.wav,breathe,breeze,breathe,0.874338388442993,1,Sibilation,final,m1,B2_mcadams,7e6083ac6987e3d043f2a10efb963107
data/audio/level_normalized_26dbfs_w_concat_carrier_phrase_2/B3_sttts/nip_go_cop_brawn_nude_you.wav,you,rue,you,0.99999988079071,1,Compactness,initial,f2,B3_sttts,8e864555398ea8a1e6cf09f1b02f0633
data/audio/level_normalized_26dbfs_w_concat_carrier_phrase_2/B4_nac/bag_screen_loon_back_joe_brawn.wav,brawn,broad,brawn,0.999913334846497,1,Nasality,final,f2,B4_nac,fc6d0725fc2acd3a840158cd751425cc
data/audio/level_normalized_26dbfs_w_concat_carrier_phrase_2/B5_asr_bn/bag_foal_dank_slob_screed_boot.wav,boot,moot,boot,0.997481405735016,1,Nasality,initial,f1,B5_asr_bn,c8c34743fc5cd28f49e13207b6aee804
data/audio/TTS_Qwen/sheet_Ryan.wav,sheet,cheat,sheet,1.0,1,Sustention,initial,TTS_Ryan,TTS_Qwen,5c5a504a780cdc2f2160dc4e27932346
data/audio/level_normalized_26dbfs_w_concat_carrier_phrase_2/clean/English/test-data/knob_wreath_nog_tense_mad_rib.wav,rib,rim,rib,0.999989628791809,1,Nasality,final,m1,clean,c9d5f5204385f2d84c58f852c82eb65e
data/audio/level_normalized_26dbfs_w_concat_carrier_phrase_2/B2_mcadams/gin_got_zee_calf_shim_fore.wav,fore,thor,fore,0.99316793680191,1,Graveness,initial,m2,B2_mcadams,6f88cc34f206018b387158e3cb8a814c
data/audio/level_normalized_26dbfs_w_concat_carrier_phrase_2/B3_sttts/notch_breeze_yield_shin_got_dong.wav,dong,bong,dong,0.918281972408295,1,Graveness,initial,f2,B3_sttts,80dda0d2825da581b990de0d89a908a2
data/audio/level_normalized_26dbfs_w_concat_carrier_phrase_2/B4_nac/goof_class_thee_sank_screed_jeb.wav,jeb,gem,jeb,0.999984860420227,1,Nasality,final,f2,B4_nac,a5799e771b1a14c79d3f65630eb2b46d
data/audio/level_normalized_26dbfs_w_concat_carrier_phrase_2/B5_asr_bn/bat_dan_slob_oak_dot_foal.wav,foal,vole,foal,0.992719769477844,1,Voicing,initial,m2,B5_asr_bn,0526e5a84ee14559b1f854eb40b2bb22
data/audio/level_normalized_26dbfs_w_concat_carrier_phrase_2/clean/English/test-data/rim_taught_thee_met_pool_wad.wav,wad,rod,wad,0.999974370002747,1,Graveness,initial,f2,clean,a2bace130283e52dff36f8a48ee57a0c
data/audio/level_normalized_26dbfs_w_concat_carrier_phrase_2/B2_mcadams/dot_loss_shin_moss_broke_gin.wav,gin,chin,gin,0.968674957752228,1,Voicing,initial,f1,B2_mcadams,9d280fd214b66637f38713e1d504f715
data/audio/level_normalized_26dbfs_w_concat_carrier_phrase_2/B3_sttts/knob_wreath_nog_tense_mad_rib.wav,rib,rim,rib,0.999118030071259,1,Nasality,final,m1,B3_sttts,9efee07d46f14970ff1c21b1a281687c
data/audio/level_normalized_26dbfs_w_concat_carrier_phrase_2/B4_nac/seethe_chair_zee_shin_got_soothe.wav,soothe,sues,soothe,0.848508417606354,1,Sibilation,final,m2,B4_nac,bf26c62a3e7cee2d9b9179c84284b092
data/audio/level_normalized_26dbfs_w_concat_carrier_phrase_2/B5_asr_bn/hit_rev_chew_slob_pond_dough.wav,dough,though,dough,0.999831676483154,1,Sustention,initial,m2,B5_asr_bn,361cccd7c3d2f2254f09831fbbdd214f
data/audio/level_normalized_26dbfs_w_concat_carrier_phrase_2/clean/English/test-data/beat_seed_loss_fence_slav_boss.wav,boss,moss,boss,0.999992966651917,1,Nasality,initial,f2,clean,6c4e637e91ba90e43b0dd24694b52ab1
data/audio/level_normalized_26dbfs_w_concat_carrier_phrase_2/B2_mcadams/loom_lube_vole_loon_net_knob.wav,knob,nog,knob,0.958228230476379,1,Compactness,final,f2,B2_mcadams,f383477e2ddbf29710b2e4d9550e1233
data/audio/level_normalized_26dbfs_w_concat_carrier_phrase_2/B3_sttts/beat_flawed_strode_cheat_go_slob.wav,slob,slav,slob,0.998146176338196,1,Sustention,final,m2,B3_sttts,4c480f78551ec5b0298797db7516fd59
data/audio/level_normalized_26dbfs_w_concat_carrier_phrase_2/B4_nac/than_loon_patch_ridge_neck_bank.wav,bank,dank,bank,1.0,1,Graveness,initial,m2,B4_nac,9af6836cc40f6c311cfec8e93f27e232
data/audio/level_normalized_26dbfs_w_concat_carrier_phrase_2/B5_asr_bn/joe_bob_taught_go_met_oak.wav,oak,oat,oak,0.998773634433746,1,Compactness,final,f2,B5_asr_bn,e5efc9853e7833c48d85c274819d0362
data/audio/level_normalized_26dbfs_w_concat_carrier_phrase_2/clean/English/test-data/wad_coo_though_live_keg_yield.wav,yield,wield,yield,0.999999642372131,1,Compactness,initial,m2,clean,7c837876a84f785a2f830eda2e86a64a
data/audio/level_normalized_26dbfs_w_concat_carrier_phrase_2/B2_mcadams/slob_net_box_teak_sheet_screed.wav,screed,screen,screed,0.999425172805786,1,Nasality,final,f1,B2_mcadams,c1bcf3d098a44cef5668f1f12e8f649b
data/audio/level_normalized_26dbfs_w_concat_carrier_phrase_2/B3_sttts/duke_dip_dense_wield_zee_thee.wav,thee,zee,zee,0.751405239105225,0,Sibilation,initial,f1,B3_sttts,6eab0e14064f129d00b5ccd442b30a32
data/audio/level_normalized_26dbfs_w_concat_carrier_phrase_2/B4_nac/peg_dough_moan_reef_though_keg.wav,keg,peg,keg,0.998764157295227,1,Compactness,initial,m2,B4_nac,98532e2f5e19112d7879ff646913bceb
data/audio/level_normalized_26dbfs_w_concat_carrier_phrase_2/B5_asr_bn/loss_note_seek_dot_wreath_shin.wav,shin,shim,shin,0.999993324279785,1,Graveness,final,f2,B5_asr_bn,cc12b94badba379cad20c54c6c3fe936
data/audio/TTS_Qwen/duke_Ryan.wav,duke,dupe,duke,0.916618883609772,1,Compactness,final,TTS_Ryan,TTS_Qwen,3c720e4956e367a8531ec54f0a2f1407
data/audio/level_normalized_26dbfs_w_concat_carrier_phrase_2/clean/English/test-data/troth_big_guilt_seed_daunt_broke.wav,broke,brogue,broke,0.999983429908752,1,Voicing,final,f2,clean,c52b65433aac1657c3f35711c5beecd7
data/audio/level_normalized_26dbfs_w_concat_carrier_phrase_2/B2_mcadams/so_chair_bed_rib_thor_gaff.wav,gaff,calf,gaff,0.988616406917572,1,Voicing,initial,f1,B2_mcadams,968eb6c85c64a2910795412290eec5bd
data/audio/level_normalized_26dbfs_w_concat_carrier_phrase_2/B3_sttts/breeze_clash_teak_loss_caught_sue.wav,sue,zoo,sue,0.999993920326233,1,Voicing,initial,f2,B3_sttts,7915c004fa3f6efbc148ecc685c2a161
data/audio/level_normalized_26dbfs_w_concat_carrier_phrase_2/B4_nac/dupe_dip_dough_notch_shin_dot.wav,dot,got,dot,1.0,1,Compactness,initial,f1,B4_nac,626ae58adf0e9d38c9f9f0159b5224cb
data/audio/level_normalized_26dbfs_w_concat_carrier_phrase_2/B5_asr_bn/tong_taunt_thank_jeb_clash_hop.wav,hop,hot,hop,0.999990105628967,1,Graveness,final,m1,B5_asr_bn,881e1c829a811cb6138a3862f7a16cb7
data/audio/level_normalized_26dbfs_w_concat_carrier_phrase_2/clean/English/test-data/slob_big_tick_goff_zoo_gem.wav,gem,jeb,gem,0.998798489570618,1,Nasality,final,m2,clean,7ca0738f3398e5737552599ff64a66a7
data/audio/level_normalized_26dbfs_w_concat_carrier_phrase_2/B2_mcadams/oat_peak_myth_sheave_tick_deck.wav,deck,neck,deck,0.999583065509796,1,Nasality,initial,f1,B2_mcadams,6f46ffb52978deb6bf49018f7f5f6e6c
data/audio/level_normalized_26dbfs_w_concat_carrier_phrase_2/B3_sttts/thong_tong_reef_coo_mode_keg.wav,keg,peg,keg,0.999184906482697,1,Compactness,initial,f2,B3_sttts,e75594197f14006c22d1f4e6dd270481
data/audio/level_normalized_26dbfs_w_concat_carrier_phrase_2/B4_nac/dip_though_reef_moan_cop_cap.wav,cap,calf,cap,1.0,1,Sustention,final,m2,B4_nac,923c02007fddaddc25e32dcf947ee19c
data/audio/level_normalized_26dbfs_w_concat_carrier_phrase_2/B5_asr_bn/peak_boot_bat_zoo_strode_sheaf.wav,sheaf,sheave,sheaf,0.913395643234253,1,Voicing,final,m2,B5_asr_bn,51288bd35246c026fdc7f800785661a0
data/audio/level_normalized_26dbfs_w_concat_carrier_phrase_2/clean/English/test-data/fletch_bong_box_fore_got_calf.wav,calf,cap,calf,0.9999840259552,1,Sustention,final,f1,clean,c9ad06d938ad3c01514295f0a9b9f738
data/audio/level_normalized_26dbfs_w_concat_carrier_phrase_2/B2_mcadams/cop_bong_dough_chop_cap_pool.wav,pool,tool,tool,0.95415335893631,0,Graveness,initial,m1,B2_mcadams,1de06c55ce9420b8c54dc2cfa21a7b51
data/audio/level_normalized_26dbfs_w_concat_carrier_phrase_2/B5_asr_bn/knob_wreath_nog_tense_mad_rib.wav,rib,rim,rib,0.997407257556915,1,Nasality,final,m1,B5_asr_bn,3ece8e468ba1d6af1122590bc100a0e1
data/audio/level_normalized_26dbfs_w_concat_carrier_phrase_2/clean/English/test-data/tool_lib_wed_hotch_edge_cop.wav,cop,chop,cop,0.999877691268921,1,Sibilation,initial,f1,clean,373e5db566d726e06167b258145aeb34
data/audio/level_normalized_26dbfs_w_concat_carrier_phrase_2/B2_mcadams/wield_nog_lib_lube_though_broad.wav,broad,brawn,broad,0.999843001365662,1,Nasality,final,m2,B2_mcadams,9c6737eb9bd3c296d8683c781ea30fef
data/audio/level_normalized_26dbfs_w_concat_carrier_phrase_2/B3_sttts/mode_lube_chew_peg_egg_loop.wav,loop,lube,lube,0.996577560901642,0,Voicing,final,f2,B3_sttts,34cc351018e5a60e1da0dd0d0ed930f2
data/audio/level_normalized_26dbfs_w_concat_carrier_phrase_2/B4_nac/bean_lube_dip_thong_edge_peen.wav,peen,bean,peen,0.997974932193756,1,Voicing,initial,m1,B4_nac,2174fdc7971e944fe1a390e91413c14b
data/audio/level_normalized_26dbfs_w_concat_carrier_phrase_2/B5_asr_bn/than_thin_growth_taunt_slav_meat.wav,meat,beat,meat,0.979907035827637,1,Nasality,initial,m2,B5_asr_bn,cbb293073c3aa8ea001a7de5184a65c3
data/audio/level_normalized_26dbfs_w_concat_carrier_phrase_2/clean/English/test-data/dan_sheaf_shin_tool_than_tong.wav,tong,thong,tong,0.999792873859406,1,Sustention,initial,f1,clean,9b2a320c1a200b2c6541c375831932ab
data/audio/level_normalized_26dbfs_w_concat_carrier_phrase_2/B2_mcadams/show_bank_oak_go_rich_boot.wav,boot,moot,boot,0.999935388565063,1,Nasality,initial,m1,B2_mcadams,08258adf11b3290d0ec41887fbb5945f
data/audio/level_normalized_26dbfs_w_concat_carrier_phrase_2/B3_sttts/rue_chew_breeze_moan_edge_bong.wav,bong,dong,bong,0.999979853630066,1,Graveness,initial,m1,B3_sttts,cba3da5fb5e62ab9fd6fa2abcb7c3bc5
data/audio/level_normalized_26dbfs_w_concat_carrier_phrase_2/B4_nac/neck_than_bat_sue_shin_go.wav,go,joe,go,1.0,1,Sibilation,initial,m1,B4_nac,161c4ecbde407083db348ba3ecaff74f
data/audio/level_normalized_26dbfs_w_concat_carrier_phrase_2/B5_asr_bn/patch_beat_lube_load_bag_thick.wav,thick,tick,thick,0.999998927116394,1,Sustention,initial,m2,B5_asr_bn,57db229bfdcf8b1ade85b395c1093c7a
data/audio/TTS_Qwen/guilt_Ryan.wav,guilt,jilt,guilt,1.0,1,Sibilation,initial,TTS_Ryan,TTS_Qwen,aa3c307781a7b1dafb9a93623cb67ed0
data/audio/level_normalized_26dbfs_w_concat_carrier_phrase_2/clean/English/test-data/rue_bag_sheet_bean_teak_bob.wav,bob,bomb,bob,0.999996542930603,1,Nasality,final,m2,clean,39c2707e1f97e65f0e4ad295f730a9a0
data/audio/level_normalized_26dbfs_w_concat_carrier_phrase_2/B2_mcadams/fit_flawed_broke_taunt_ridge_shoes.wav,shoes,choose,shoes,0.999797999858856,1,Sustention,initial,m2,B2_mcadams,bba3a5be3ee731144c045cfb4f13c8b4
data/audio/level_normalized_26dbfs_w_concat_carrier_phrase_2/B3_sttts/cheat_peak_jaws_loathe_wroth_jeb.wav,jeb,gem,jeb,0.99970680475235,1,Nasality,final,m2,B3_sttts,cca2b4028399b81502a088daa8290513
data/audio/level_normalized_26dbfs_w_concat_carrier_phrase_2/B4_nac/bed_zoo_dan_jeb_slob_met.wav,met,net,met,0.9999178647995,1,Graveness,initial,m2,B4_nac,5b47bc6c32d9141be8e9b1c6cf3b36d3
data/audio/level_normalized_26dbfs_w_concat_carrier_phrase_2/B5_asr_bn/dip_thee_reef_shoes_seek_notch.wav,notch,knock,notch,0.999999761581421,1,Sibilation,final,f1,B5_asr_bn,5427364784259e275669807333b7aad6
data/audio/level_normalized_26dbfs_w_concat_carrier_phrase_2/clean/English/test-data/calf_bong_beg_fletch_note_box.wav,box,vox,box,0.99999475479126,1,Sustention,initial,f1,clean,e08a0f867acebebef9ca6e0e21e02e9d
data/audio/level_normalized_26dbfs_w_concat_carrier_phrase_2/B2_mcadams/foal_jeb_guilt_jilt_screen_big.wav,big,bib,big,0.99924635887146,1,Compactness,final,f1,B2_mcadams,360c7b7e468fdc41cfe02042125e94b3
data/audio/level_normalized_26dbfs_w_concat_carrier_phrase_2/B3_sttts/meat_flawed_goff_sues_moss_loathe.wav,loathe,load,loathe,0.999969482421875,1,Sustention,final,m2,B3_sttts,7816ce9d3dd2c5d9b2a9971c6ec6e8e8
data/audio/level_normalized_26dbfs_w_concat_carrier_phrase_2/B4_nac/meat_nip_wreath_tong_oak_sheaf.wav,sheaf,sheave,sheaf,0.99811315536499,1,Voicing,final,f1,B4_nac,563957db8542f7aaffa23435e4d86fc8
data/audio/level_normalized_26dbfs_w_concat_carrier_phrase_2/B5_asr_bn/bib_joe_web_gem_goop_pool.wav,pool,tool,pool,0.98803174495697,1,Graveness,initial,f2,B5_asr_bn,f0d1bd3653f8dc239b82e75cc90d4ba1
data/audio/level_normalized_26dbfs_w_concat_carrier_phrase_2/clean/English/test-data/laws_zee_sue_seed_sheet_sank.wav,sank,thank,sank,0.989744365215302,1,Sibilation,initial,f1,clean,3e436e30a0e586c120fa66107a42d865
data/audio/level_normalized_26dbfs_w_concat_carrier_phrase_2/B2_mcadams/peen_mad_loom_hot_wreath_bomb.wav,bomb,bob,bomb,0.999937534332275,1,Nasality,final,f1,B2_mcadams,ae4b871bb7b00589dee358d0bf542162
data/audio/level_normalized_26dbfs_w_concat_carrier_phrase_2/B5_asr_bn/dank_hit_back_broke_thank_moan.wav,moan,mode,moan,0.999497771263123,1,Nasality,final,m2,B5_asr_bn,c940d28448628bef5fc4edfbb751b606
data/audio/level_normalized_26dbfs_w_concat_carrier_phrase_2/clean/English/test-data/broad_edge_dupe_knob_lube_thong.wav,thong,tong,thong,0.999456465244293,1,Sustention,initial,m1,clean,1d940b86e21a42ad6641c7795d9b9669
data/audio/level_normalized_26dbfs_w_concat_carrier_phrase_2/B2_mcadams/bank_trough_daunt_tong_knock_big.wav,big,bib,big,0.999993324279785,1,Compactness,final,m1,B2_mcadams,0f8169273ddf9412fdb15b1319c78abe
data/audio/level_normalized_26dbfs_w_concat_carrier_phrase_2/B3_sttts/chop_tong_thong_wad_hotch_keg.wav,keg,peg,keg,0.977775752544403,1,Compactness,initial,f1,B3_sttts,f6ba82c9014f095eb2a901620617719d
data/audio/level_normalized_26dbfs_w_concat_carrier_phrase_2/B4_nac/bad_wreath_egg_duke_cop_bean.wav,bean,peen,bean,0.999393224716187,1,Voicing,initial,f2,B4_nac,c700f3e4cb196637be172e24ed5be720
data/audio/level_normalized_26dbfs_w_concat_carrier_phrase_2/B5_asr_bn/cap_screed_zee_seek_seethe_cheat.wav,cheat,sheet,cheat,0.999996304512024,1,Sustention,initial,f1,B5_asr_bn,c0b4ed60a720e3f2c2ab1b92f77a3002
data/audio/level_normalized_26dbfs_w_concat_carrier_phrase_2/clean/English/test-data/calf_rap_fan_fore_loss_shim.wav,shim,shin,shim,0.997337758541107,1,Graveness,final,m2,clean,385deeccc656da2f41a4700c89f33062
data/audio/level_normalized_26dbfs_w_concat_carrier_phrase_2/B2_mcadams/goop_bean_wed_strobe_so_tong.wav,tong,thong,tong,0.999955177307129,1,Sustention,initial,m2,B2_mcadams,f1e57b5c2e1f8a3be55434086bf78174
data/audio/level_normalized_26dbfs_w_concat_carrier_phrase_2/B3_sttts/so_hop_ridge_wroth_egg_trough.wav,trough,troth,trough,0.977946639060974,1,Graveness,final,m2,B3_sttts,91622c7ca16844d1f0d097a146d1f9bd
data/audio/level_normalized_26dbfs_w_concat_carrier_phrase_2/B4_nac/hit_goof_myth_peak_oat_rich.wav,rich,ridge,rich,0.999826490879059,1,Voicing,final,m2,B4_nac,10c5eb05de8b56c48a4623dac0be0933
data/audio/level_normalized_26dbfs_w_concat_carrier_phrase_2/B5_asr_bn/load_nude_you_gem_nip_joe.wav,joe,go,joe,0.999663949012756,1,Sibilation,initial,f2,B5_asr_bn,f7ff4733db8041d4b82a81c91c57437b
data/audio/TTS_Qwen/broad_Ryan.wav,broad,brawn,broad,0.99999475479126,1,Nasality,final,TTS_Ryan,TTS_Qwen,1b8407a9faa9b120ce62a9abe93263a1
data/audio/level_normalized_26dbfs_w_concat_carrier_phrase_2/clean/English/test-data/calf_ridge_shin_gawp_notch_bed.wav,bed,beg,bed,0.999878287315369,1,Compactness,final,f1,clean,2c7eef8f1590267b623b5bbe5899c18f
data/audio/level_normalized_26dbfs_w_concat_carrier_phrase_2/B2_mcadams/slav_bag_zoo_goop_beat_oak.wav,oak,oat,oak,0.99037766456604,1,Compactness,final,m1,B2_mcadams,e5ddb842e3825b96ca5a0c929e23d2c4
data/audio/level_normalized_26dbfs_w_concat_carrier_phrase_2/B3_sttts/sues_seed_gaff_shoes_shin_loss.wav,loss,laws,loss,0.999916911125183,1,Voicing,final,m1,B3_sttts,187452171857b4c3a989838116e895ea
data/audio/level_normalized_26dbfs_w_concat_carrier_phrase_2/B4_nac/fit_myth_loom_ref_hit_thick.wav,thick,tick,thick,0.999022483825684,1,Sustention,initial,f2,B4_nac,8c326e33cbf051d632ea8823a0bc573c
data/audio/level_normalized_26dbfs_w_concat_carrier_phrase_2/B5_asr_bn/reef_strode_zoo_slob_rim_peak.wav,peak,teak,peak,1.0,1,Graveness,initial,m2,B5_asr_bn,06bd5af3ebbfbcc57bc8df976c5f628d
data/audio/level_normalized_26dbfs_w_concat_carrier_phrase_2/clean/English/test-data/myth_neck_rev_sheave_pack_loathe.wav,loathe,load,loathe,0.99455714225769,1,Sustention,final,f2,clean,8c193109b1122bd76df60ebf3acf06ae
data/audio/level_normalized_26dbfs_w_concat_carrier_phrase_2/B2_mcadams/bad_wreath_egg_duke_cop_bean.wav,bean,peen,bean,0.996791660785675,1,Voicing,initial,f2,B2_mcadams,63e58ad8c17b56e237ee8fe80b917ca7
data/audio/level_normalized_26dbfs_w_concat_carrier_phrase_2/B3_sttts/reef_zoo_clash_dock_sue_dank.wav,dank,bank,dank,0.999961495399475,1,Graveness,initial,m1,B3_sttts,5d6155e37edc2812586b24f3892f1e5e
data/audio/level_normalized_26dbfs_w_concat_carrier_phrase_2/B4_nac/oat_jaws_hop_thee_loop_broke.wav,broke,brogue,broke,0.999859571456909,1,Voicing,final,m1,B4_nac,3341a3e84f87a43dea05d20d815cae67
data/audio/level_normalized_26dbfs_w_concat_carrier_phrase_2/B5_asr_bn/lube_moan_live_reef_loop_keg.wav,keg,peg,keg,0.999958038330078,1,Compactness,initial,m1,B5_asr_bn,e7b107e85e13989edffa187a43ce6694
data/audio/level_normalized_26dbfs_w_concat_carrier_phrase_2/clean/English/test-data/moss_rib_notch_thor_dote_brogue.wav,brogue,broke,brogue,0.999278485774994,1,Voicing,final,f1,clean,17f901757644c5e9cde8a3bf10eef113
data/audio/level_normalized_26dbfs_w_concat_carrier_phrase_2/B2_mcadams/thank_than_fence_live_though_goff.wav,goff,gawp,goff,0.962837398052216,1,Sustention,final,f1,B2_mcadams,481a6ddfdfb7ff69543ec7555705c942
data/audio/level_normalized_26dbfs_w_concat_carrier_phrase_2/B5_asr_bn/meat_flawed_goff_sues_moss_loathe.wav,loathe,load,loathe,0.999999165534973,1,Sustention,final,m2,B5_asr_bn,06c590e1fd78be39c434086bf91da38a
data/audio/level_normalized_26dbfs_w_concat_carrier_phrase_2/clean/English/test-data/bag_screen_loon_back_joe_brawn.wav,brawn,broad,brawn,0.99967348575592,1,Nasality,final,f2,clean,800febc871bdfa2f314aa5544b8ff00a
data/audio/level_normalized_26dbfs_w_concat_carrier_phrase_2/B2_mcadams/so_hop_jeb_bad_caught_bed.wav,bed,beg,beg,0.993349611759186,0,Compactness,final,m1,B2_mcadams,f058dfffbf215bf282e7a0c6e0fadaa5
data/audio/level_normalized_26dbfs_w_concat_carrier_phrase_2/B3_sttts/shin_calf_sheave_pence_trough_wreath.wav,wreath,reef,wreath,0.786922931671143,1,Graveness,final,m1,B3_sttts,d33bde4cdf934807a15f1298086276e3
data/audio/level_normalized_26dbfs_w_concat_carrier_phrase_2/B4_nac/sues_seed_gaff_shoes_shin_loss.wav,loss,laws,loss,0.999992370605469,1,Voicing,final,m1,B4_nac,89f3b880b233ec90cf4a3467d8a2fd4b
data/audio/level_normalized_26dbfs_w_concat_carrier_phrase_2/B5_asr_bn/patch_ridge_rich_gawp_slav_strode.wav,strode,strobe,strode,0.999982953071594,1,Graveness,final,m2,B5_asr_bn,e6b6cbbeb9b57c8695d49d08b5b7f235
data/audio/level_normalized_26dbfs_w_concat_carrier_phrase_2/clean/English/test-data/bond_flawed_nude_bib_you_strode.wav,strode,strobe,strode,0.999969244003296,1,Graveness,final,f2,clean,4d897bb3528c3e5a1b7922980b1c0ec4
data/audio/level_normalized_26dbfs_w_concat_carrier_phrase_2/B2_mcadams/flawed_gat_noon_hit_hot_soothe.wav,soothe,sues,soothe,0.61405998468399,1,Sibilation,final,m1,B2_mcadams,a9d2faf0dd7278872cc4d974e9424f7b
data/audio/level_normalized_26dbfs_w_concat_carrier_phrase_2/B3_sttts/knock_trough_wreath_nog_bad_strobe.wav,strobe,strode,strobe,0.999999523162842,1,Graveness,final,m1,B3_sttts,c233a72b50d1ba0b88c47ad2a2288e01
data/audio/level_normalized_26dbfs_w_concat_carrier_phrase_2/B4_nac/met_bond_mad_wield_tong_loop.wav,loop,lube,loop,0.998913407325745,1,Voicing,final,f1,B4_nac,c4d2edb768604f1153a0a84a5e63f34a
data/audio/level_normalized_26dbfs_w_concat_carrier_phrase_2/B5_asr_bn/hop_bean_bong_peak_wield_nip.wav,nip,dip,nip,0.999993324279785,1,Nasality,initial,m2,B5_asr_bn,65544cbe82db7ff1fc43c47610736554
data/audio/TTS_Qwen/fore_Ryan.wav,fore,thor,fore,0.999927043914795,1,Graveness,initial,TTS_Ryan,TTS_Qwen,7b4f22792ef1f6f2972b23d15f1ead56
data/audio/level_normalized_26dbfs_w_concat_carrier_phrase_2/clean/English/test-data/bib_than_strode_goof_broke_troth.wav,troth,trough,troth,0.929957509040833,1,Graveness,final,m1,clean,312f65147fedb56cc4c604744f6dd332
data/audio/level_normalized_26dbfs_w_concat_carrier_phrase_2/B2_mcadams/dip_strobe_knock_nog_slav_brogue.wav,brogue,broke,brogue,0.945638298988342,1,Voicing,final,m2,B2_mcadams,b0480bafe45bc12ccbac96e8914e199b
data/audio/level_normalized_26dbfs_w_concat_carrier_phrase_2/B3_sttts/chew_seek_shoes_yield_chin_dough.wav,dough,though,dough,0.992717146873474,1,Sustention,initial,f1,B3_sttts,30afd6fdbf64efab957275cc1fd3feae
data/audio/level_normalized_26dbfs_w_concat_carrier_phrase_2/B4_nac/mad_lib_rat_go_tool_met.wav,met,net,met,0.97955048084259,1,Graveness,initial,f2,B4_nac,bc373351899782e75cb161c5a8e5ff2c
data/audio/level_normalized_26dbfs_w_concat_carrier_phrase_2/B5_asr_bn/strobe_jaws_clash_shoes_meat_troth.wav,troth,trough,trough,0.997539877891541,0,Graveness,final,m2,B5_asr_bn,9cbb2fdc58a6a6e431f374e535220b4e
data/audio/level_normalized_26dbfs_w_concat_carrier_phrase_2/clean/English/test-data/show_fit_slav_bed_wroth_loathe.wav,loathe,load,loathe,0.999999046325684,1,Sustention,final,m1,clean,892f3dc0730b8ded518c33564d285fd3
data/audio/level_normalized_26dbfs_w_concat_carrier_phrase_2/B2_mcadams/chop_zee_tick_class_hot_seethe.wav,seethe,seed,seed,0.946234166622162,0,Sustention,final,f2,B2_mcadams,436d3c4844141ecdcb9a19abc5af2991
data/audio/level_normalized_26dbfs_w_concat_carrier_phrase_2/B3_sttts/rod_breeze_lube_dip_thong_brogue.wav,brogue,broke,broke,0.999942183494568,0,Voicing,final,m1,B3_sttts,6b7af4a177634b574c8f0f8a6fa0c385
data/audio/level_normalized_26dbfs_w_concat_carrier_phrase_2/B4_nac/gaff_trough_loss_moss_seek_strobe.wav,strobe,strode,strobe,0.999946236610413,1,Graveness,final,f2,B4_nac,13630af54b0435617e69d9cdffb2c14d
data/audio/level_normalized_26dbfs_w_concat_carrier_phrase_2/B5_asr_bn/hit_pond_bib_pool_wield_reef.wav,reef,wreath,reef,0.999998092651367,1,Graveness,final,m2,B5_asr_bn,46133a8c05548f2954587d57daf2b306
data/audio/level_normalized_26dbfs_w_concat_carrier_phrase_2/clean/English/test-data/box_calf_got_rib_bong_note.wav,note,dote,note,0.999999403953552,1,Nasality,initial,f2,clean,10d946d315e3c84409417197d94b5016
data/audio/level_normalized_26dbfs_w_concat_carrier_phrase_2/B2_mcadams/gat_cap_daunt_teak_thin_loss.wav,loss,laws,loss,0.999167561531067,1,Voicing,final,f2,B2_mcadams,db52518dcf35636200b69c870f5afe82
data/audio/level_normalized_26dbfs_w_concat_carrier_phrase_2/B2_mcadams/net_loom_nog_rap_care_wield.wav,wield,yield,wield,0.999681115150452,1,Compactness,initial,f1,B2_mcadams,a34e424e425c39fd8c8039938b797ab9
data/audio/level_normalized_26dbfs_w_concat_carrier_phrase_2/B3_sttts/loom_lube_vole_loon_net_knob.wav,knob,nog,knob,1.0,1,Compactness,final,f2,B3_sttts,930d2515305c27e32adf05c4dd2f8e7f
data/audio/level_normalized_26dbfs_w_concat_carrier_phrase_2/B4_nac/tick_teak_flawed_gauze_peak_neck.wav,neck,deck,neck,0.99999988079071,1,Nasality,initial,m1,B4_nac,516f42a26b49347b997b1e276acea865
data/audio/level_normalized_26dbfs_w_concat_carrier_phrase_2/B5_asr_bn/fore_shin_fence_bag_calf_pence.wav,pence,fence,pence,0.927180051803589,1,Sustention,initial,m1,B5_asr_bn,a45fc1df7ab38e18a59f5e151a84fa53
data/audio/level_normalized_26dbfs_w_concat_carrier_phrase_2/clean/English/test-data/dong_dot_note_wreath_thee_shim.wav,shim,shin,shim,0.999603807926178,1,Graveness,final,f2,clean,1f58f8233cb2eaf4cb691448a6608997
data/audio/level_normalized_26dbfs_w_concat_carrier_phrase_2/B2_mcadams/jeb_broke_fin_dot_rib_dong.wav,dong,bong,dong,0.986766993999481,1,Graveness,initial,f1,B2_mcadams,b06c546eb81eac2590bf33315f6dad7d
data/audio/level_normalized_26dbfs_w_concat_carrier_phrase_2/B3_sttts/fore_dot_rim_broke_thor_notch.wav,notch,knock,notch,0.999992609024048,1,Sibilation,final,f2,B3_sttts,f604710aeb1e32aee039a65ad3aad06f
data/audio/level_normalized_26dbfs_w_concat_carrier_phrase_2/B4_nac/care_zee_flesh_got_soothe_chair.wav,chair,care,chair,0.999995589256287,1,Sibilation,initial,m1,B4_nac,b2043266bb3b186af5278cef963b36e8
data/audio/level_normalized_26dbfs_w_concat_carrier_phrase_2/B5_asr_bn/fletch_patch_oak_tool_wield_net.wav,net,met,net,0.999996900558472,1,Graveness,initial,f1,B5_asr_bn,0fd3e5290d2630cfcee9dd081c366def
data/audio/level_normalized_26dbfs_w_concat_carrier_phrase_2/clean/English/test-data/sheaf_pack_load_jaws_sheave_neck.wav,neck,deck,neck,1.0,1,Nasality,initial,f1,clean,8bb8d1eda71ab8ab83a8ec778b38d4e6
data/audio/level_normalized_26dbfs_w_concat_carrier_phrase_2/B2_mcadams/peak_pool_loon_nog_hot_shim.wav,shim,shin,shim,0.827248275279999,1,Graveness,final,f1,B2_mcadams,b494453bb2907298b5c182c0c0cfca99
data/audio/level_normalized_26dbfs_w_concat_carrier_phrase_2/B3_sttts/nude_deck_fit_notch_hot_dan.wav,dan,than,than,0.999383687973022,0,Sustention,initial,m1,B3_sttts,62d69ce2ff15dbee3a187893cbadd71e
data/audio/level_normalized_26dbfs_w_concat_carrier_phrase_2/B4_nac/seep_net_jaws_bat_loss_daunt.wav,daunt,taunt,daunt,0.999138832092285,1,Voicing,initial,f1,B4_nac,7f6bc7b671498082d95246586050b9a4
data/audio/level_normalized_26dbfs_w_concat_carrier_phrase_2/B5_asr_bn/myth_gawp_bong_slob_sue_thank.wav,thank,sank,thank,0.9993816614151,1,Sibilation,initial,m2,B5_asr_bn,3d0ddf7a1190fad2f01cd6fa40114ed7
data/audio/TTS_Qwen/load_Ryan.wav,load,loathe,load,0.999998211860657,1,Sustention,final,TTS_Ryan,TTS_Qwen,d8b4f95b0994a7eea93255528d1f0b63
data/audio/level_normalized_26dbfs_w_concat_carrier_phrase_2/clean/English/test-data/gat_ref_fit_hop_jaws_gauze.wav,gauze,jaws,gauze,1.0,1,Sibilation,initial,f1,clean,ebaf7ef25791dfd3adbf77cd9fd0275c
data/audio/level_normalized_26dbfs_w_concat_carrier_phrase_2/B2_mcadams/goop_oak_thee_nip_bank_go.wav,go,joe,go,1.0,1,Sibilation,initial,f1,B2_mcadams,5067624b011e3da924acce0e1ae99579
data/audio/level_normalized_26dbfs_w_concat_carrier_phrase_2/B3_sttts/shim_gaff_rap_dot_fan_gin.wav,gin,chin,chin,0.822943806648254,0,Voicing,initial,m2,B3_sttts,d16b5699595f383938d615e9529ab73c
data/audio/level_normalized_26dbfs_w_concat_carrier_phrase_2/B4_nac/seep_seek_shim_screen_dote_screed.wav,screed,screen,screen,0.525522470474243,0,Nasality,final,m1,B4_nac,bd569e32f86fa7156a9ef3fa9a5e72db
data/audio/level_normalized_26dbfs_w_concat_carrier_phrase_2/B5_asr_bn/shin_calf_sheave_pence_trough_wreath.wav,wreath,reef,wreath,0.999995350837708,1,Graveness,final,m1,B5_asr_bn,6473b2548a689531c1abfbf3873e16db
data/audio/level_normalized_26dbfs_w_concat_carrier_phrase_2/clean/English/test-data/fad_goop_bib_rat_loop_wed.wav,wed,web,wed,0.999942183494568,1,Graveness,final,f2,clean,31f152034ac713f1083e3113c8bd2f26
data/audio/level_normalized_26dbfs_w_concat_carrier_phrase_2/B2_mcadams/than_thin_growth_taunt_slav_meat.wav,meat,beat,meat,0.99615603685379,1,Nasality,initial,m2,B2_mcadams,3f5708dffeab7fd575e1844ac8e27b3f
data/audio/level_normalized_26dbfs_w_concat_carrier_phrase_2/B3_sttts/daunt_chair_net_rat_slav_tense.wav,tense,dense,tense,0.999940156936646,1,Voicing,initial,f1,B3_sttts,053ed5fcd99084d760c7d61ead405c76
data/audio/level_normalized_26dbfs_w_concat_carrier_phrase_2/B4_nac/beat_oat_jaws_sheave_than_dan.wav,dan,than,dan,0.985080659389496,1,Sustention,initial,f2,B4_nac,dedb2427bf556aee9bae2f33a510f1ec
data/audio/level_normalized_26dbfs_w_concat_carrier_phrase_2/B2_mcadams/growth_wroth_class_bag_strode_sheet.wav,sheet,cheat,sheet,0.992677211761475,1,Sustention,initial,f2,B2_mcadams,d65424945a4352484734080b4e6bbb2f
data/audio/level_normalized_26dbfs_w_concat_carrier_phrase_2/B3_sttts/nude_thor_hit_noon_go_zoo.wav,zoo,sue,sue,0.999046742916107,0,Voicing,initial,m1,B3_sttts,94444869de500b31e3d0410511087dba
data/audio/level_normalized_26dbfs_w_concat_carrier_phrase_2/B4_nac/hot_hop_shim_tool_rim_pool.wav,pool,tool,pool,0.968134880065918,1,Graveness,initial,f1,B4_nac,4b53adb5ec10031ccf03cb1ea515a0c3
data/audio/level_normalized_26dbfs_w_concat_carrier_phrase_2/B5_asr_bn/cop_peg_keg_mode_hodge_chop.wav,chop,cop,chop,0.99997091293335,1,Sibilation,initial,f2,B5_asr_bn,89cb8835cf4bb4f35ed97ad049b125c7
data/audio/level_normalized_26dbfs_w_concat_carrier_phrase_2/clean/English/test-data/laws_hodge_rue_rim_wield_broad.wav,broad,brawn,broad,0.999995470046997,1,Nasality,final,m1,clean,119efaaea1f0b8324641dde4db15f764
data/audio/level_normalized_26dbfs_w_concat_carrier_phrase_2/B2_mcadams/shoes_chin_shin_reef_dense_wield.wav,wield,yield,wield,0.997975885868073,1,Compactness,initial,f2,B2_mcadams,d91dea8f924138ff078ee14e9ed7457f
data/audio/level_normalized_26dbfs_w_concat_carrier_phrase_2/B3_sttts/slav_daunt_gaff_slob_bank_fad.wav,fad,fan,fad,0.988918125629425,1,Nasality,final,f1,B3_sttts,a9f6e575811bf9f7f61009bc84857968
data/audio/level_normalized_26dbfs_w_concat_carrier_phrase_2/B4_nac/net_bank_thick_duke_reef_bed.wav,bed,beg,bed,0.999995112419128,1,Compactness,final,m2,B4_nac,eca9b14ed06c19d59637f05657f82205
data/audio/level_normalized_26dbfs_w_concat_carrier_phrase_2/B5_asr_bn/dense_rap_dote_fan_gin_got.wav,got,dot,got,0.98916083574295,1,Compactness,initial,m2,B5_asr_bn,04834f19c30b5b144adb5463112e0d59
data/audio/level_normalized_26dbfs_w_concat_carrier_phrase_2/clean/English/test-data/reef_zoo_clash_dock_sue_dank.wav,dank,bank,dank,0.999980807304382,1,Graveness,initial,m1,clean,a8e39864082856f30837df3b0ce6899f
data/audio/level_normalized_26dbfs_w_concat_carrier_phrase_2/B2_mcadams/meat_flawed_goff_sues_moss_loathe.wav,loathe,load,loathe,0.998989999294281,1,Sustention,final,m2,B2_mcadams,25b5aca46678617cbc58efe9aa5d751e
data/audio/level_normalized_26dbfs_w_concat_carrier_phrase_2/B3_sttts/bat_breathe_duke_bond_bank_gawp.wav,gawp,goff,gawp,0.640421569347382,1,Sustention,final,m1,B3_sttts,f7de27fe693116735b77292365986ed5
data/audio/level_normalized_26dbfs_w_concat_carrier_phrase_2/B4_nac/so_hop_ridge_wroth_egg_trough.wav,trough,troth,troth,0.961118757724762,0,Graveness,final,m2,B4_nac,49cea0c960818ac171a25ed3dbf2ac08
data/audio/level_normalized_26dbfs_w_concat_carrier_phrase_2/B5_asr_bn/sheet_tick_jaws_strobe_broke_goff.wav,goff,gawp,goff,0.893755435943604,1,Sustention,final,m2,B5_asr_bn,ce2eb917bab5fc47c0f2ca840cd4010b
data/audio/TTS_Qwen/lib_Ryan.wav,lib,live,lib,0.999995350837708,1,Sustention,final,TTS_Ryan,TTS_Qwen,94731bb8a6170eea0d314f5b9d6cd8a9
data/audio/level_normalized_26dbfs_w_concat_carrier_phrase_2/clean/English/test-data/rap_dote_seek_screen_shim_seep.wav,seep,seek,seep,0.999779403209686,1,Compactness,final,m1,clean,d2c3b98b1946a1f728f9205b28037845
data/audio/level_normalized_26dbfs_w_concat_carrier_phrase_2/B2_mcadams/bank_loom_nude_dock_peak_load.wav,load,loathe,load,0.999652862548828,1,Sustention,final,m1,B2_mcadams,cc0b8d81cf98b64573edf38bba6d051f
data/audio/level_normalized_26dbfs_w_concat_carrier_phrase_2/B3_sttts/sues_pack_beg_meat_box_miss.wav,miss,myth,miss,0.999999642372131,1,Sibilation,final,m1,B3_sttts,57067bd7a7329232103fb5467a72eaad
data/audio/level_normalized_26dbfs_w_concat_carrier_phrase_2/B4_nac/cop_peg_keg_mode_hodge_chop.wav,chop,cop,chop,0.99999988079071,1,Sibilation,initial,f2,B4_nac,9d08f4008627726605953438dce2ba37
data/audio/level_normalized_26dbfs_w_concat_carrier_phrase_2/B5_asr_bn/miss_hit_teak_deck_sheaf_fit.wav,fit,hit,fit,0.997126281261444,1,Compactness,initial,f2,B5_asr_bn,77b71e5018eb7d0b9f80cab965b3d6fc
data/audio/level_normalized_26dbfs_w_concat_carrier_phrase_2/clean/English/test-data/bomb_bat_gauze_joe_gat_nude.wav,nude,noon,nude,1.0,1,Nasality,final,m1,clean,f319e88bf8894dbe3485d28e4b978732
data/audio/level_normalized_26dbfs_w_concat_carrier_phrase_2/B2_mcadams/calf_thin_foal_dank_fore_trough.wav,trough,troth,trough,0.953930675983429,1,Graveness,final,f2,B2_mcadams,c1ca20e1afbe1532d53cf7a91c65767f
data/audio/level_normalized_26dbfs_w_concat_carrier_phrase_2/B3_sttts/wreath_vox_dupe_breeze_breathe_dip.wav,dip,nip,dip,0.999995350837708,1,Nasality,initial,f1,B3_sttts,d6312eaded37728a28057237bd3ae527
data/audio/level_normalized_26dbfs_w_concat_carrier_phrase_2/B4_nac/reef_tool_rod_bad_hotch_tense.wav,tense,dense,tense,0.999996542930603,1,Voicing,initial,m2,B4_nac,a0abcff9e54bdae9dc4d3056d3f65138
data/audio/level_normalized_26dbfs_w_concat_carrier_phrase_2/B5_asr_bn/bank_rich_slob_sheet_jeb_class.wav,class,clash,class,0.999970316886902,1,Compactness,final,f2,B5_asr_bn,af5d11ab6dbd4f210a90b16e30eba11b
data/audio/level_normalized_26dbfs_w_concat_carrier_phrase_2/clean/English/test-data/cap_nog_reef_though_loop_wad.wav,wad,rod,wad,0.999999761581421,1,Graveness,initial,m2,clean,6f08079ba706f20e6efbdc5c21d9941f
data/audio/level_normalized_26dbfs_w_concat_carrier_phrase_2/B2_mcadams/jaws_slav_screed_seek_tense_zoo.wav,zoo,sue,zoo,0.999914526939392,1,Voicing,initial,f2,B2_mcadams,13a7d2646d2a764c0210acdcdb077366
data/audio/level_normalized_26dbfs_w_concat_carrier_phrase_2/B3_sttts/chew_peg_bad_lube_loop_egg.wav,egg,edge,egg,0.998524963855743,1,Sibilation,final,f2,B3_sttts,af35bac756fc8ec3d28b39c2d9101273
data/audio/level_normalized_26dbfs_w_concat_carrier_phrase_2/B4_nac/goop_bean_wed_strobe_so_tong.wav,tong,thong,tong,0.999890089035034,1,Sustention,initial,m2,B4_nac,466265cc7c7529cac58f8fb88218c0ec
data/audio/level_normalized_26dbfs_w_concat_carrier_phrase_2/B5_asr_bn/dough_cap_hodge_chew_loop_egg.wav,egg,edge,egg,0.999947667121887,1,Sibilation,final,m1,B5_asr_bn,4896699a7461568d00e8895e89ed418b
data/audio/level_normalized_26dbfs_w_concat_carrier_phrase_2/clean/English/test-data/dense_gin_peen_gaff_got_loss.wav,loss,laws,loss,0.999897122383118,1,Voicing,final,m2,clean,a9c34dadd138d4850d42b717e3e4638b
data/audio/level_normalized_26dbfs_w_concat_carrier_phrase_2/B2_mcadams/fin_bag_trough_fore_seethe_fad.wav,fad,fan,fad,0.994800925254822,1,Nasality,final,m1,B2_mcadams,ceb01b145582d71b16d196d2325223c4
data/audio/level_normalized_26dbfs_w_concat_carrier_phrase_2/B3_sttts/chair_show_gem_cheat_tool_dot.wav,dot,got,dot,1.0,1,Compactness,initial,m2,B3_sttts,c947f149bec6dea4ab529c1688a3321a
data/audio/level_normalized_26dbfs_w_concat_carrier_phrase_2/B4_nac/jaws_hit_patch_flawed_soothe_oat.wav,oat,oak,oat,0.999630212783813,1,Compactness,final,m1,B4_nac,c140a182677ceed4cf459c6fbcdd3ada
data/audio/level_normalized_26dbfs_w_concat_carrier_phrase_2/B5_asr_bn/bib_than_strode_goof_broke_troth.wav,troth,trough,troth,0.726050198078156,1,Graveness,final,m1,B5_asr_bn,bef06381018ddff5cdd9c02bf48eedc2
data/audio/TTS_Qwen/joe_Ryan.wav,joe,go,joe,0.99972277879715,1,Sibilation,initial,TTS_Ryan,TTS_Qwen,678a4bc9cb89d189e9c6dbf04ce138ae
data/audio/level_normalized_26dbfs_w_concat_carrier_phrase_2/clean/English/test-data/goff_live_fence_laws_though_fin.wav,fin,thin,fin,0.730036973953247,1,Graveness,initial,f2,clean,268d0a04bf0b8ec32404956d2964d512
data/audio/level_normalized_26dbfs_w_concat_carrier_phrase_2/B2_mcadams/duke_wreath_hodge_breathe_tense_brawn.wav,brawn,broad,brawn,0.999993562698364,1,Nasality,final,m1,B2_mcadams,afbfee1636e3e5424a6914630ca8e598
data/audio/level_normalized_26dbfs_w_concat_carrier_phrase_2/B3_sttts/fit_dank_daunt_taunt_than_taunt.wav,taunt,daunt,taunt,0.999970674514771,1,Voicing,initial,m2,B3_sttts,1e46aa428a62429ba56c8a3570200861
data/audio/level_normalized_26dbfs_w_concat_carrier_phrase_2/B4_nac/though_moan_bong_keg_thee_wed.wav,wed,web,wed,0.999993085861206,1,Graveness,final,m1,B4_nac,658eb040e8d1b101d1a4ce62b18103fe
data/audio/level_normalized_26dbfs_w_concat_carrier_phrase_2/B5_asr_bn/box_fletch_note_beg_fore_got.wav,got,dot,got,0.999764621257782,1,Compactness,initial,f1,B5_asr_bn,e2b158214facbdfaabc065802242c462
data/audio/level_normalized_26dbfs_w_concat_carrier_phrase_2/clean/English/test-data/zoo_taunt_hit_cheat_slob_flawed.wav,flawed,flog,flawed,0.99999725818634,1,Compactness,final,m2,clean,e5b1eb6abb079bb0555645f7b2e1d595
data/audio/level_normalized_26dbfs_w_concat_carrier_phrase_2/B2_mcadams/bong_dough_bad_rod_nog_dip.wav,dip,nip,dip,0.99901270866394,1,Nasality,initial,m1,B2_mcadams,731471bd2c422cb972ad7ea78045b04f
data/audio/level_normalized_26dbfs_w_concat_carrier_phrase_2/B3_sttts/thee_goof_boot_zoo_slav_gross.wav,gross,growth,gross,0.999999761581421,1,Sibilation,final,m1,B3_sttts,fd5af4bc5775559803933037bad94125
data/audio/level_normalized_26dbfs_w_concat_carrier_phrase_2/B4_nac/bib_sank_taunt_thin_goop_wroth.wav,wroth,ross,wroth,0.839981257915497,1,Sibilation,final,f2,B4_nac,666e261fccee8d8ab833ff27bc71f788
data/audio/level_normalized_26dbfs_w_concat_carrier_phrase_2/B5_asr_bn/bat_teak_beat_net_tick_caught.wav,caught,taught,caught,0.999987721443176,1,Compactness,initial,f1,B5_asr_bn,ad1c0425773c331b8e42a466d73cfa7e
data/audio/level_normalized_26dbfs_w_concat_carrier_phrase_2/clean/English/test-data/wed_strobe_clash_big_bean_knock.wav,knock,dock,knock,1.0,1,Nasality,initial,m2,clean,7e14e677f125d07c314b787fe322eede
data/audio/level_normalized_26dbfs_w_concat_carrier_phrase_2/B2_mcadams/foal_wad_mad_rim_nip_lib.wav,lib,live,lib,0.999802649021149,1,Sustention,final,f2,B2_mcadams,a1a0b79d55b6c5533af484313dfeb135
data/audio/level_normalized_26dbfs_w_concat_carrier_phrase_2/clean/English/test-data/though_dip_peen_lib_hodge_cap.wav,cap,calf,cap,1.0,1,Sustention,final,f2,clean,d75b432666d9dd24993c3146488eeff9
data/audio/level_normalized_26dbfs_w_concat_carrier_phrase_2/B2_mcadams/egg_clash_slav_beg_trough_wed.wav,wed,web,wed,0.996826589107513,1,Graveness,final,m2,B2_mcadams,420ac4eee8393b3ddb0293886dab1c5e
data/audio/level_normalized_26dbfs_w_concat_carrier_phrase_2/B3_sttts/peen_breeze_though_keg_wreath_rod.wav,rod,wad,rod,0.99999988079071,1,Graveness,initial,m1,B3_sttts,3b4366aa27fdb13febe2258c6c1760da
data/audio/level_normalized_26dbfs_w_concat_carrier_phrase_2/B4_nac/show_fit_slav_bed_wroth_loathe.wav,loathe,load,loathe,0.997873187065125,1,Sustention,final,m1,B4_nac,f353080a200c306ba8429c8f5adfa387
data/audio/level_normalized_26dbfs_w_concat_carrier_phrase_2/B5_asr_bn/shin_vox_yield_shoes_soothe_shoes.wav,shoes,choose,shoes,0.999983072280884,1,Sustention,initial,f1,B5_asr_bn,38f19f23e235b0a4e1ca9a00dcbde1e6
data/audio/TTS_Qwen/nog_Ryan.wav,nog,knob,nog,0.963254749774933,1,Compactness,final,TTS_Ryan,TTS_Qwen,63037fc778524bc89a3f59c1d3870b19
data/audio/level_normalized_26dbfs_w_concat_carrier_phrase_2/clean/English/test-data/shim_gaff_rap_dot_fan_gin.wav,gin,chin,gin,0.999999523162842,1,Voicing,initial,m2,clean,119869583f2565b07755e6a4922c9f9e
data/audio/level_normalized_26dbfs_w_concat_carrier_phrase_2/B2_mcadams/dough_pool_brawn_peg_wad_wield.wav,wield,yield,wield,0.99998950958252,1,Compactness,initial,m1,B2_mcadams,c4753b10e252b6bb4f0364c81c70d0b8
data/audio/level_normalized_26dbfs_w_concat_carrier_phrase_2/B3_sttts/myth_miss_go_neck_ref_noon.wav,noon,nude,noon,0.996068000793457,1,Nasality,final,f2,B3_sttts,735becca29a59229db9e12303c6ada5b
data/audio/level_normalized_26dbfs_w_concat_carrier_phrase_2/B4_nac/gross_jilt_show_strobe_so_growth.wav,growth,gross,growth,0.999838352203369,1,Sibilation,final,f2,B4_nac,a550817d60ceb185681dfbc615031f33
data/audio/level_normalized_26dbfs_w_concat_carrier_phrase_2/B5_asr_bn/seep_gat_slob_moss_screed_chair.wav,chair,care,chair,1.0,1,Sibilation,initial,f2,B5_asr_bn,7c15c17fcd0d16100ca54c69bdaba7c6
data/audio/level_normalized_26dbfs_w_concat_carrier_phrase_2/clean/English/test-data/strode_big_oat_bob_screed_slob.wav,slob,slav,slob,0.999884128570557,1,Sustention,final,m1,clean,112743280655865f980626a3417aca1a
data/audio/level_normalized_26dbfs_w_concat_carrier_phrase_2/B2_mcadams/peg_dough_moan_reef_though_keg.wav,keg,peg,peg,0.999953031539917,0,Compactness,initial,m2,B2_mcadams,3f1763635f6aef70df67a11e30cc30b1
data/audio/level_normalized_26dbfs_w_concat_carrier_phrase_2/B3_sttts/strobe_oat_fence_hop_net_bond.wav,bond,pond,bond,0.99999213218689,1,Voicing,initial,m1,B3_sttts,b5cccb4f9108721a732a48800676c930
data/audio/level_normalized_26dbfs_w_concat_carrier_phrase_2/B4_nac/tense_thin_box_moss_bat_seed.wav,seed,seethe,seed,0.999994158744812,1,Sustention,final,f1,B4_nac,6dc1ab1b013aadc4ca57927c8e1b741c
data/audio/level_normalized_26dbfs_w_concat_carrier_phrase_2/B5_asr_bn/bob_hot_flawed_teak_mad_nude.wav,nude,noon,nude,0.999999046325684,1,Nasality,final,f1,B5_asr_bn,e20d4783e8b826fad7ffd81a7270b77f
data/audio/level_normalized_26dbfs_w_concat_carrier_phrase_2/clean/English/test-data/lube_hot_flesh_tool_than_meat.wav,meat,beat,meat,1.0,1,Nasality,initial,f1,clean,db126b9a4f722123b53b774ccd0c56dc
data/audio/level_normalized_26dbfs_w_concat_carrier_phrase_2/B2_mcadams/bad_chew_lube_egg_peg_mode.wav,mode,moan,mode,0.997996389865875,1,Nasality,final,f2,B2_mcadams,c8e37a6ebdb6e39576367478a100d4f1
data/audio/level_normalized_26dbfs_w_concat_carrier_phrase_2/B3_sttts/bomb_beat_hit_teak_shin_patch.wav,patch,pack,patch,0.571249783039093,1,Sibilation,final,m1,B3_sttts,c9927fcdf904ced096d43f21e5ddf571
data/audio/level_normalized_26dbfs_w_concat_carrier_phrase_2/B4_nac/seek_seep_rap_screen_dote_shim.wav,shim,shin,shim,0.999938607215881,1,Graveness,final,m1,B4_nac,9c7e8bf04740ce9e2d718415b405531b
data/audio/level_normalized_26dbfs_w_concat_carrier_phrase_2/B5_asr_bn/chew_lib_peg_dip_thee_rim.wav,rim,rib,rim,0.999869704246521,1,Nasality,final,m2,B5_asr_bn,f32aa148d315ac6c6c8d9d31a8ed35f6
data/audio/level_normalized_26dbfs_w_concat_carrier_phrase_2/clean/English/test-data/calf_fan_soothe_boss_fad_gaff.wav,gaff,calf,gaff,0.999999761581421,1,Voicing,initial,m1,clean,8c1217dfb156d23b6ae67fc5c9d48c01
data/audio/level_normalized_26dbfs_w_concat_carrier_phrase_2/B2_mcadams/rap_dote_seek_screen_shim_seep.wav,seep,seek,seek,0.999886870384216,0,Compactness,final,m1,B2_mcadams,d54d84b1de22465299dbcf046f3babad
data/audio/level_normalized_26dbfs_w_concat_carrier_phrase_2/B3_sttts/guilt_thin_gross_bib_cheat_pence.wav,pence,fence,pence,0.999979496002197,1,Sustention,initial,m2,B3_sttts,bf5406b8050b1185100851dca36a8090
data/audio/level_normalized_26dbfs_w_concat_carrier_phrase_2/B4_nac/bong_vole_bond_dock_fin_screen.wav,screen,screed,screen,0.999866843223572,1,Nasality,final,m2,B4_nac,038ad382cb408ff43e6831e4669956a5
data/audio/level_normalized_26dbfs_w_concat_carrier_phrase_2/B5_asr_bn/chop_wed_bad_bong_rue_live.wav,live,lib,live,1.0,1,Sustention,final,m1,B5_asr_bn,1fbcd408a82a8e7cce10adb945d2b001
data/audio/TTS_Qwen/care_Ryan.wav,care,chair,care,1.0,1,Sibilation,initial,TTS_Ryan,TTS_Qwen,5ac0c5f7f8427400ea59fa265e67c90c
data/audio/level_normalized_26dbfs_w_concat_carrier_phrase_2/clean/English/test-data/rod_breeze_lube_dip_thong_brogue.wav,brogue,broke,brogue,0.999797403812408,1,Voicing,final,m1,clean,df405f4e473c12726c9c6034de48f4c2
data/audio/level_normalized_26dbfs_w_concat_carrier_phrase_2/B2_mcadams/tick_wroth_gawp_beat_hot_cheat.wav,cheat,sheet,cheat,0.99992823600769,1,Sustention,initial,m1,B2_mcadams,c7e0220a3271a39818a3e06810ad7f3a
data/audio/level_normalized_26dbfs_w_concat_carrier_phrase_2/B3_sttts/fit_flawed_broke_taunt_ridge_shoes.wav,shoes,choose,shoes,1.0,1,Sustention,initial,m2,B3_sttts,7794859cbc14265ab5d08398e08feaf6
data/audio/level_normalized_26dbfs_w_concat_carrier_phrase_2/B4_nac/though_fin_thank_fence_laws_gin.wav,gin,chin,chin,0.999243855476379,0,Voicing,initial,f2,B4_nac,8a5310ff453d2923c2a77ac65dc3845b
data/audio/level_normalized_26dbfs_w_concat_carrier_phrase_2/B5_asr_bn/than_goof_big_sank_bib_hot.wav,hot,hop,hot,0.999976396560669,1,Graveness,final,m2,B5_asr_bn,68c84fff906855459433344841b906e2
data/audio/level_normalized_26dbfs_w_concat_carrier_phrase_2/clean/English/test-data/load_nude_you_gem_nip_joe.wav,joe,go,joe,0.999980688095093,1,Sibilation,initial,f2,clean,1e34602365befd8ec1f3b1dd8269768c
data/audio/level_normalized_26dbfs_w_concat_carrier_phrase_2/B2_mcadams/cap_though_wad_wreath_lib_broad.wav,broad,brawn,broad,0.998870432376862,1,Nasality,final,f2,B2_mcadams,6bda3cb3f33652f9735d97f80301c1c7
data/audio/level_normalized_26dbfs_w_concat_carrier_phrase_2/B3_sttts/vole_dock_goop_screed_sank_taunt.wav,taunt,daunt,taunt,0.999994039535522,1,Voicing,initial,f2,B3_sttts,d8f47416d4854cabda8fdb14148bcf37
data/audio/level_normalized_26dbfs_w_concat_carrier_phrase_2/B4_nac/goof_big_fence_vole_thee_taught.wav,taught,caught,taught,0.99998939037323,1,Compactness,initial,f2,B4_nac,82403238ff0270f26e74d63ba4940482
data/audio/level_normalized_26dbfs_w_concat_carrier_phrase_2/B5_asr_bn/shin_pence_calf_fad_trough_sheave.wav,sheave,sheaf,sheave,0.963256657123566,1,Voicing,final,m1,B5_asr_bn,beb494102ea494293df67f05193fc101
data/audio/level_normalized_26dbfs_w_concat_carrier_phrase_2/clean/English/test-data/egg_lube_mode_chew_loop_bad.wav,bad,mad,bad,0.99999988079071,1,Nasality,initial,f2,clean,c04c16b8755c42f25851e76ce1f21760
data/audio/level_normalized_26dbfs_w_concat_carrier_phrase_2/B2_mcadams/fletch_wreath_oat_lube_sheaf_nip.wav,nip,dip,nip,0.730067014694214,1,Nasality,initial,f1,B2_mcadams,864322806295f78dc06255c9db3fbc80
data/audio/level_normalized_26dbfs_w_concat_carrier_phrase_2/B3_sttts/rap_dote_seek_screen_shim_seep.wav,seep,seek,seep,0.999877095222473,1,Compactness,final,m1,B3_sttts,db32b63bc4feeb0332e999bd59e8d5b3
data/audio/level_normalized_26dbfs_w_concat_carrier_phrase_2/B4_nac/shoes_boss_dot_wreath_thee_vox.wav,vox,box,vox,0.999619722366333,1,Sustention,initial,f1,B4_nac,9cdb06f8ce1f3a96ffbfa3f23aca2dff
data/audio/level_normalized_26dbfs_w_concat_carrier_phrase_2/B5_asr_bn/dot_loss_shin_moss_broke_gin.wav,gin,chin,gin,0.545437037944794,1,Voicing,initial,f1,B5_asr_bn,8ba293858bdf444cf49302a897d2a1a7
data/audio/level_normalized_26dbfs_w_concat_carrier_phrase_2/clean/English/test-data/shin_bed_so_trough_dank_knock.wav,knock,dock,knock,1.0,1,Nasality,initial,f2,clean,a17f878132f100158afee5a55d5d111e
data/audio/level_normalized_26dbfs_w_concat_carrier_phrase_2/B2_mcadams/lib_cap_web_chew_dense_breathe.wav,breathe,breeze,breathe,0.999102592468262,1,Sibilation,final,f2,B2_mcadams,5d53af2a6b09a58229e627e0e58a9568
data/audio/level_normalized_26dbfs_w_concat_carrier_phrase_2/B3_sttts/fin_seek_bed_foal_broke_gawp.wav,gawp,goff,gawp,0.794857800006866,1,Sustention,final,f2,B3_sttts,2660d593a436bfbbdf9b56234fa95e9a
data/audio/level_normalized_26dbfs_w_concat_carrier_phrase_2/B4_nac/lib_slav_you_bank_strobe_taunt.wav,taunt,daunt,taunt,1.0,1,Voicing,initial,m1,B4_nac,ec7ce191af3193c116e1a27555bc980a
data/audio/level_normalized_26dbfs_w_concat_carrier_phrase_2/B5_asr_bn/growth_trough_hop_dock_slav_bank.wav,bank,dank,bank,1.0,1,Graveness,initial,m1,B5_asr_bn,9dfe562448834a3cf3fc1f361471b795
data/audio/TTS_Qwen/bank_Ryan.wav,bank,dank,bank,1.0,1,Graveness,initial,TTS_Ryan,TTS_Qwen,f16fc7cc5e71ac90bedb9d8f777fab30
data/audio/level_normalized_26dbfs_w_concat_carrier_phrase_2/B4_nac/rev_pack_sheave_myth_tick_neck.wav,neck,deck,neck,0.999504923820496,1,Nasality,initial,f2,B4_nac,f24ca197ea361c67f498c70f7e2dec87
data/audio/level_normalized_26dbfs_w_concat_carrier_phrase_2/B5_asr_bn/cop_jeb_growth_class_wroth_bean.wav,bean,peen,bean,0.998082995414734,1,Voicing,initial,m2,B5_asr_bn,e6ec56295d5267b3fe755ceb8681ed8e
data/audio/TTS_Qwen/zoo_Ryan.wav,zoo,sue,zoo,0.99999988079071,1,Voicing,initial,TTS_Ryan,TTS_Qwen,29c6f6a5e361b31cad72611004996f9c
data/audio/level_normalized_26dbfs_w_concat_carrier_phrase_2/clean/English/test-data/screed_seed_seep_moss_slob_seek.wav,seek,seep,seek,0.999886035919189,1,Compactness,final,f2,clean,ba77ef733dc6ab8eec7e8c9418851351
data/audio/level_normalized_26dbfs_w_concat_carrier_phrase_2/B2_mcadams/rat_daunt_hotch_guilt_moot_chair.wav,chair,care,chair,0.999793827533722,1,Sibilation,initial,m2,B2_mcadams,dac0b20367d8d3c37ac4110b5e4f183f
data/audio/level_normalized_26dbfs_w_concat_carrier_phrase_2/B3_sttts/trough_gross_jilt_taught_knock_guilt.wav,guilt,jilt,jilt,0.627052009105682,0,Sibilation,initial,m1,B3_sttts,e61cc75a30e12b25f1bedcf61ff0beb6
data/audio/level_normalized_26dbfs_w_concat_carrier_phrase_2/B4_nac/load_dock_bag_dank_big_flog.wav,flog,flawed,flog,0.999997973442078,1,Compactness,final,m2,B4_nac,32adbee7d46e493446c76d6ea1d9f2fd
data/audio/level_normalized_26dbfs_w_concat_carrier_phrase_2/B5_asr_bn/jilt_dough_bob_strode_dock_breathe.wav,breathe,breeze,breeze,0.729961931705475,0,Sibilation,final,m2,B5_asr_bn,71355b7a48673ca7b2f4ee431c9ed5f2
data/audio/level_normalized_26dbfs_w_concat_carrier_phrase_2/clean/English/test-data/cop_mad_though_rod_tong_peg.wav,peg,keg,peg,1.0,1,Compactness,initial,m2,clean,cb67a990c0291c7c48a18a941da79ab4
data/audio/level_normalized_26dbfs_w_concat_carrier_phrase_2/B2_mcadams/go_loathe_miss_sue_loom_flog.wav,flog,flawed,flog,0.999952077865601,1,Compactness,final,f2,B2_mcadams,280f099206eca62908e35a3a362ffe25
data/audio/level_normalized_26dbfs_w_concat_carrier_phrase_2/B3_sttts/care_zee_flesh_got_soothe_chair.wav,chair,care,chair,0.973693609237671,1,Sibilation,initial,m1,B3_sttts,f0863e4ec4c015561e5eb385e4fb75a9
data/audio/level_normalized_26dbfs_w_concat_carrier_phrase_2/B4_nac/hop_zoo_than_gauze_load_ref.wav,ref,rev,ref,0.999940991401672,1,Voicing,final,f1,B4_nac,fa9176e1d3c2fe01620c0b069e6f5557
data/audio/level_normalized_26dbfs_w_concat_carrier_phrase_2/B5_asr_bn/breathe_nog_knob_dip_egg_web.wav,web,wed,web,0.996982634067535,1,Graveness,final,f1,B5_asr_bn,4a1d4bd78ada7043d97ae31b7bd7e5de
data/audio/level_normalized_26dbfs_w_concat_carrier_phrase_2/clean/English/test-data/bank_strode_sheet_sank_back_jilt.wav,jilt,guilt,jilt,0.999999761581421,1,Sibilation,initial,f1,clean,2d2dbfe4f308e9c4a703f532f669c8b5
data/audio/level_normalized_26dbfs_w_concat_carrier_phrase_2/B2_mcadams/bob_dan_gawp_met_noon_loon.wav,loon,loom,loon,0.99965226650238,1,Graveness,final,m1,B2_mcadams,a02cd0644bb0730994750ee4b0202422
data/audio/level_normalized_26dbfs_w_concat_carrier_phrase_2/B3_sttts/egg_lube_mode_chew_loop_bad.wav,bad,mad,bad,0.999995231628418,1,Nasality,initial,f2,B3_sttts,f39e3cf15152d25f229185190787b869
data/audio/level_normalized_26dbfs_w_concat_carrier_phrase_2/B4_nac/wed_bag_lib_back_goop_show.wav,show,so,show,0.999999642372131,1,Compactness,initial,m1,B4_nac,fc9b9d23d8d2c8aa6a7058a66f71237d
data/audio/level_normalized_26dbfs_w_concat_carrier_phrase_2/B5_asr_bn/loon_oak_loom_dan_nip_pond.wav,pond,bond,pond,0.993797183036804,1,Voicing,initial,f1,B5_asr_bn,0f85f25134df26322ab210e786f1dbf1
data/audio/level_normalized_26dbfs_w_concat_carrier_phrase_2/clean/English/test-data/bong_broke_seethe_brogue_pack_rev.wav,rev,ref,rev,0.999996781349182,1,Voicing,final,m1,clean,4e421d0c299865977e3c66bf9d4f06f6
data/audio/level_normalized_26dbfs_w_concat_carrier_phrase_2/B2_mcadams/tick_oat_flawed_fit_dong_choose.wav,choose,shoes,choose,0.991663694381714,1,Sustention,initial,m1,B2_mcadams,504cc3fc1a0a16d1d17931c37fa49641
data/audio/level_normalized_26dbfs_w_concat_carrier_phrase_2/B3_sttts/guilt_screen_foal_big_jeb_growth.wav,growth,gross,growth,0.998625040054321,1,Sibilation,final,f1,B3_sttts,20cb3bfd302f395fad5a9c9e7c43aabf
data/audio/level_normalized_26dbfs_w_concat_carrier_phrase_2/B4_nac/rich_dock_gem_moan_hop_duke.wav,duke,dupe,duke,0.998412251472473,1,Compactness,final,m2,B4_nac,96cbb2386dedef293b009b4fa6e99f77
data/audio/level_normalized_26dbfs_w_concat_carrier_phrase_2/B5_asr_bn/chair_loss_boss_note_sues_seed.wav,seed,seethe,seed,0.999944925308228,1,Sustention,final,m2,B5_asr_bn,b5aa69870b99065e36eb574749588d3a
data/audio/TTS_Qwen/brogue_Ryan.wav,brogue,broke,brogue,0.965022623538971,1,Voicing,final,TTS_Ryan,TTS_Qwen,53e937c741b144fb14a8e4d5f8744c0c
data/audio/level_normalized_26dbfs_w_concat_carrier_phrase_2/clean/English/test-data/knob_bean_peg_chop_mad_cop.wav,cop,chop,cop,0.99989926815033,1,Sibilation,initial,m1,clean,9deebff91b48a561048bf046ddb3fbb6
data/audio/level_normalized_26dbfs_w_concat_carrier_phrase_2/B2_mcadams/gat_ref_fit_hop_jaws_gauze.wav,gauze,jaws,gauze,1.0,1,Sibilation,initial,f1,B2_mcadams,b66220cd21de16e7483f9ecf87af960a
data/audio/level_normalized_26dbfs_w_concat_carrier_phrase_2/B3_sttts/fad_goop_bib_rat_loop_wed.wav,wed,web,wed,0.997556090354919,1,Graveness,final,f2,B3_sttts,53675e2dbef6b92e966ddc3d3899ae2c
data/audio/level_normalized_26dbfs_w_concat_carrier_phrase_2/B4_nac/dip_tool_rev_gauze_brawn_mad.wav,mad,bad,mad,0.999994397163391,1,Nasality,initial,f2,B4_nac,b7680cd07468ba52f32c3e47a298c148
data/audio/level_normalized_26dbfs_w_concat_carrier_phrase_2/B5_asr_bn/so_chair_bed_rib_thor_gaff.wav,gaff,calf,gaff,0.999989867210388,1,Voicing,initial,f1,B5_asr_bn,6bafd7e412402f658e3485237dcea3da
data/audio/TTS_Qwen/goff_Ryan.wav,goff,gawp,goff,0.953909873962402,1,Sustention,final,TTS_Ryan,TTS_Qwen,643c7aa458bee2dc290188ea398eba52
data/audio/level_normalized_26dbfs_w_concat_carrier_phrase_2/clean/English/test-data/bag_foal_dank_slob_screed_boot.wav,boot,moot,boot,0.999941825866699,1,Nasality,initial,f1,clean,7ed1b166b63f129e100a605e5b2cd122
data/audio/level_normalized_26dbfs_w_concat_carrier_phrase_2/B2_mcadams/bed_zoo_dan_jeb_slob_met.wav,met,net,net,0.850959658622742,0,Graveness,initial,m2,B2_mcadams,0262d231fd799e02f01b066f7118a389
data/audio/level_normalized_26dbfs_w_concat_carrier_phrase_2/B3_sttts/bond_jilt_thee_chew_nude_teak.wav,teak,peak,teak,0.999994993209839,1,Graveness,initial,m2,B3_sttts,ea767e9639357ba81e193ced7128dc3c
data/audio/level_normalized_26dbfs_w_concat_carrier_phrase_2/B4_nac/foal_jeb_shoes_dong_bed_fin.wav,fin,thin,thin,0.620652139186859,0,Graveness,initial,f1,B4_nac,83b8570f44c37f2b65999e27b22e6aa9
data/audio/level_normalized_26dbfs_w_concat_carrier_phrase_2/B5_asr_bn/loss_choose_seed_fan_chair_notch.wav,notch,knock,notch,0.718027830123901,1,Sibilation,final,m2,B5_asr_bn,0e180eac45ed97f507da4a258ca770be
data/audio/level_normalized_26dbfs_w_concat_carrier_phrase_2/clean/English/test-data/gem_hit_patch_bed_noon_myth.wav,myth,miss,myth,0.999996423721313,1,Sibilation,final,m2,clean,db499798d704058fdd45e7b25e7fcb33
data/audio/level_normalized_26dbfs_w_concat_carrier_phrase_2/B2_mcadams/thank_screed_dank_chop_wield_dock.wav,dock,knock,dock,0.999997138977051,1,Nasality,initial,m2,B2_mcadams,a97fa73049dbef1adda511216540e5a4
data/audio/level_normalized_26dbfs_w_concat_carrier_phrase_2/B3_sttts/gin_got_zee_calf_shim_fore.wav,fore,thor,fore,0.993381500244141,1,Graveness,initial,m2,B3_sttts,92ad38846a6deed614d2dea30763410f
data/audio/level_normalized_26dbfs_w_concat_carrier_phrase_2/B4_nac/wreath_meat_loop_noon_rap_you.wav,you,rue,you,0.999999046325684,1,Compactness,initial,f1,B4_nac,ec609bbf9f75a8462a6d1d1b464952d0
data/audio/level_normalized_26dbfs_w_concat_carrier_phrase_2/B5_asr_bn/fan_boss_vox_flesh_fad_got.wav,got,dot,got,0.984638750553131,1,Compactness,initial,m1,B5_asr_bn,fa2ef50a0ba3acce90e15e740516d53f
data/audio/level_normalized_26dbfs_w_concat_carrier_phrase_2/clean/English/test-data/hop_bean_bong_peak_wield_nip.wav,nip,dip,nip,0.999995708465576,1,Nasality,initial,m2,clean,d6e93df691fdb9ef7828fdf6b0a1e0ff
data/audio/level_normalized_26dbfs_w_concat_carrier_phrase_2/B2_mcadams/chop_gauze_bong_oak_thor_you.wav,you,rue,you,0.999999403953552,1,Compactness,initial,m1,B2_mcadams,62d7292b147aa4a5cd1afbcdd4c66210
data/audio/level_normalized_26dbfs_w_concat_carrier_phrase_2/B3_sttts/sheet_loom_patch_bean_moot_ridge.wav,ridge,rich,ridge,0.999722540378571,1,Voicing,final,m2,B3_sttts,54275709871576d2d2ef96b940447823
data/audio/level_normalized_26dbfs_w_concat_carrier_phrase_2/B4_nac/ridge_pool_load_bong_oak_clash.wav,clash,class,clash,0.999995470046997,1,Compactness,final,m2,B4_nac,b864ec956a5b399484f67e70725e0257
data/audio/level_normalized_26dbfs_w_concat_carrier_phrase_2/B5_asr_bn/neck_duke_net_reef_thin_fence.wav,fence,pence,fence,0.999966621398926,1,Sustention,initial,m2,B5_asr_bn,0dd3fdac53283000d368e41ce7dba732
data/audio/level_normalized_26dbfs_w_concat_carrier_phrase_2/clean/English/test-data/myth_hit_teak_bat_patch_sheave.wav,sheave,sheaf,sheave,0.999347865581512,1,Voicing,final,f2,clean,dab5641ad3fff9d00df0216c360f487f
data/audio/level_normalized_26dbfs_w_concat_carrier_phrase_2/B2_mcadams/though_laws_trough_thank_fin_than.wav,than,dan,than,0.96478533744812,1,Sustention,initial,f1,B2_mcadams,e713f69b8dc7ce01518050bb24d70c98
data/audio/level_normalized_26dbfs_w_concat_carrier_phrase_2/B3_sttts/load_nude_you_gem_nip_joe.wav,joe,go,joe,0.999973177909851,1,Sibilation,initial,f2,B3_sttts,b1d5b515393ca561ed94fafb1287d5db
data/audio/level_normalized_26dbfs_w_concat_carrier_phrase_2/B4_nac/daunt_show_taunt_boot_myth_sank.wav,sank,thank,sank,0.999795615673065,1,Sibilation,initial,m2,B4_nac,f831db36bc87d1d48baf728545777cb2
data/audio/level_normalized_26dbfs_w_concat_carrier_phrase_2/B5_asr_bn/taunt_goof_moot_thin_fence_screen.wav,screen,screed,screen,0.999884128570557,1,Nasality,final,f2,B5_asr_bn,fedbe281424e164d28d20a9b5c5870c4
data/audio/TTS_Qwen/hot_Ryan.wav,hot,hop,hot,0.999998211860657,1,Graveness,final,TTS_Ryan,TTS_Qwen,5f12dd12e4e9a9164c9da46ca665b2eb
data/audio/level_normalized_26dbfs_w_concat_carrier_phrase_2/clean/English/test-data/moan_pond_edge_load_caught_jaws.wav,jaws,gauze,jaws,0.999995827674866,1,Sibilation,initial,m2,clean,de849be301f590e903897b151ed295d0
data/audio/level_normalized_26dbfs_w_concat_carrier_phrase_2/B2_mcadams/hotch_lube_web_hodge_loop_coo.wav,coo,chew,coo,0.999933123588562,1,Sibilation,initial,m1,B2_mcadams,c8c631a8a0d9c0715485a63259219fcd
data/audio/level_normalized_26dbfs_w_concat_carrier_phrase_2/B3_sttts/gauze_mad_oak_thee_bond_pond.wav,pond,bond,pond,0.983263254165649,1,Voicing,initial,f2,B3_sttts,592b96f3c72d32a89d93732a19b94188
data/audio/level_normalized_26dbfs_w_concat_carrier_phrase_2/B4_nac/lube_edge_rod_rap_peen_chop.wav,chop,cop,chop,1.0,1,Sibilation,initial,m1,B4_nac,4442e61ff3bb1843cb04ebd10a451030
data/audio/level_normalized_26dbfs_w_concat_carrier_phrase_2/B5_asr_bn/loom_tick_myth_goop_slob_edge.wav,edge,egg,edge,0.998401939868927,1,Sibilation,final,m2,B5_asr_bn,a3c72f0866ab3d63cdec1dccb76c2514
data/audio/level_normalized_26dbfs_w_concat_carrier_phrase_2/clean/English/test-data/rod_bad_web_peen_moan_brawn.wav,brawn,broad,brawn,0.999998450279236,1,Nasality,final,m2,clean,2c735bd0548b35079f07ae3e14ca7300
data/audio/level_normalized_26dbfs_w_concat_carrier_phrase_2/B2_mcadams/rev_pack_sheave_myth_tick_neck.wav,neck,deck,neck,0.999993920326233,1,Nasality,initial,f2,B2_mcadams,a0a15135ed2a5b59a2c03f9137c0d4dc
data/audio/level_normalized_26dbfs_w_concat_carrier_phrase_2/B3_sttts/beg_troth_vole_bong_slav_dock.wav,dock,knock,dock,0.941258728504181,1,Nasality,initial,f2,B3_sttts,55d33a854a75725c454ee305a7ba985d
data/audio/level_normalized_26dbfs_w_concat_carrier_phrase_2/B4_nac/duke_wreath_hodge_breathe_tense_brawn.wav,brawn,broad,brawn,0.99862015247345,1,Nasality,final,m1,B4_nac,730129b30c133578b77cdc50261654d2
data/audio/level_normalized_26dbfs_w_concat_carrier_phrase_2/B5_asr_bn/rev_edge_pond_gauze_load_fad.wav,fad,fan,fad,0.999101400375366,1,Nasality,final,f2,B5_asr_bn,a5a604fed4e42f1b1da29561fb8b9c15
data/audio/level_normalized_26dbfs_w_concat_carrier_phrase_2/clean/English/test-data/sues_seed_gaff_shoes_shin_loss.wav,loss,laws,loss,0.999973177909851,1,Voicing,final,m1,clean,95beaa11df9ddee49286320f608187f9
data/audio/level_normalized_26dbfs_w_concat_carrier_phrase_2/B2_mcadams/than_goof_big_sank_bib_hot.wav,hot,hop,hot,0.999718010425568,1,Graveness,final,m2,B2_mcadams,c758207aa9972c18075caef3b78bc82b
data/audio/level_normalized_26dbfs_w_concat_carrier_phrase_2/B3_sttts/wed_bag_lib_back_goop_show.wav,show,so,show,0.999999284744263,1,Compactness,initial,m1,B3_sttts,6db484694a28b80bb7dc23fed848f785
data/audio/level_normalized_26dbfs_w_concat_carrier_phrase_2/B4_nac/pack_sue_flog_gauze_hit_dong.wav,dong,bong,dong,0.999145984649658,1,Graveness,initial,m2,B4_nac,4b4f7fdf7b1c266e0b118eba9d143a98
data/audio/level_normalized_26dbfs_w_concat_carrier_phrase_2/B5_asr_bn/net_loom_nog_rap_care_wield.wav,wield,yield,wield,0.999846458435059,1,Compactness,initial,f1,B5_asr_bn,8937c38e31b8e3778625ad697ee4a924
data/audio/level_normalized_26dbfs_w_concat_carrier_phrase_2/clean/English/test-data/jilt_dough_bob_strode_dock_breathe.wav,breathe,breeze,breathe,0.99992299079895,1,Sibilation,final,m2,clean,3c64cf3d00691af386fbcfd1c6da13de
data/audio/level_normalized_26dbfs_w_concat_carrier_phrase_2/B2_mcadams/fad_gauze_hot_beat_deck_notch.wav,notch,knock,notch,0.999885439872742,1,Sibilation,final,m1,B2_mcadams,db8cdff14a9049c523d1d39c8d9e8b8b
data/audio/level_normalized_26dbfs_w_concat_carrier_phrase_2/B3_sttts/coo_wad_thong_dupe_edge_egg.wav,egg,edge,egg,0.982289850711823,1,Sibilation,final,f1,B3_sttts,bbe20bdac23f62efa1258ac08532855e
data/audio/level_normalized_26dbfs_w_concat_carrier_phrase_2/B4_nac/wroth_show_daunt_gem_knock_care.wav,care,chair,care,1.0,1,Sibilation,initial,f2,B4_nac,6270c344772d94edaff98dd9c51fdccf
data/audio/level_normalized_26dbfs_w_concat_carrier_phrase_2/B5_asr_bn/bag_screen_loon_back_joe_brawn.wav,brawn,broad,brawn,0.968040704727173,1,Nasality,final,f2,B5_asr_bn,0faeb74be8ac6785f0a29bad4c601324
data/audio/TTS_Qwen/wroth_Ryan.wav,wroth,ross,wroth,0.996390998363495,1,Sibilation,final,TTS_Ryan,TTS_Qwen,e2d6df5050a1b6b32bca474b8a757347
data/audio/level_normalized_26dbfs_w_concat_carrier_phrase_2/B4_nac/joe_patch_beat_sheaf_ref_loathe.wav,loathe,load,loathe,0.991702377796173,1,Sustention,final,f1,B4_nac,f1bfa7f036208b2cd0e5c2ed1bbbd2a8
data/audio/level_normalized_26dbfs_w_concat_carrier_phrase_2/B5_asr_bn/guilt_thin_class_bib_big_moot.wav,moot,boot,boot,0.908685088157654,0,Nasality,initial,f2,B5_asr_bn,58182c6ce3921efd2d0a4daa37a697c7
data/audio/level_normalized_26dbfs_w_concat_carrier_phrase_2/clean/English/test-data/peen_dense_fan_gin_gaff_zee.wav,zee,thee,zee,0.999998450279236,1,Sibilation,initial,m2,clean,f963b359c2e5726d0f5f7a97f09dfdd7
data/audio/level_normalized_26dbfs_w_concat_carrier_phrase_2/B2_mcadams/mode_lube_chew_peg_egg_loop.wav,loop,lube,lube,0.999998807907104,0,Voicing,final,f2,B2_mcadams,5a2448eebd01b3873d4b09e6323c32a9
data/audio/level_normalized_26dbfs_w_concat_carrier_phrase_2/B3_sttts/pack_sue_flog_gauze_hit_dong.wav,dong,bong,dong,0.988042593002319,1,Graveness,initial,m2,B3_sttts,6de307c1ec8838d25507d00ee291fe05
data/audio/level_normalized_26dbfs_w_concat_carrier_phrase_2/B4_nac/ross_rich_seep_care_shim_rap.wav,rap,rat,rap,0.999996662139893,1,Graveness,final,f2,B4_nac,37a55ff9aa1080e31fc4f6a401bef81a
data/audio/level_normalized_26dbfs_w_concat_carrier_phrase_2/B5_asr_bn/bad_wreath_egg_duke_cop_bean.wav,bean,peen,bean,0.999964594841003,1,Voicing,initial,f2,B5_asr_bn,4c2f6988cf086682814bb77972b2bf21
data/audio/level_normalized_26dbfs_w_concat_carrier_phrase_2/clean/English/test-data/fit_myth_loom_ref_hit_thick.wav,thick,tick,thick,0.99986720085144,1,Sustention,initial,f2,clean,b8e8471ca991500a3de2cf35451a0354
data/audio/level_normalized_26dbfs_w_concat_carrier_phrase_2/B2_mcadams/seep_screed_seek_dote_screen_rap.wav,rap,rat,rap,0.999971508979797,1,Graveness,final,m1,B2_mcadams,b3d11e234c5daf1f12a72e4ca586281d
data/audio/level_normalized_26dbfs_w_concat_carrier_phrase_2/B3_sttts/than_goof_big_sank_bib_hot.wav,hot,hop,hot,0.941081047058105,1,Graveness,final,m2,B3_sttts,df577c1f9c07b9717bb4267e6acff479
data/audio/level_normalized_26dbfs_w_concat_carrier_phrase_2/B4_nac/seek_loss_dough_zee_sues_bean.wav,bean,peen,bean,0.99946254491806,1,Voicing,initial,f1,B4_nac,d330858fc22f6703e78b95b301d03773
data/audio/level_normalized_26dbfs_w_concat_carrier_phrase_2/B5_asr_bn/thick_myth_pool_moan_go_oat.wav,oat,oak,oat,0.999972105026245,1,Compactness,final,m2,B5_asr_bn,7d7b06880e7f1e44a38f9a55a3193c79
data/audio/level_normalized_26dbfs_w_concat_carrier_phrase_2/clean/English/test-data/fad_seethe_rat_sheave_bag_calf.wav,calf,cap,calf,0.999997138977051,1,Sustention,final,m2,clean,78f2d1c2bef04020d5aa426713fc3a1d
data/audio/level_normalized_26dbfs_w_concat_carrier_phrase_2/B2_mcadams/flog_vole_jilt_go_goof_sue.wav,sue,zoo,sue,0.999979138374329,1,Voicing,initial,m2,B2_mcadams,9ee497dd89bba74636f56941bcc23105
data/audio/level_normalized_26dbfs_w_concat_carrier_phrase_2/B3_sttts/mad_keg_duke_bad_edge_rue.wav,rue,you,rue,0.998579859733582,1,Compactness,initial,m1,B3_sttts,b10e660ad67b7669261bace3fdae91f3
data/audio/level_normalized_26dbfs_w_concat_carrier_phrase_2/B4_nac/dense_gin_peen_gaff_got_loss.wav,loss,laws,loss,0.999395608901978,1,Voicing,final,m2,B4_nac,91d707242d1382a082f1763c3063b4bc
data/audio/level_normalized_26dbfs_w_concat_carrier_phrase_2/B5_asr_bn/wad_nude_thee_rev_bib_foal.wav,foal,vole,foal,0.659344732761383,1,Voicing,initial,f2,B5_asr_bn,53466580721547b6a850cc66839c9d21
data/audio/TTS_Qwen/oak_Ryan.wav,oak,oat,oak,0.999733984470367,1,Compactness,final,TTS_Ryan,TTS_Qwen,bcbf162fb3c56a08b90804350f5a710a
data/audio/level_normalized_26dbfs_w_concat_carrier_phrase_2/clean/English/test-data/met_wad_load_lib_dip_gauze.wav,gauze,jaws,gauze,1.0,1,Sibilation,initial,f2,clean,2c24b8beaf5b4d6f2cad1aa7de50e9c2
data/audio/level_normalized_26dbfs_w_concat_carrier_phrase_2/B2_mcadams/neck_duke_net_reef_thin_fence.wav,fence,pence,fence,1.0,1,Sustention,initial,m2,B2_mcadams,2cf2cbfb29074ca7d2d56a6e4e33b864
data/audio/level_normalized_26dbfs_w_concat_carrier_phrase_2/B3_sttts/wad_bean_broad_mode_though_peen.wav,peen,bean,peen,0.694793105125427,1,Voicing,initial,f2,B3_sttts,859485a951f80e3815ed1cad25afe996
data/audio/level_normalized_26dbfs_w_concat_carrier_phrase_2/B4_nac/sank_bag_sheet_moot_growth_dank.wav,dank,bank,dank,0.99847000837326,1,Graveness,initial,f1,B4_nac,177363a6083657f82d53bb806b12174a
data/audio/level_normalized_26dbfs_w_concat_carrier_phrase_2/B5_asr_bn/meat_nip_wreath_tong_oak_sheaf.wav,sheaf,sheave,sheaf,0.922647655010223,1,Voicing,final,f1,B5_asr_bn,e5a176851cc6453f606afa57467240e7
data/audio/level_normalized_26dbfs_w_concat_carrier_phrase_2/clean/English/test-data/rod_lib_bong_nog_though_rap.wav,rap,rat,rap,0.999975085258484,1,Graveness,final,m2,clean,ec33a5554133d94506a972cf030dc240
data/audio/level_normalized_26dbfs_w_concat_carrier_phrase_2/clean/English/test-data/flesh_shin_rim_tool_wreath_met.wav,met,net,met,0.949435472488403,1,Graveness,initial,f1,clean,7199a3dc110394e92b6f5a4c8d3b651b
data/audio/level_normalized_26dbfs_w_concat_carrier_phrase_2/B2_mcadams/reef_mode_keg_chew_cap_wad.wav,wad,rod,wad,0.999575555324554,1,Graveness,initial,f1,B2_mcadams,705ca01fc8c7ef726fd7bb14cb34598f
data/audio/level_normalized_26dbfs_w_concat_carrier_phrase_2/B3_sttts/rich_wroth_hit_jaws_oak_rev.wav,rev,ref,rev,0.996807098388672,1,Voicing,final,m2,B3_sttts,9f67b52675c99162fefe628dfe528a69
data/audio/level_normalized_26dbfs_w_concat_carrier_phrase_2/B4_nac/fit_dank_daunt_taunt_than_taunt.wav,taunt,daunt,taunt,0.998731315135956,1,Voicing,initial,m2,B4_nac,d399b4e6e4427d0b6bec5493702de6f1
data/audio/level_normalized_26dbfs_w_concat_carrier_phrase_2/B5_asr_bn/bob_cop_you_met_brawn_bib.wav,bib,big,big,1.0,0,Compactness,final,f1,B5_asr_bn,f1b24531ddd6bb986db752e2876dd5e0
data/audio/TTS_Qwen/miss_Ryan.wav,miss,myth,miss,0.999999165534973,1,Sibilation,final,TTS_Ryan,TTS_Qwen,06e79fe43bb330781aa22a02984223b1
data/audio/level_normalized_26dbfs_w_concat_carrier_phrase_2/clean/English/test-data/shin_vox_yield_shoes_soothe_shoes.wav,shoes,choose,shoes,1.0,1,Sustention,initial,f1,clean,036c6f351385153a3650f488b6c7b934
data/audio/level_normalized_26dbfs_w_concat_carrier_phrase_2/B2_mcadams/moot_screed_guilt_strode_sank_rich.wav,rich,ridge,rich,0.99996817111969,1,Voicing,final,f1,B2_mcadams,6bfd3aacab6cd42c927f1b0a53074e03
data/audio/level_normalized_26dbfs_w_concat_carrier_phrase_2/B3_sttts/box_calf_got_rib_bong_note.wav,note,dote,note,0.999984979629517,1,Nasality,initial,f2,B3_sttts,c884cd9266993c0ed6cdb4a03b32c373
data/audio/level_normalized_26dbfs_w_concat_carrier_phrase_2/B4_nac/tong_moan_care_rue_met_hot.wav,hot,hop,hot,0.996178150177002,1,Graveness,final,f1,B4_nac,39f9293f999c6a36e505e8c8fb1c0e07
data/audio/level_normalized_26dbfs_w_concat_carrier_phrase_2/B5_asr_bn/mode_hodge_duke_keg_dupe_coo.wav,coo,chew,coo,0.997721493244171,1,Sibilation,initial,f1,B5_asr_bn,db9cea8b0d918361b954279dbdea4a7b
data/audio/level_normalized_26dbfs_w_concat_carrier_phrase_2/clean/English/test-data/beat_pond_loathe_rev_ross_sheet.wav,sheet,cheat,sheet,0.997436225414276,1,Sustention,initial,m2,clean,c0f74e24067218a8476cf469a065f872
data/audio/level_normalized_26dbfs_w_concat_carrier_phrase_2/B2_mcadams/fit_ref_neck_gat_loathe_go.wav,go,joe,go,1.0,1,Sibilation,initial,f2,B2_mcadams,8b70925a9e9b8fbcdbd0c6225e1f0879
data/audio/level_normalized_26dbfs_w_concat_carrier_phrase_2/B3_sttts/yield_duke_rod_wad_dip_mode.wav,mode,moan,mode,0.985760033130646,1,Nasality,final,f1,B3_sttts,14d9dacbf8ad5598defde7af57d2400b
data/audio/level_normalized_26dbfs_w_concat_carrier_phrase_2/B4_nac/dough_nog_wreath_rod_bad_hodge.wav,hodge,hotch,hodge,0.999960780143738,1,Voicing,final,f1,B4_nac,273283cde5b22d41ac8dcf304bae0d68
data/audio/level_normalized_26dbfs_w_concat_carrier_phrase_2/B5_asr_bn/fan_rat_seethe_got_note_vox.wav,vox,box,vox,0.607607185840607,1,Sustention,initial,m2,B5_asr_bn,7a921bb019e89ed5f0114d97526a6bcf
data/audio/level_normalized_26dbfs_w_concat_carrier_phrase_2/clean/English/test-data/soothe_peak_vox_dong_sue_rib.wav,rib,rim,rib,0.99997615814209,1,Nasality,final,m2,clean,e1dc3f177adf18cf21f2d80472830c21
data/audio/level_normalized_26dbfs_w_concat_carrier_phrase_2/B2_mcadams/sheave_growth_shoes_sheaf_gem_gawp.wav,gawp,goff,goff,0.917817831039429,0,Sustention,final,m2,B2_mcadams,0ecabb2820a1ae04ceed10f344c0a8c7
data/audio/level_normalized_26dbfs_w_concat_carrier_phrase_2/B3_sttts/flawed_gauze_ridge_goff_pond_oak.wav,oak,oat,oak,0.993698477745056,1,Compactness,final,m2,B3_sttts,7332aa8bbd4f02004a9e31e6332608aa
data/audio/level_normalized_26dbfs_w_concat_carrier_phrase_2/B4_nac/bong_broke_seethe_brogue_pack_rev.wav,rev,ref,ref,0.992798209190369,0,Voicing,final,m1,B4_nac,bdbaed6dec8557ed0aa22e8f04057d9b
data/audio/level_normalized_26dbfs_w_concat_carrier_phrase_2/B5_asr_bn/hop_zoo_than_gauze_load_ref.wav,ref,rev,ref,0.999970436096191,1,Voicing,final,f1,B5_asr_bn,e9611c7332833128aab85f5559a168be
data/audio/level_normalized_26dbfs_w_concat_carrier_phrase_2/clean/English/test-data/yield_duke_rod_wad_dip_mode.wav,mode,moan,mode,0.997143566608429,1,Nasality,final,f1,clean,62c2b2dca59bf5dfc71bf87f15e2ffad
data/audio/level_normalized_26dbfs_w_concat_carrier_phrase_2/B2_mcadams/loss_note_wreath_shim_reef_shoes.wav,shoes,choose,shoes,1.0,1,Sustention,initial,f2,B2_mcadams,f5023e1b9ee84126dd1dc4d35388568d
data/audio/level_normalized_26dbfs_w_concat_carrier_phrase_2/B3_sttts/dan_sheaf_shin_tool_than_tong.wav,tong,thong,thong,0.999999403953552,0,Sustention,initial,f1,B3_sttts,da998e45ec4a51837c96be71a8f428c4
data/audio/level_normalized_26dbfs_w_concat_carrier_phrase_2/B4_nac/pool_laws_though_breathe_live_cap.wav,cap,calf,cap,0.999999284744263,1,Sustention,final,m1,B4_nac,ad77e46d5692b2b125740441627f1546
data/audio/level_normalized_26dbfs_w_concat_carrier_phrase_2/B5_asr_bn/zee_slob_seep_zoo_rat_slav.wav,slav,slob,slob,0.998618364334106,0,Sustention,final,f1,B5_asr_bn,7a16bc4c0f65d2ef2cf32e56668a0f51
data/audio/level_normalized_26dbfs_w_concat_carrier_phrase_2/clean/English/test-data/strode_pool_dough_beat_rue_screed.wav,screed,screen,screed,0.999964237213135,1,Nasality,final,m2,clean,13509425832c889dc0825e320e81bd8e
data/audio/level_normalized_26dbfs_w_concat_carrier_phrase_2/B2_mcadams/yield_shoes_shin_chair_dupe_boss.wav,boss,moss,boss,0.999976873397827,1,Nasality,initial,f1,B2_mcadams,e5aa0bae4fb58be8d28e7677d353e43b
data/audio/level_normalized_26dbfs_w_concat_carrier_phrase_2/B3_sttts/sheave_growth_shoes_sheaf_gem_gawp.wav,gawp,goff,gawp,0.887437999248505,1,Sustention,final,m2,B3_sttts,cf276fd0410850affee91f2b35315453
data/audio/level_normalized_26dbfs_w_concat_carrier_phrase_2/B4_nac/foal_jeb_guilt_jilt_screen_big.wav,big,bib,big,0.999990463256836,1,Compactness,final,f1,B4_nac,831015d1de26886f70feded074263183
data/audio/level_normalized_26dbfs_w_concat_carrier_phrase_2/B5_asr_bn/though_laws_thank_fence_fin_trough.wav,trough,troth,trough,0.996199309825897,1,Graveness,final,f1,B5_asr_bn,c79e519b75517b9fa0442da9c738dae3
data/audio/level_normalized_26dbfs_w_concat_carrier_phrase_2/clean/English/test-data/beat_flawed_strode_cheat_go_slob.wav,slob,slav,slob,0.999969840049744,1,Sustention,final,m2,clean,784c34f2afba2a721d6a48eea378c0a5
data/audio/level_normalized_26dbfs_w_concat_carrier_phrase_2/B2_mcadams/pool_keg_coo_dupe_though_hotch.wav,hotch,hodge,hotch,0.918996453285217,1,Voicing,final,m2,B2_mcadams,66f150d55760fbedcb5e3f1b27f5bc8b
data/audio/level_normalized_26dbfs_w_concat_carrier_phrase_2/B3_sttts/keg_peen_reef_broad_chew_lib.wav,lib,live,lib,0.999629020690918,1,Sustention,final,m1,B3_sttts,6f0bdb772d7704fb9df877557f317398
data/audio/level_normalized_26dbfs_w_concat_carrier_phrase_2/B4_nac/gat_cap_daunt_teak_thin_loss.wav,loss,laws,loss,0.999958872795105,1,Voicing,final,f2,B4_nac,a5ac9631c6baf81aaea9c32f4c0ebf09
data/audio/level_normalized_26dbfs_w_concat_carrier_phrase_2/B5_asr_bn/neck_vole_zoo_patch_bib_chew.wav,chew,coo,coo,0.99629008769989,0,Sibilation,initial,m2,B5_asr_bn,2641d21c28d283888c60ca59b945c2e4
data/audio/level_normalized_26dbfs_w_concat_carrier_phrase_2/clean/English/test-data/shin_bed_so_trough_dank_knock.wav,knock,dock,knock,1.0,1,Nasality,initial,f1,clean,a17f878132f100158afee5a55d5d111e
data/audio/level_normalized_26dbfs_w_concat_carrier_phrase_2/B2_mcadams/peg_broad_cap_dip_keg_wreath.wav,wreath,reef,wreath,0.999991774559021,1,Graveness,final,m2,B2_mcadams,1882efa520b6b825c2cd960f37ded176
data/audio/level_normalized_26dbfs_w_concat_carrier_phrase_2/B3_sttts/patch_ridge_rich_gawp_slav_strode.wav,strode,strobe,strode,0.999958753585815,1,Graveness,final,m2,B3_sttts,2b87cc6ab189685140b2d052e3aabfd4
data/audio/level_normalized_26dbfs_w_concat_carrier_phrase_2/B4_nac/chop_zee_tick_class_hot_seethe.wav,seethe,seed,seed,0.57690840959549,0,Sustention,final,f2,B4_nac,e279a6c58c0f0b049ec30e06722ae6f6
data/audio/level_normalized_26dbfs_w_concat_carrier_phrase_2/B5_asr_bn/trough_chair_vox_big_rim_gem.wav,gem,jeb,gem,0.997902035713196,1,Nasality,final,f2,B5_asr_bn,c2ee749d82cb3bb53c044379b234a2c1
data/audio/TTS_Qwen/loom_Ryan.wav,loom,loon,loom,0.999994874000549,1,Graveness,final,TTS_Ryan,TTS_Qwen,699136e55f7320fcbaaa36ca809ac745
data/audio/level_normalized_26dbfs_w_concat_carrier_phrase_2/clean/English/test-data/vole_lube_goop_beat_back_thin.wav,thin,fin,thin,0.999987125396729,1,Graveness,initial,m1,clean,20af08c830db2d6427c2ca79b49e39d0
data/audio/level_normalized_26dbfs_w_concat_carrier_phrase_2/B2_mcadams/hop_joe_oat_zoo_than_bomb.wav,bomb,bob,bomb,0.999772965908051,1,Nasality,final,f2,B2_mcadams,605b67426ec3a6a5a0097420147e5076
data/audio/level_normalized_26dbfs_w_concat_carrier_phrase_2/B3_sttts/jeb_cap_dot_rat_vole_box.wav,box,vox,box,0.999999523162842,1,Sustention,initial,m2,B3_sttts,20d236778c195b63bb27259fe4df0120
data/audio/level_normalized_26dbfs_w_concat_carrier_phrase_2/B4_nac/gin_peen_fletch_zee_loss_dense.wav,dense,tense,tense,0.954675555229187,0,Voicing,initial,m1,B4_nac,6a728f0f62c4ab10e92c482f8a61e42d
data/audio/level_normalized_26dbfs_w_concat_carrier_phrase_2/B5_asr_bn/nip_gem_goop_cop_joe_loon.wav,loon,loom,loon,0.99995231628418,1,Graveness,final,f2,B5_asr_bn,f26a9461504bcbf0e14bd9125cfa3a5f
data/audio/level_normalized_26dbfs_w_concat_carrier_phrase_2/clean/English/test-data/gawp_sheaf_slav_growth_taunt_ross.wav,ross,wroth,ross,0.979491949081421,1,Sibilation,final,m2,clean,2e919b828cfe8352fe464745d50a4685
data/audio/level_normalized_26dbfs_w_concat_carrier_phrase_2/B4_nac/oak_bag_load_pond_hop_big.wav,big,bib,big,1.0,1,Compactness,final,m2,B4_nac,78486c3a251496fcef4b4bf3207f2c4f
data/audio/level_normalized_26dbfs_w_concat_carrier_phrase_2/B5_asr_bn/oak_bag_load_pond_hop_big.wav,big,bib,big,0.999999761581421,1,Compactness,final,m2,B5_asr_bn,c4fc6cf6b06a504d0b7a0a21a08734e7
data/audio/level_normalized_26dbfs_w_concat_carrier_phrase_2/clean/English/test-data/bad_wreath_egg_duke_cop_bean.wav,bean,peen,bean,1.0,1,Voicing,initial,f2,clean,c1d239c89cfa0b48dfc37964933f0449
data/audio/level_normalized_26dbfs_w_concat_carrier_phrase_2/B2_mcadams/goop_goof_ross_bag_bank_seep.wav,seep,seek,seep,0.999637007713318,1,Compactness,final,f2,B2_mcadams,148d660179a0e5fc0c44b134f07c980b
data/audio/level_normalized_26dbfs_w_concat_carrier_phrase_2/B3_sttts/patch_goop_sheave_duke_you_nude.wav,nude,noon,nude,0.99998664855957,1,Nasality,final,m2,B3_sttts,e6f00ea3e8dddefd29095604d1e3deab
data/audio/level_normalized_26dbfs_w_concat_carrier_phrase_2/B4_nac/reef_zoo_clash_dock_sue_dank.wav,dank,bank,dank,0.999997019767761,1,Graveness,initial,m1,B4_nac,fb183ef5c5336573a0bf7bfcac9ddd61
data/audio/level_normalized_26dbfs_w_concat_carrier_phrase_2/B5_asr_bn/gem_hit_patch_bed_noon_myth.wav,myth,miss,myth,0.999993920326233,1,Sibilation,final,m2,B5_asr_bn,0b0ba515e75e0d969312039b5deee201
data/audio/level_normalized_26dbfs_w_concat_carrier_phrase_2/clean/English/test-data/lib_slav_you_bank_strobe_taunt.wav,taunt,daunt,taunt,1.0,1,Voicing,initial,m1,clean,f93f18dd81eaa471ca5895b2863df12f
data/audio/level_normalized_26dbfs_w_concat_carrier_phrase_2/B2_mcadams/zee_note_wield_thee_dough_chair.wav,chair,care,chair,0.999990463256836,1,Sibilation,initial,f1,B2_mcadams,faa627446fe84ffc6e9c72f00d8f1c75
data/audio/level_normalized_26dbfs_w_concat_carrier_phrase_2/B3_sttts/shim_caught_strobe_taught_moot_flesh.wav,flesh,fletch,fletch,0.978761672973633,0,Sustention,final,f2,B3_sttts,443d96d26f4d3bd701667ee4fea0b936
data/audio/level_normalized_26dbfs_w_concat_carrier_phrase_2/B4_nac/nog_bond_gawp_you_beat_loom.wav,loom,loon,loom,0.999995470046997,1,Graveness,final,f1,B4_nac,56f6d4cb14234f5eb5ac8868c9622d75
data/audio/level_normalized_26dbfs_w_concat_carrier_phrase_2/B5_asr_bn/calf_got_gaff_seek_gem_rib.wav,rib,rim,rib,0.999962568283081,1,Nasality,final,f2,B5_asr_bn,c56b27a5ed042c3714b199c90f1244d6
data/audio/level_normalized_26dbfs_w_concat_carrier_phrase_2/clean/English/test-data/gross_jilt_show_strobe_so_growth.wav,growth,gross,growth,0.999940276145935,1,Sibilation,final,f2,clean,31563a19db37b874943c6056bf7312fb
data/audio/level_normalized_26dbfs_w_concat_carrier_phrase_2/B2_mcadams/gin_peen_fletch_zee_loss_dense.wav,dense,tense,tense,0.890671133995056,0,Voicing,initial,m1,B2_mcadams,f17549bb0e763b6fd62dfe059a174a46
data/audio/level_normalized_26dbfs_w_concat_carrier_phrase_2/B3_sttts/ridge_net_gawp_you_gauze_coo.wav,coo,chew,coo,0.999962210655212,1,Sibilation,initial,f2,B3_sttts,ee5b1e3ca540cb253d3b35f447aad577
data/audio/level_normalized_26dbfs_w_concat_carrier_phrase_2/B4_nac/though_laws_trough_gin_live_fence.wav,fence,pence,pence,0.968668043613434,0,Sustention,initial,f1,B4_nac,4c0e8428ec04642ca0b3284bcd97db40
data/audio/level_normalized_26dbfs_w_concat_carrier_phrase_2/B5_asr_bn/rap_seek_seep_shim_screen_dote.wav,dote,note,dote,0.983032882213593,1,Nasality,initial,m1,B5_asr_bn,c924635dc9be526ba0eb31601c30363f
data/audio/TTS_Qwen/hotch_Ryan.wav,hotch,hodge,hotch,0.980149567127228,1,Voicing,final,TTS_Ryan,TTS_Qwen,c82cbf453ddd50b9a2a981dbf3ea1396
data/audio/level_normalized_26dbfs_w_concat_carrier_phrase_2/clean/English/test-data/gauze_bat_hit_teak_vox_flog.wav,flog,flawed,flog,0.99969470500946,1,Compactness,final,m1,clean,1dfa2c337dac07acfdf05f02927602a2
data/audio/level_normalized_26dbfs_w_concat_carrier_phrase_2/B2_mcadams/nude_patch_hot_myth_go_than.wav,than,dan,than,0.996801614761353,1,Sustention,initial,m1,B2_mcadams,df9d81dffcfc39a765b43ec0830da17a
data/audio/level_normalized_26dbfs_w_concat_carrier_phrase_2/B3_sttts/go_loathe_miss_sue_loom_flog.wav,flog,flawed,flog,0.999998807907104,1,Compactness,final,f2,B3_sttts,7535bf8827764ea2a428657c5f42d836
data/audio/level_normalized_26dbfs_w_concat_carrier_phrase_2/B4_nac/wield_nog_lib_lube_though_broad.wav,broad,brawn,broad,0.9998859167099,1,Nasality,final,m2,B4_nac,2e008f45cf08b9e0dcc0a658785bcd25
data/audio/level_normalized_26dbfs_w_concat_carrier_phrase_2/B5_asr_bn/wad_wed_moan_tong_broad_hodge.wav,hodge,hotch,hodge,0.995477616786957,1,Voicing,final,m2,B5_asr_bn,0954775fa144297d2fa8fd7c7680de17
data/audio/level_normalized_26dbfs_w_concat_carrier_phrase_2/clean/English/test-data/rib_fletch_beg_calf_note_bong.wav,bong,dong,bong,0.999999642372131,1,Graveness,initial,f1,clean,994577c6eb22e87641360f04afd3e920
data/audio/level_normalized_26dbfs_w_concat_carrier_phrase_2/B4_nac/than_bank_bond_net_rev_bat.wav,bat,gat,bat,0.99999988079071,1,Compactness,initial,m2,B4_nac,7ae765aab0c0df2f705bc29c321c99a9
data/audio/level_normalized_26dbfs_w_concat_carrier_phrase_2/B5_asr_bn/fit_meat_loathe_flawed_sheaf_net.wav,net,met,net,0.999998092651367,1,Graveness,initial,m2,B5_asr_bn,adf5134b8405927056682e31ab26b488
data/audio/level_normalized_26dbfs_w_concat_carrier_phrase_2/clean/English/test-data/trough_fence_than_laws_thank_though.wav,though,dough,though,0.999397873878479,1,Sustention,initial,f2,clean,b418ec7537fbd7782d88673ce3c01a25
data/audio/level_normalized_26dbfs_w_concat_carrier_phrase_2/B2_mcadams/loon_oak_loom_dan_nip_pond.wav,pond,bond,pond,0.99998664855957,1,Voicing,initial,f1,B2_mcadams,9915e01ac0516a756da573dc016bee9b
data/audio/level_normalized_26dbfs_w_concat_carrier_phrase_2/B3_sttts/bomb_shin_miss_notch_thick_joe.wav,joe,go,joe,0.999999642372131,1,Sibilation,initial,m2,B3_sttts,a15d8461eb57f2a779f1db37aa44377d
data/audio/level_normalized_26dbfs_w_concat_carrier_phrase_2/B4_nac/zoo_deck_patch_myth_oat_bat.wav,bat,gat,bat,1.0,1,Compactness,initial,f2,B4_nac,f84fbe7afe9b2c615a466cdc7b6d3b3e
data/audio/level_normalized_26dbfs_w_concat_carrier_phrase_2/B5_asr_bn/tense_thin_box_moss_bat_seed.wav,seed,seethe,seed,0.99998676776886,1,Sustention,final,f1,B5_asr_bn,561ea03ee6c56ed472dc63332a3081b6
data/audio/level_normalized_26dbfs_w_concat_carrier_phrase_2/clean/English/test-data/yield_shoes_shin_chair_dupe_boss.wav,boss,moss,boss,0.999999761581421,1,Nasality,initial,f1,clean,f6f15a2729717dedc6b962a6a1094f86
data/audio/level_normalized_26dbfs_w_concat_carrier_phrase_2/B2_mcadams/gauze_bat_hit_teak_vox_flog.wav,flog,flawed,flog,0.999817430973053,1,Compactness,final,m1,B2_mcadams,fe2a11414a1c6b62a6d38433d39748a0
data/audio/level_normalized_26dbfs_w_concat_carrier_phrase_2/B3_sttts/rib_dough_pool_rue_though_nip.wav,nip,dip,dip,0.999890923500061,0,Nasality,initial,m1,B3_sttts,a67cb9738962a5abbced2b2778fa290b
data/audio/level_normalized_26dbfs_w_concat_carrier_phrase_2/B4_nac/zoo_patch_shin_soothe_tick_sue.wav,sue,zoo,sue,0.859734356403351,1,Voicing,initial,m1,B4_nac,a5053bf8d72cde5012d5d632328dc9d7
data/audio/level_normalized_26dbfs_w_concat_carrier_phrase_2/B5_asr_bn/wreath_bed_bad_wed_lib_caught.wav,caught,taught,caught,0.999614357948303,1,Compactness,initial,m1,B5_asr_bn,b8503e818f90b3e09ee691035d84d9da
data/audio/level_normalized_26dbfs_w_concat_carrier_phrase_2/clean/English/test-data/guilt_shim_strode_rue_ross_gaff.wav,gaff,calf,gaff,0.999999403953552,1,Voicing,initial,f2,clean,8ebb4f5d9a6800fb243b7625b75109d8
data/audio/level_normalized_26dbfs_w_concat_carrier_phrase_2/B2_mcadams/moan_pond_edge_load_caught_jaws.wav,jaws,gauze,jaws,0.999988317489624,1,Sibilation,initial,m2,B2_mcadams,eea54f19b4b09a0c6fc6db130235a644
data/audio/level_normalized_26dbfs_w_concat_carrier_phrase_2/B3_sttts/big_bean_bank_wed_strobe_bob.wav,bob,bomb,bob,0.999959588050842,1,Nasality,final,m1,B3_sttts,b0999a59d198d155e6fdc4a33657ed2e
data/audio/level_normalized_26dbfs_w_concat_carrier_phrase_2/B4_nac/gat_ref_fit_hop_jaws_gauze.wav,gauze,jaws,gauze,0.999999403953552,1,Sibilation,initial,f1,B4_nac,8c206e65e80d6f9b02ae99d2f86c4e13
data/audio/level_normalized_26dbfs_w_concat_carrier_phrase_2/B5_asr_bn/neck_chin_gauze_myth_go_bat.wav,bat,gat,bat,0.882110297679901,1,Compactness,initial,m1,B5_asr_bn,770613eb8aa2ceee611eddf4182d55fe
data/audio/TTS_Qwen/bean_Ryan.wav,bean,peen,bean,1.0,1,Voicing,initial,TTS_Ryan,TTS_Qwen,f35dc2f39fa234b3b3fb434f70104506
data/audio/level_normalized_26dbfs_w_concat_carrier_phrase_2/clean/English/test-data/lube_moan_live_reef_loop_keg.wav,keg,peg,keg,0.999705731868744,1,Compactness,initial,m1,clean,f18c0df44675a415cd9e6e238486e7a1
data/audio/level_normalized_26dbfs_w_concat_carrier_phrase_2/B2_mcadams/rib_vox_dan_chin_tick_miss.wav,miss,myth,miss,0.99999988079071,1,Sibilation,final,m2,B2_mcadams,8f4fb8612323f6256fd0b83f07f1b211
data/audio/level_normalized_26dbfs_w_concat_carrier_phrase_2/B3_sttts/bag_big_meat_thank_teak_rich.wav,rich,ridge,rich,0.999999642372131,1,Voicing,final,m1,B3_sttts,6d205f02d5dc3faf8dd5369531cda64d
data/audio/level_normalized_26dbfs_w_concat_carrier_phrase_2/B4_nac/hit_rev_chew_slob_pond_dough.wav,dough,though,dough,0.999987959861755,1,Sustention,initial,m2,B4_nac,fecfbc20a4f2433db3e2ac4db0bd8b22
data/audio/level_normalized_26dbfs_w_concat_carrier_phrase_2/B5_asr_bn/than_hit_nude_hot_dong_thor.wav,thor,fore,thor,0.968974173069,1,Graveness,initial,m1,B5_asr_bn,2edb571baa9dd1fee11dde1bbcd4e3f0
data/audio/level_normalized_26dbfs_w_concat_carrier_phrase_2/clean/English/test-data/dock_thin_vole_daunt_jeb_guilt.wav,guilt,jilt,guilt,0.999997496604919,1,Sibilation,initial,f2,clean,47485f442a5cd13e223b15cfb4fc3c37
data/audio/level_normalized_26dbfs_w_concat_carrier_phrase_2/B3_sttts/bond_noon_fletch_met_patch_nog.wav,nog,knob,nog,0.99701452255249,1,Compactness,final,f1,B3_sttts,60cee82d8b400cc7299726e20b1c897c
data/audio/level_normalized_26dbfs_w_concat_carrier_phrase_2/B4_nac/wroth_gem_calf_troth_taught_rue.wav,rue,you,rue,0.969574570655823,1,Compactness,initial,f2,B4_nac,b6b587d88d728880fe812d1cc30df043
data/audio/level_normalized_26dbfs_w_concat_carrier_phrase_2/B5_asr_bn/pence_thin_jilt_trough_guilt_so.wav,so,show,so,0.999997735023499,1,Compactness,initial,m2,B5_asr_bn,e20a52c70cb1dfc20ffc66a5682e6f27
data/audio/level_normalized_26dbfs_w_concat_carrier_phrase_2/clean/English/test-data/bong_dock_slav_beg_show_vole.wav,vole,foal,vole,0.999999523162842,1,Voicing,initial,f1,clean,5cd8d3d28459c88e3c6c846f9c414774
data/audio/level_normalized_26dbfs_w_concat_carrier_phrase_2/B2_mcadams/calf_bong_beg_fletch_note_box.wav,box,vox,box,0.999995231628418,1,Sustention,initial,f1,B2_mcadams,d484c2920fde90e4ad7ff1a432c25914
data/audio/level_normalized_26dbfs_w_concat_carrier_phrase_2/B3_sttts/notch_vox_dan_jaws_than_seed.wav,seed,seethe,seed,0.991208076477051,1,Sustention,final,m1,B3_sttts,84a36dc4ea07f5af03b1b7cee4e4e88d
data/audio/level_normalized_26dbfs_w_concat_carrier_phrase_2/B4_nac/chew_peg_bad_lube_loop_egg.wav,egg,edge,egg,0.999998688697815,1,Sibilation,final,f2,B4_nac,07cad24298ffecf1b15ef969be1617fa
data/audio/level_normalized_26dbfs_w_concat_carrier_phrase_2/B5_asr_bn/duke_wreath_hodge_breathe_tense_brawn.wav,brawn,broad,brawn,0.999988198280334,1,Nasality,final,m1,B5_asr_bn,0eef550d86fd6798d87de0d0c584f795
data/audio/TTS_Qwen/meat_Ryan.wav,meat,beat,meat,0.99999737739563,1,Nasality,initial,TTS_Ryan,TTS_Qwen,88987c93ee69551fac3d65495ef4e6ff
data/audio/level_normalized_26dbfs_w_concat_carrier_phrase_2/clean/English/test-data/chair_loss_boss_note_sues_seed.wav,seed,seethe,seed,0.999871373176575,1,Sustention,final,m2,clean,5e3e5bc621052d55dd6e4b376b77e1d6
data/audio/level_normalized_26dbfs_w_concat_carrier_phrase_2/B2_mcadams/notch_seek_brogue_dot_chair_vox.wav,vox,box,vox,0.992923140525818,1,Sustention,initial,f2,B2_mcadams,b1f14f68cdca69797a6cc34c33dab06b
data/audio/level_normalized_26dbfs_w_concat_carrier_phrase_2/B3_sttts/nog_rod_bean_though_wad_lube.wav,lube,loop,loop,0.957718551158905,0,Voicing,final,m1,B3_sttts,2cb06867dad5e35efd5bba35491e6f3f
data/audio/level_normalized_26dbfs_w_concat_carrier_phrase_2/B4_nac/mad_keg_duke_bad_edge_rue.wav,rue,you,rue,0.9998779296875,1,Compactness,initial,m1,B4_nac,4331b54b1e43ae4f724705127de42d9c
data/audio/level_normalized_26dbfs_w_concat_carrier_phrase_2/B5_asr_bn/growth_wroth_class_bag_strode_sheet.wav,sheet,cheat,cheat,0.999994397163391,0,Sustention,initial,f2,B5_asr_bn,17729603a7157b8200d33fda29fce01f
data/audio/level_normalized_26dbfs_w_concat_carrier_phrase_2/clean/English/test-data/mode_lube_chew_peg_egg_loop.wav,loop,lube,loop,0.99992299079895,1,Voicing,final,f2,clean,b5fe5018e73f236fdca26b40e434dc9f
data/audio/level_normalized_26dbfs_w_concat_carrier_phrase_2/B2_mcadams/shin_vox_got_fan_moss_chin.wav,chin,gin,chin,0.999215722084045,1,Voicing,initial,m2,B2_mcadams,73a7b3f97082e78cbeb039bbdb538631
data/audio/level_normalized_26dbfs_w_concat_carrier_phrase_2/B3_sttts/note_chew_rich_gin_screen_flesh.wav,flesh,fletch,flesh,0.524178445339203,1,Sustention,final,m2,B3_sttts,df109a9a52a653b4338a0d4507caa12a
data/audio/level_normalized_26dbfs_w_concat_carrier_phrase_2/B4_nac/rod_lib_bong_nog_though_rap.wav,rap,rat,rap,0.99998414516449,1,Graveness,final,m2,B4_nac,694fa15756384351120813b613349907
data/audio/level_normalized_26dbfs_w_concat_carrier_phrase_2/B5_asr_bn/seep_seek_shim_screen_dote_screed.wav,screed,screen,screen,0.99857485294342,0,Nasality,final,m1,B5_asr_bn,bc185978cf640cc2b0461cff8d349534
data/audio/level_normalized_26dbfs_w_concat_carrier_phrase_2/clean/English/test-data/gin_peen_fletch_zee_loss_dense.wav,dense,tense,dense,0.999183356761932,1,Voicing,initial,m1,clean,d7d814417d02c17d5dcbe4b6e1058037
data/audio/level_normalized_26dbfs_w_concat_carrier_phrase_2/B2_mcadams/fad_seethe_rat_sheave_bag_calf.wav,calf,gaff,gaff,0.989024937152863,0,Voicing,initial,m2,B2_mcadams,fcfd7e428a73f8fb8c59478b2165c045
data/audio/level_normalized_26dbfs_w_concat_carrier_phrase_2/B3_sttts/wad_wed_moan_tong_broad_hodge.wav,hodge,hotch,hodge,0.655964314937592,1,Voicing,final,m2,B3_sttts,dcc061314dc0b3e020be6959754b8cd6
data/audio/level_normalized_26dbfs_w_concat_carrier_phrase_2/B4_nac/shin_vox_yield_shoes_soothe_shoes.wav,shoes,choose,shoes,1.0,1,Sustention,initial,f1,B4_nac,67ea947cba3c5d985a11f0d8fe10a2ec
data/audio/level_normalized_26dbfs_w_concat_carrier_phrase_2/B5_asr_bn/oat_peak_myth_sheave_tick_deck.wav,deck,neck,deck,0.989118933677673,1,Nasality,initial,f1,B5_asr_bn,260d753e4f650829016d3e6f862daa52
data/audio/level_normalized_26dbfs_w_concat_carrier_phrase_2/B3_sttts/tense_thin_box_moss_bat_seed.wav,seed,seethe,seed,0.999564230442047,1,Sustention,final,f1,B3_sttts,082fd1534a6291fc421a1d1ee19edfda
data/audio/level_normalized_26dbfs_w_concat_carrier_phrase_2/B4_nac/rap_taught_strode_shim_fad_clash.wav,clash,class,clash,0.999998569488525,1,Compactness,final,f2,B4_nac,37fd499715e6b0a74313d1345b8e6521
data/audio/level_normalized_26dbfs_w_concat_carrier_phrase_2/B5_asr_bn/breeze_cap_rib_wed_lube_loop.wav,loop,lube,loop,0.970558524131775,1,Voicing,final,m1,B5_asr_bn,8ab2ddca270909861360af6d9215f119
data/audio/level_normalized_26dbfs_w_concat_carrier_phrase_2/clean/English/test-data/peen_breeze_though_keg_wreath_rod.wav,rod,wad,rod,0.99999988079071,1,Graveness,initial,m1,clean,c694181ce0e4c092ce037156acb19637
data/audio/level_normalized_26dbfs_w_concat_carrier_phrase_2/B2_mcadams/thick_thor_deck_fad_goff_gauze.wav,gauze,jaws,gauze,0.999998688697815,1,Sibilation,initial,m1,B2_mcadams,8e94165992508e6666a13c9903572835
data/audio/level_normalized_26dbfs_w_concat_carrier_phrase_2/B3_sttts/daunt_trough_so_bank_taunt_bag.wav,bag,back,bag,0.999964714050293,1,Voicing,final,m2,B3_sttts,6905a31bd10f7293dcf79dad0246c5fa
data/audio/level_normalized_26dbfs_w_concat_carrier_phrase_2/B4_nac/wreath_breeze_dupe_shim_bean_breathe.wav,breathe,breeze,breathe,0.988852858543396,1,Sibilation,final,f1,B4_nac,6c9031fd674d2ded8c9977326b4a333c
data/audio/level_normalized_26dbfs_w_concat_carrier_phrase_2/B5_asr_bn/load_dock_bag_dank_big_flog.wav,flog,flawed,flog,0.999987483024597,1,Compactness,final,m2,B5_asr_bn,3b4eace2a4bf69d7e2f13ba98f033922
data/audio/TTS_Qwen/pack_Ryan.wav,pack,patch,pack,0.993092060089111,1,Sibilation,final,TTS_Ryan,TTS_Qwen,ee1f8b69f6b324b2fe4f4c3ad7ced185
data/audio/level_normalized_26dbfs_w_concat_carrier_phrase_2/clean/English/test-data/cop_peg_keg_mode_hodge_chop.wav,chop,cop,chop,1.0,1,Sibilation,initial,f2,clean,b03ea9bf522b95411c4d6a9e20d765e6
data/audio/level_normalized_26dbfs_w_concat_carrier_phrase_2/B2_mcadams/calf_ridge_shin_gawp_notch_bed.wav,bed,beg,bed,0.992711544036865,1,Compactness,final,f1,B2_mcadams,cef2626cf4b72e9c47f4e5bb8592553c
data/audio/level_normalized_26dbfs_w_concat_carrier_phrase_2/B3_sttts/wad_coo_though_live_keg_yield.wav,yield,wield,yield,0.999883055686951,1,Compactness,initial,m2,B3_sttts,a16b2c1b7d83bfd57a230852492ef33e
data/audio/level_normalized_26dbfs_w_concat_carrier_phrase_2/B4_nac/egg_bad_chew_peg_loop_lube.wav,lube,loop,loop,0.999996423721313,0,Voicing,final,f2,B4_nac,057f399f5d32ac11ce4658cd10285cb0
data/audio/level_normalized_26dbfs_w_concat_carrier_phrase_2/B5_asr_bn/shim_gaff_rap_dot_fan_gin.wav,gin,chin,gin,0.999999284744263,1,Voicing,initial,m2,B5_asr_bn,2accbde82fee2cecaf83d7ef5ab61282
data/audio/level_normalized_26dbfs_w_concat_carrier_phrase_2/clean/English/test-data/noon_myth_joe_go_goff_hot.wav,hot,hop,hot,0.999994874000549,1,Graveness,final,m1,clean,ef2c9f9b4b014c122817b67aa1f78f11
data/audio/level_normalized_26dbfs_w_concat_carrier_phrase_2/B2_mcadams/shin_bed_so_trough_dank_knock.wav,knock,notch,knock,0.999992489814758,1,Sibilation,final,f2,B2_mcadams,f4fb1097db3da7de29cddd030939a191
data/audio/level_normalized_26dbfs_w_concat_carrier_phrase_2/B3_sttts/boot_screed_dank_rich_growth_guilt.wav,guilt,jilt,guilt,0.999939799308777,1,Sibilation,initial,f1,B3_sttts,ffc4be648731bd5cd3ea84f37b8e15d3
data/audio/level_normalized_26dbfs_w_concat_carrier_phrase_2/B4_nac/rat_daunt_hotch_guilt_moot_chair.wav,chair,care,chair,0.999999642372131,1,Sibilation,initial,m2,B4_nac,6677e4fbc07d0e54a898b81e45a9a1f2
data/audio/level_normalized_26dbfs_w_concat_carrier_phrase_2/B5_asr_bn/moot_thank_tick_bat_bomb_vole.wav,vole,foal,vole,0.676013588905334,1,Voicing,initial,m1,B5_asr_bn,ffe25c7a30355ddbb07093a021432060
data/audio/level_normalized_26dbfs_w_concat_carrier_phrase_2/clean/English/test-data/thee_goof_boot_zoo_slav_gross.wav,gross,growth,gross,0.999998569488525,1,Sibilation,final,m1,clean,a3ffdbd9126e255eae3af47416a4eb83
data/audio/level_normalized_26dbfs_w_concat_carrier_phrase_2/B2_mcadams/so_hop_ridge_wroth_egg_trough.wav,trough,troth,troth,0.898124754428864,0,Graveness,final,m2,B2_mcadams,39eed73be8c8977e500a17be42725b70
data/audio/level_normalized_26dbfs_w_concat_carrier_phrase_2/B3_sttts/zoo_ref_flog_hop_neck_sheaf.wav,sheaf,sheave,sheaf,0.964916288852692,1,Voicing,final,f2,B3_sttts,8ae707415653ac3c320fd59797f7cc9e
data/audio/level_normalized_26dbfs_w_concat_carrier_phrase_2/B4_nac/box_miss_teak_thick_daunt_breeze.wav,breeze,breathe,breeze,0.875562906265259,1,Sibilation,final,f2,B4_nac,b901d959f794079e67e0101acdcbdf86
data/audio/level_normalized_26dbfs_w_concat_carrier_phrase_2/B5_asr_bn/cheat_caught_breeze_beat_clash_box.wav,box,vox,box,0.999999046325684,1,Sustention,initial,f2,B5_asr_bn,044355f4aabfda49c2f52936f7e1d3e6
data/audio/level_normalized_26dbfs_w_concat_carrier_phrase_2/clean/English/test-data/flog_hot_peak_shin_jaws_goff.wav,goff,gawp,goff,0.987034738063812,1,Sustention,final,m1,clean,57cce9231fd56284f289a4648482dcd9
data/audio/level_normalized_26dbfs_w_concat_carrier_phrase_2/B2_mcadams/seep_net_jaws_bat_loss_daunt.wav,daunt,taunt,daunt,0.999324083328247,1,Voicing,initial,f1,B2_mcadams,a9dcaecc2f96b87bc602d9c034c77fa5
data/audio/level_normalized_26dbfs_w_concat_carrier_phrase_2/B3_sttts/care_seed_rat_moss_fan_boss.wav,boss,moss,boss,0.99999988079071,1,Nasality,initial,m1,B3_sttts,4a64536b3c03531c5a9980305281d24c
data/audio/level_normalized_26dbfs_w_concat_carrier_phrase_2/B4_nac/peg_rod_wad_nip_wield_mode.wav,mode,moan,mode,0.903616309165955,1,Nasality,final,m2,B4_nac,cc195bf85a376befa04c8643af39cc11
data/audio/level_normalized_26dbfs_w_concat_carrier_phrase_2/B5_asr_bn/dan_bond_fad_oak_web_edge.wav,edge,egg,edge,0.999889016151428,1,Sibilation,final,f2,B5_asr_bn,fdeea716cea255a9defe8f0a71f55193
data/audio/TTS_Qwen/wreath_Ryan.wav,wreath,reef,wreath,0.999993085861206,1,Graveness,final,TTS_Ryan,TTS_Qwen,754f9f4b5e1249eb4470c4b1f899efa5
data/audio/level_normalized_26dbfs_w_concat_carrier_phrase_2/clean/English/test-data/chair_rat_loss_gaff_seed_sues.wav,sues,soothe,sues,0.994100272655487,1,Sibilation,final,m1,clean,b4746dfa428df9807d9e9dbe2750a21f
data/audio/level_normalized_26dbfs_w_concat_carrier_phrase_2/B2_mcadams/fletch_bob_lube_met_tong_patch.wav,patch,pack,patch,0.999816954135895,1,Sibilation,final,f1,B2_mcadams,9526c0a88cd29c04714b2e4b29547ddd
data/audio/level_normalized_26dbfs_w_concat_carrier_phrase_2/B3_sttts/breathe_egg_knob_dough_hodge_dip.wav,dip,nip,dip,0.999997854232788,1,Nasality,initial,f2,B3_sttts,b616f6c567844da462eb80524888ee58
data/audio/level_normalized_26dbfs_w_concat_carrier_phrase_2/B4_nac/beat_flawed_strode_cheat_go_slob.wav,slob,slav,slob,0.931130230426788,1,Sustention,final,m2,B4_nac,8c24d4723376bb37c490d5ac043da887
data/audio/level_normalized_26dbfs_w_concat_carrier_phrase_2/B5_asr_bn/wreath_meat_loop_noon_rap_you.wav,you,rue,you,0.999999523162842,1,Compactness,initial,f1,B5_asr_bn,51677855d330229404b810eeff287660
data/audio/level_normalized_26dbfs_w_concat_carrier_phrase_2/clean/English/test-data/moss_loss_ross_cap_gat_zee.wav,zee,thee,zee,0.999997854232788,1,Sibilation,initial,f1,clean,12428cad5496acdc7ab7e4629d40d676
data/audio/level_normalized_26dbfs_w_concat_carrier_phrase_2/B2_mcadams/than_loon_patch_ridge_neck_bank.wav,bank,dank,bank,1.0,1,Graveness,initial,m2,B2_mcadams,c5109906c93a84e85681d773856c0af9
data/audio/level_normalized_26dbfs_w_concat_carrier_phrase_2/B3_sttts/goof_class_thee_sank_screed_jeb.wav,jeb,gem,jeb,0.999852895736694,1,Nasality,final,f2,B3_sttts,606c2c17c8cb29b369ecc0eef8183562
data/audio/level_normalized_26dbfs_w_concat_carrier_phrase_2/B4_nac/tool_lib_wed_hotch_edge_cop.wav,cop,chop,cop,0.952104568481445,1,Sibilation,initial,f1,B4_nac,d506024c8caa03b74122dfdab4912583
data/audio/level_normalized_26dbfs_w_concat_carrier_phrase_2/B5_asr_bn/so_thin_foal_dong_shin_dote.wav,dote,note,dote,0.999905347824097,1,Nasality,initial,f1,B5_asr_bn,8c30c94b9710bf646e1065c546cea03f
data/audio/level_normalized_26dbfs_w_concat_carrier_phrase_2/clean/English/test-data/nog_broad_moan_cop_chop_though.wav,though,dough,though,0.989422500133514,1,Sustention,initial,f1,clean,2255c28e05bb1a826b7c3da126053a3b
data/audio/level_normalized_26dbfs_w_concat_carrier_phrase_2/B2_mcadams/laws_broad_wad_keg_thong_knob.wav,knob,nog,knob,0.999999761581421,1,Compactness,final,m1,B2_mcadams,ac59d63cfe638e59e9e644c61ed840e0
data/audio/level_normalized_26dbfs_w_concat_carrier_phrase_2/B3_sttts/fan_boss_vox_flesh_fad_got.wav,got,dot,got,0.962849855422974,1,Compactness,initial,m1,B3_sttts,e5f166d5f4f8a236c651d5222bfb99de
data/audio/level_normalized_26dbfs_w_concat_carrier_phrase_2/B4_nac/fad_trough_wreath_shin_fin_rat.wav,rat,rap,rat,0.995418190956116,1,Graveness,final,m1,B4_nac,404cc95caa0478f764aab289b1351a5f
data/audio/level_normalized_26dbfs_w_concat_carrier_phrase_2/B5_asr_bn/knock_bed_bank_daunt_lib_ridge.wav,ridge,rich,ridge,0.997380554676056,1,Voicing,final,m1,B5_asr_bn,160faf93846b0a6d20606df757f73f02
data/audio/level_normalized_26dbfs_w_concat_carrier_phrase_2/clean/English/test-data/broad_duke_though_dough_wad_moan.wav,moan,mode,moan,0.999876379966736,1,Nasality,final,f2,clean,bd146a1d631abbff20d4cf73a94613fd
data/audio/level_normalized_26dbfs_w_concat_carrier_phrase_2/B2_mcadams/moss_rib_notch_dote_brogue_thor.wav,thor,fore,fore,0.999708950519562,0,Graveness,initial,f1,B2_mcadams,a9a13a1d6e4c81244026d14ba2d5b230
data/audio/level_normalized_26dbfs_w_concat_carrier_phrase_2/B3_sttts/dock_strode_bag_pence_dank_wroth.wav,wroth,ross,ross,0.996473014354706,0,Sibilation,final,f1,B3_sttts,4f54686cb19a260324385abf5828f838
data/audio/level_normalized_26dbfs_w_concat_carrier_phrase_2/B4_nac/dan_beat_fad_teak_vox_chin.wav,chin,gin,chin,0.999955534934998,1,Voicing,initial,m1,B4_nac,dca6b205302583098731fcf81d097ed2
data/audio/level_normalized_26dbfs_w_concat_carrier_phrase_2/B5_asr_bn/fit_dank_daunt_taunt_than_taunt.wav,taunt,daunt,taunt,0.969103038311005,1,Voicing,initial,m2,B5_asr_bn,406c76cc9e05640dda24774af9084875
data/audio/TTS_Qwen/dock_Ryan.wav,dock,knock,dock,0.999996662139893,1,Nasality,initial,TTS_Ryan,TTS_Qwen,21b870937e8e99f453e3736090cee8f2
data/audio/level_normalized_26dbfs_w_concat_carrier_phrase_2/clean/English/test-data/jeb_cap_dot_rat_vole_box.wav,box,vox,box,0.999998569488525,1,Sustention,initial,m2,clean,c588d2238eaa98668410a3e00ca0abbc
data/audio/level_normalized_26dbfs_w_concat_carrier_phrase_2/B2_mcadams/dan_beat_fad_teak_vox_chin.wav,chin,gin,chin,0.999475181102753,1,Voicing,initial,m1,B2_mcadams,7903acd995c2ab4ff9fd999b6493e482
data/audio/level_normalized_26dbfs_w_concat_carrier_phrase_2/B3_sttts/wed_strobe_clash_big_bean_knock.wav,knock,notch,knock,0.999996304512024,1,Sibilation,final,m1,B3_sttts,720519bafe7b48c3ae4d88d2cc7cc313
data/audio/level_normalized_26dbfs_w_concat_carrier_phrase_2/B4_nac/wroth_growth_egg_class_so_slav.wav,slav,slob,slob,0.999344766139984,0,Sustention,final,m1,B4_nac,d617c39d57968c778b45370aeec055a5
data/audio/level_normalized_26dbfs_w_concat_carrier_phrase_2/B5_asr_bn/jaws_fence_seed_tick_box_cap.wav,cap,calf,cap,1.0,1,Sustention,final,f1,B5_asr_bn,424d13e158d712dcf6fb981a1b358b4d
data/audio/level_normalized_26dbfs_w_concat_carrier_phrase_2/clean/English/test-data/met_bond_mad_wield_tong_loop.wav,loop,lube,loop,0.999955892562866,1,Voicing,final,f1,clean,1b1ad4c4478c97f08b7a5acbab102f36
data/audio/level_normalized_26dbfs_w_concat_carrier_phrase_2/B2_mcadams/zoo_patch_shin_soothe_tick_sue.wav,sue,zoo,sue,0.858227550983429,1,Voicing,initial,m1,B2_mcadams,e25549edeaddbad9d20ed89ea692408b
data/audio/level_normalized_26dbfs_w_concat_carrier_phrase_2/B3_sttts/bank_trough_daunt_tong_knock_big.wav,big,bib,big,0.99999988079071,1,Compactness,final,m1,B3_sttts,cf80c9173cdc3d0a522530c041aca494
data/audio/level_normalized_26dbfs_w_concat_carrier_phrase_2/B4_nac/boot_screed_dank_rich_growth_guilt.wav,guilt,jilt,guilt,1.0,1,Sibilation,initial,f1,B4_nac,ec23cea7a9ad4cd9016a0943db3e67b2
data/audio/level_normalized_26dbfs_w_concat_carrier_phrase_2/B5_asr_bn/ridge_net_gawp_you_gauze_coo.wav,coo,chew,coo,0.993299126625061,1,Sibilation,initial,f2,B5_asr_bn,12e8ef1eb79340f2fd5f0cba064b9c62
data/audio/level_normalized_26dbfs_w_concat_carrier_phrase_2/clean/English/test-data/breeze_seed_screed_seek_moss_seep.wav,seep,seek,seep,0.970356285572052,1,Compactness,final,f1,clean,10b0f3e88fa6429c23bdac2c4789438b
data/audio/level_normalized_26dbfs_w_concat_carrier_phrase_2/B2_mcadams/rim_taught_thee_met_pool_wad.wav,wad,rod,wad,0.946288406848907,1,Graveness,initial,f2,B2_mcadams,5807e84ab1291b4dc999f01c8d0b5f1f
data/audio/level_normalized_26dbfs_w_concat_carrier_phrase_2/B3_sttts/shin_pence_calf_fad_trough_sheave.wav,sheave,sheaf,sheave,0.995530664920807,1,Voicing,final,m1,B3_sttts,39f145a4eae96d054c0371e05f5d52dd
data/audio/level_normalized_26dbfs_w_concat_carrier_phrase_2/B4_nac/bomb_loathe_fit_gauze_dan_beat.wav,beat,meat,beat,0.999990701675415,1,Nasality,initial,f2,B4_nac,c8532dcb8db7df6ea05d94140756c34e
data/audio/level_normalized_26dbfs_w_concat_carrier_phrase_2/B5_asr_bn/go_loathe_miss_sue_loom_flog.wav,flog,flawed,flog,0.997581362724304,1,Compactness,final,f2,B5_asr_bn,dfdb388f11949976bcb8d23c2644964e
data/audio/level_normalized_26dbfs_w_concat_carrier_phrase_2/clean/English/test-data/chair_sank_jaws_hot_hotch_miss.wav,miss,myth,miss,0.999999761581421,1,Sibilation,final,f1,clean,60744df05245dd90a4d4546a6bd5a944
data/audio/level_normalized_26dbfs_w_concat_carrier_phrase_2/B2_mcadams/fad_seethe_rat_sheave_bag_calf.wav,calf,gaff,gaff,0.989024937152863,0,Voicing,initial,m1,B2_mcadams,fcfd7e428a73f8fb8c59478b2165c045
data/audio/level_normalized_26dbfs_w_concat_carrier_phrase_2/B3_sttts/beg_cap_loop_thong_rib_edge.wav,edge,egg,edge,0.999583423137665,1,Sibilation,final,m1,B3_sttts,0483820068e0df562e60fa0a652cb6a2
data/audio/level_normalized_26dbfs_w_concat_carrier_phrase_2/B4_nac/knob_wreath_nog_tense_mad_rib.wav,rib,rim,rib,0.999991774559021,1,Nasality,final,m1,B4_nac,4df08df0c67fb31aa31e41f248d28a05
data/audio/level_normalized_26dbfs_w_concat_carrier_phrase_2/B5_asr_bn/seep_net_jaws_bat_loss_daunt.wav,daunt,taunt,daunt,0.996555685997009,1,Voicing,initial,f1,B5_asr_bn,91156ead9cebe772aa290a5ef78351f8
data/audio/TTS_Qwen/net_Ryan.wav,net,met,net,0.999997138977051,1,Graveness,initial,TTS_Ryan,TTS_Qwen,b7269b757094859a31c08f3de1de2b05
data/audio/level_normalized_26dbfs_w_concat_carrier_phrase_2/B2_mcadams/wed_bag_lib_back_goop_show.wav,show,so,show,0.999933242797852,1,Compactness,initial,m1,B2_mcadams,d218eb79f1692592103eaedd04018c0c
data/audio/level_normalized_26dbfs_w_concat_carrier_phrase_2/B3_sttts/dong_dot_note_wreath_thee_shim.wav,shim,shin,shin,0.999943494796753,0,Graveness,final,f2,B3_sttts,0662f2a91b9781cef0aa70560f48eeed
data/audio/level_normalized_26dbfs_w_concat_carrier_phrase_2/B4_nac/nog_hop_met_shim_pond_mad.wav,mad,bad,mad,0.999968528747559,1,Nasality,initial,f1,B4_nac,385671db09ef26a6cb70ce3cf3aea9e2
data/audio/level_normalized_26dbfs_w_concat_carrier_phrase_2/B5_asr_bn/note_loss_zee_got_shoes_moss.wav,moss,boss,moss,0.995518922805786,1,Nasality,initial,m1,B5_asr_bn,1531ee9f3e27d107b1b9e6a77c1943f8
data/audio/level_normalized_26dbfs_w_concat_carrier_phrase_2/clean/English/test-data/boss_gem_ross_foal_goof_guilt.wav,guilt,jilt,guilt,1.0,1,Sibilation,initial,m2,clean,aa6309c520ff43c408573ed01f530c44
data/audio/level_normalized_26dbfs_w_concat_carrier_phrase_2/B2_mcadams/neck_sue_ref_meat_flawed_moss.wav,moss,boss,boss,0.751079618930817,0,Nasality,initial,m2,B2_mcadams,6df274e3fe781713ad4d2374abb727fe
data/audio/level_normalized_26dbfs_w_concat_carrier_phrase_2/B3_sttts/lib_edge_tool_gauze_wad_goof.wav,goof,goop,goof,0.937032699584961,1,Sustention,final,f1,B3_sttts,11539137ad971515b8af265450bcf725
data/audio/level_normalized_26dbfs_w_concat_carrier_phrase_2/B4_nac/tick_seep_cheat_seethe_thin_thick.wav,thick,tick,thick,0.999228835105896,1,Sustention,initial,f1,B4_nac,2ceb1f0301fb8ee1f0678e27c05230f6
data/audio/level_normalized_26dbfs_w_concat_carrier_phrase_2/B5_asr_bn/breeze_clash_teak_loss_caught_sue.wav,sue,zoo,sue,0.999737441539764,1,Voicing,initial,f2,B5_asr_bn,cf28261bd395bf371e5f8e09859eb1bc
data/audio/level_normalized_26dbfs_w_concat_carrier_phrase_2/clean/English/test-data/rev_pack_sheave_myth_tick_neck.wav,neck,deck,neck,0.999999761581421,1,Nasality,initial,f2,clean,d0b85d577b63ff154348532152c4551c
data/audio/level_normalized_26dbfs_w_concat_carrier_phrase_2/B2_mcadams/wed_moan_thong_nog_tong_reef.wav,reef,wreath,reef,0.982012629508972,1,Graveness,final,f2,B2_mcadams,25b5298ef9d4fdddec0f08d2eda61974
data/audio/level_normalized_26dbfs_w_concat_carrier_phrase_2/B3_sttts/rib_got_fletch_calf_note_beg.wav,beg,bed,beg,0.999694466590881,1,Compactness,final,f1,B3_sttts,1f85373960837ae60681c19627d6532e
data/audio/level_normalized_26dbfs_w_concat_carrier_phrase_2/B4_nac/note_chew_rich_gin_screen_flesh.wav,flesh,fletch,flesh,0.965394496917725,1,Sustention,final,m2,B4_nac,65a83b7dd9c83174aa7df1da1dbc24d8
data/audio/level_normalized_26dbfs_w_concat_carrier_phrase_2/B5_asr_bn/fad_moss_loss_soothe_calf_shoes.wav,shoes,choose,shoes,0.839068055152893,1,Sustention,initial,m1,B5_asr_bn,18d0ae2ba4e4ea64e30c026bbadf9169
data/audio/TTS_Qwen/fan_Ryan.wav,fan,fad,fan,0.999982953071594,1,Nasality,final,TTS_Ryan,TTS_Qwen,f936332d661139b7d3c435bb294b7307
data/audio/level_normalized_26dbfs_w_concat_carrier_phrase_2/clean/English/test-data/seek_class_thick_laws_zee_teak.wav,teak,peak,teak,0.999917149543762,1,Graveness,initial,f2,clean,87bed491b8160ba4b8b555caab654f37
data/audio/level_normalized_26dbfs_w_concat_carrier_phrase_2/B2_mcadams/shin_bed_so_trough_dank_knock.wav,knock,notch,knock,0.999992489814758,1,Sibilation,final,f1,B2_mcadams,f4fb1097db3da7de29cddd030939a191
data/audio/level_normalized_26dbfs_w_concat_carrier_phrase_2/B3_sttts/gat_ref_fit_hop_jaws_gauze.wav,gauze,jaws,gauze,0.921087980270386,1,Sibilation,initial,f1,B3_sttts,09e8572b9305024190d3336f6d94b9b3
data/audio/level_normalized_26dbfs_w_concat_carrier_phrase_2/B4_nac/rib_note_beg_got_bong_fletch.wav,fletch,flesh,fletch,0.99876993894577,1,Sustention,final,f2,B4_nac,c5a471f9d3eb2a05734f4cf5863ce783
data/audio/level_normalized_26dbfs_w_concat_carrier_phrase_2/B5_asr_bn/peg_reef_knob_lib_dupe_web.wav,web,wed,web,0.99999988079071,1,Graveness,final,m1,B5_asr_bn,97ba50d35ed750b096c411c0072517c6
data/audio/level_normalized_26dbfs_w_concat_carrier_phrase_2/clean/English/test-data/so_chair_bed_rib_thor_gaff.wav,gaff,calf,gaff,0.99999988079071,1,Voicing,initial,f1,clean,777103ba746c13982babb05e707c3e9d
data/audio/level_normalized_26dbfs_w_concat_carrier_phrase_2/B2_mcadams/cheat_moot_pence_guilt_jilt_gross.wav,gross,growth,gross,0.999988913536072,1,Sibilation,final,m2,B2_mcadams,53a761dc49f1180e40887de1d84386a8
data/audio/level_normalized_26dbfs_w_concat_carrier_phrase_2/B3_sttts/foal_jeb_guilt_jilt_screen_big.wav,big,bib,big,1.0,1,Compactness,final,f1,B3_sttts,60e067a007132d142c63d2376974a283
data/audio/level_normalized_26dbfs_w_concat_carrier_phrase_2/B4_nac/cheat_slob_rev_flawed_growth_dot.wav,dot,got,dot,1.0,1,Compactness,initial,m1,B4_nac,9ef0bfc23aba99d5218932de02301fda
data/audio/level_normalized_26dbfs_w_concat_carrier_phrase_2/B2_mcadams/rap_seek_seep_shim_screen_dote.wav,dote,note,dote,0.728841781616211,1,Nasality,initial,m1,B2_mcadams,e3b507983a5d3a23bb0c17bb689083cd
data/audio/level_normalized_26dbfs_w_concat_carrier_phrase_2/B3_sttts/jilt_fin_foal_fore_thor_ridge.wav,ridge,rich,ridge,0.995933473110199,1,Voicing,final,f1,B3_sttts,3487235dd0ad8ea216064ede6480ad9b
data/audio/level_normalized_26dbfs_w_concat_carrier_phrase_2/B4_nac/cheat_moot_pence_guilt_jilt_gross.wav,gross,growth,gross,1.0,1,Sibilation,final,m2,B4_nac,de319b8a30fda4e281e4927ed7c0f391
data/audio/level_normalized_26dbfs_w_concat_carrier_phrase_2/B5_asr_bn/tong_nog_live_lube_lib_moan.wav,moan,mode,moan,0.998817980289459,1,Nasality,final,m1,B5_asr_bn,6b38eb109769c789b011f75260ee0f30
data/audio/level_normalized_26dbfs_w_concat_carrier_phrase_2/clean/English/test-data/wreath_fad_shin_fence_bag_fore.wav,fore,thor,fore,0.991123080253601,1,Graveness,initial,m1,clean,7e35b718239c8e7ce1dc26e7b14936a0
data/audio/level_normalized_26dbfs_w_concat_carrier_phrase_2/B2_mcadams/dough_tool_keg_dupe_knob_though.wav,though,dough,dough,0.996074080467224,0,Sustention,initial,m2,B2_mcadams,f571260c8679995e45e1225a4fdd1825
data/audio/level_normalized_26dbfs_w_concat_carrier_phrase_2/B3_sttts/tick_wroth_gawp_beat_hot_cheat.wav,cheat,sheet,cheat,1.0,1,Sustention,initial,m1,B3_sttts,853aefe9077ca99c9c4af8f38ded9ded
data/audio/level_normalized_26dbfs_w_concat_carrier_phrase_2/B4_nac/boot_sank_guilt_dock_sheet_back.wav,back,bag,back,0.858082115650177,1,Voicing,final,f1,B4_nac,c257255fcae9e82224aabf603874af00
data/audio/level_normalized_26dbfs_w_concat_carrier_phrase_2/B5_asr_bn/bad_dock_bean_back_bed_class.wav,class,clash,class,0.999998569488525,1,Compactness,final,m1,B5_asr_bn,4845b017cf644fe6ba1d5c203494ed48
data/audio/level_normalized_26dbfs_w_concat_carrier_phrase_2/clean/English/test-data/rib_dough_pool_rue_though_nip.wav,nip,dip,nip,0.999983787536621,1,Nasality,initial,m1,clean,ce9c1b1193277ef6e9c899c0e20e373f
data/audio/level_normalized_26dbfs_w_concat_carrier_phrase_2/B2_mcadams/slav_bomb_oak_chop_reef_strobe.wav,strobe,strode,strobe,0.999999642372131,1,Graveness,final,m2,B2_mcadams,f4b3c74a72bdb0f4b1f3f255af396825
data/audio/level_normalized_26dbfs_w_concat_carrier_phrase_2/B3_sttts/sank_jilt_moot_pence_wroth_slob.wav,slob,slav,slob,0.761299729347229,1,Sustention,final,f2,B3_sttts,7f9e33cbc8540a811fdc7a49d4ffc73c
data/audio/level_normalized_26dbfs_w_concat_carrier_phrase_2/B4_nac/bond_noon_fletch_met_patch_nog.wav,nog,knob,nog,0.956586122512817,1,Compactness,final,f1,B4_nac,f2ed43fb139637d098d8e5980f605904
data/audio/level_normalized_26dbfs_w_concat_carrier_phrase_2/B5_asr_bn/zoo_ref_flog_hop_neck_sheaf.wav,sheaf,sheave,sheaf,0.998413443565369,1,Voicing,final,f2,B5_asr_bn,e3db5d7718bec15d793d15e453cf5b70
data/audio/TTS_Qwen/note_Ryan.wav,note,dote,note,1.0,1,Nasality,initial,TTS_Ryan,TTS_Qwen,6b4b6f7d9fbeef459d6bb8a269060c8a
data/audio/level_normalized_26dbfs_w_concat_carrier_phrase_2/clean/English/test-data/than_fin_gin_though_goff_laws.wav,laws,loss,loss,0.620776534080505,0,Voicing,final,f1,clean,92b31a545ce40e423c06095ad40aba1b
data/audio/level_normalized_26dbfs_w_concat_carrier_phrase_2/B2_mcadams/pence_loss_cap_chair_moss_slob.wav,slob,slav,slob,0.999940991401672,1,Sustention,final,f1,B2_mcadams,d07de553dd6d1431f41cd01e6077bb8c
data/audio/level_normalized_26dbfs_w_concat_carrier_phrase_2/B3_sttts/rod_bad_web_peen_moan_brawn.wav,brawn,broad,brawn,0.999188005924225,1,Nasality,final,m2,B3_sttts,3799fb4d92d0163d08cfac55c46052c3
data/audio/level_normalized_26dbfs_w_concat_carrier_phrase_2/B4_nac/tool_dupe_dip_wed_web_lib.wav,lib,live,live,0.999945640563965,0,Sustention,final,f1,B4_nac,261ad26d43c0e03de80bc7ca4a422965
data/audio/level_normalized_26dbfs_w_concat_carrier_phrase_2/B5_asr_bn/shoes_chin_shin_reef_dense_wield.wav,wield,yield,wield,0.999937415122986,1,Compactness,initial,f2,B5_asr_bn,2befba4a411c594942c899b3cb1aea20
data/audio/level_normalized_26dbfs_w_concat_carrier_phrase_2/clean/English/test-data/flog_oat_go_joe_seed_myth.wav,myth,miss,myth,0.999983072280884,1,Sibilation,final,m1,clean,56b9d474b3e529374b44f740f46953fb
data/audio/level_normalized_26dbfs_w_concat_carrier_phrase_2/B2_mcadams/reef_brogue_breeze_live_egg_though.wav,though,dough,though,0.964618384838104,1,Sustention,initial,m1,B2_mcadams,c508bd66c6b4d27e041e3b9250a1d0e2
data/audio/level_normalized_26dbfs_w_concat_carrier_phrase_2/B3_sttts/troth_big_guilt_seed_daunt_broke.wav,broke,brogue,broke,0.999997615814209,1,Voicing,final,f2,B3_sttts,7edf5d3df57b22cced8e3844ba72151e
data/audio/level_normalized_26dbfs_w_concat_carrier_phrase_2/B4_nac/rod_egg_tong_lube_reef_hotch.wav,hotch,hodge,hodge,0.999961853027344,0,Voicing,final,m1,B4_nac,75d0914c3f9fd46ffcc721e511533829
data/audio/level_normalized_26dbfs_w_concat_carrier_phrase_2/B5_asr_bn/growth_gross_show_strobe_jilt_so.wav,so,show,so,0.999025702476501,1,Compactness,initial,f1,B5_asr_bn,9999e961603bfd2d1cf99e45dde17988
data/audio/level_normalized_26dbfs_w_concat_carrier_phrase_2/clean/English/test-data/boss_thank_ridge_wroth_shim_boot.wav,boot,moot,boot,0.999829649925232,1,Nasality,initial,f2,clean,7429aa2e733444f1a3fd2abe7983c10c
data/audio/level_normalized_26dbfs_w_concat_carrier_phrase_2/B2_mcadams/shin_bed_so_trough_dank_knock.wav,knock,dock,knock,0.999999642372131,1,Nasality,initial,f2,B2_mcadams,f4fb1097db3da7de29cddd030939a191
data/audio/level_normalized_26dbfs_w_concat_carrier_phrase_2/B3_sttts/sheaf_pack_load_jaws_sheave_neck.wav,neck,deck,neck,0.999998569488525,1,Nasality,initial,f1,B3_sttts,7d8778627d8ff42735cea45e314b5874
data/audio/level_normalized_26dbfs_w_concat_carrier_phrase_2/B4_nac/wad_bong_though_live_knob_beg.wav,beg,bed,beg,0.999986529350281,1,Compactness,final,m1,B4_nac,349d6b60c3c731a125b263cd4862a2b8
data/audio/level_normalized_26dbfs_w_concat_carrier_phrase_2/B5_asr_bn/edge_rev_slav_tick_sheet_bib.wav,bib,big,bib,0.999362885951996,1,Compactness,final,m1,B5_asr_bn,fe05865981c0d043e85d075f196f7f3a
data/audio/level_normalized_26dbfs_w_concat_carrier_phrase_2/clean/English/test-data/nog_hop_met_shim_pond_mad.wav,mad,bad,mad,0.999973058700562,1,Nasality,initial,f1,clean,fd073852348e43bfd07a4bf84d7c3c69
data/audio/level_normalized_26dbfs_w_concat_carrier_phrase_2/B2_mcadams/nip_mode_reef_hotch_cop_mad.wav,mad,bad,mad,0.996946036815643,1,Nasality,initial,m2,B2_mcadams,d73244c1b1dd0bbfc9d84db2c6b994e2
data/audio/level_normalized_26dbfs_w_concat_carrier_phrase_2/B3_sttts/thin_troth_rich_wroth_guilt_vole.wav,vole,foal,foal,0.998863220214844,0,Voicing,initial,f2,B3_sttts,6275fef78c92a6714fe81a0760e50fb1
data/audio/level_normalized_26dbfs_w_concat_carrier_phrase_2/B4_nac/wed_strobe_clash_big_bean_knock.wav,knock,dock,knock,1.0,1,Nasality,initial,m2,B4_nac,ea4dd3d164859d44fd37b3f7b1a1952c
data/audio/level_normalized_26dbfs_w_concat_carrier_phrase_2/B5_asr_bn/broad_dupe_hotch_brawn_web_tool.wav,tool,pool,tool,1.0,1,Graveness,initial,m2,B5_asr_bn,6bb8603f321742ce668e2b98eb6fd087
data/audio/TTS_Qwen/strode_Ryan.wav,strode,strobe,strode,0.999996423721313,1,Graveness,final,TTS_Ryan,TTS_Qwen,c8c2c755189397e913441a85d6eff69c
data/audio/level_normalized_26dbfs_w_concat_carrier_phrase_2/clean/English/test-data/hotch_lube_web_hodge_loop_coo.wav,coo,chew,coo,0.999993920326233,1,Sibilation,initial,m1,clean,a44227a8f5b4b8e1c582d3c46e329c56
data/audio/level_normalized_26dbfs_w_concat_carrier_phrase_2/B2_mcadams/nog_broad_moan_cop_chop_though.wav,though,dough,though,0.909127056598663,1,Sustention,initial,f1,B2_mcadams,c2fcc5e48cec6b28d07488ec17b3cc55
data/audio/level_normalized_26dbfs_w_concat_carrier_phrase_2/B3_sttts/thank_screed_dank_chop_wield_dock.wav,dock,knock,dock,0.95304948091507,1,Nasality,initial,m2,B3_sttts,f79267a5279d9ba70c596d04127d4258
data/audio/level_normalized_26dbfs_w_concat_carrier_phrase_2/B4_nac/jilt_fin_foal_fore_thor_ridge.wav,ridge,rich,ridge,0.999998450279236,1,Voicing,final,f1,B4_nac,02d741c6e5eee79095a62e9ba55d51a3
data/audio/level_normalized_26dbfs_w_concat_carrier_phrase_2/B5_asr_bn/dong_chin_seed_beat_sheaf_thick.wav,thick,tick,thick,0.999548852443695,1,Sustention,initial,m1,B5_asr_bn,066808ce7d0800dbefae6dad188280bb
data/audio/level_normalized_26dbfs_w_concat_carrier_phrase_2/clean/English/test-data/cheat_moot_pence_guilt_jilt_gross.wav,gross,growth,gross,1.0,1,Sibilation,final,m2,clean,104ecd2a0aad980e098e105e32d4c95a
data/audio/level_normalized_26dbfs_w_concat_carrier_phrase_2/B2_mcadams/brogue_choose_moss_got_calf_fore.wav,fore,thor,fore,0.999436557292938,1,Graveness,initial,f2,B2_mcadams,9b82d4e908b87b03a4b052aa28b29afb
data/audio/level_normalized_26dbfs_w_concat_carrier_phrase_2/B3_sttts/broad_duke_though_dough_wad_moan.wav,moan,mode,moan,0.56319659948349,1,Nasality,final,f2,B3_sttts,074b948dfdf826b5978375192b6f6175
data/audio/level_normalized_26dbfs_w_concat_carrier_phrase_2/B4_nac/pence_growth_bag_bank_sank_foal.wav,foal,vole,foal,0.999999046325684,1,Voicing,initial,f1,B4_nac,0ef71aa61f58859195e4b9250a31a4b5
data/audio/level_normalized_26dbfs_w_concat_carrier_phrase_2/B5_asr_bn/nip_mode_reef_hotch_cop_mad.wav,mad,bad,mad,0.99985134601593,1,Nasality,initial,m2,B5_asr_bn,342c0db7ec246b9650b8494cb96eb4e6
data/audio/level_normalized_26dbfs_w_concat_carrier_phrase_2/clean/English/test-data/class_vole_troth_big_moot_goof.wav,goof,goop,goof,0.999812424182892,1,Sustention,final,f2,clean,4523894ec7a4783f18887dd97117f394
data/audio/level_normalized_26dbfs_w_concat_carrier_phrase_2/B2_mcadams/nog_bond_gawp_you_beat_loom.wav,loom,loon,loom,0.999788701534271,1,Graveness,final,f1,B2_mcadams,43d4014b81a07f311adf310916502b85
data/audio/level_normalized_26dbfs_w_concat_carrier_phrase_2/clean/English/test-data/edge_rev_slav_tick_sheet_bib.wav,bib,big,bib,0.99999988079071,1,Compactness,final,m1,clean,f121713b4e3dc44f772669ab2807cb84
data/audio/level_normalized_26dbfs_w_concat_carrier_phrase_2/B2_mcadams/miss_cheat_daunt_teak_cap_net.wav,net,met,net,0.999671816825867,1,Graveness,initial,f2,B2_mcadams,e90eb49f27def295fc9700c79dd7eadd
data/audio/level_normalized_26dbfs_w_concat_carrier_phrase_2/B3_sttts/vole_bond_peak_noon_sheet_thee.wav,thee,zee,thee,0.998601019382477,1,Sibilation,initial,m2,B3_sttts,fcd41f4fa04d2860b451b3f451fa991b
data/audio/level_normalized_26dbfs_w_concat_carrier_phrase_2/B4_nac/load_gem_foal_loop_taught_goop.wav,goop,goof,goop,0.999881863594055,1,Sustention,final,f1,B4_nac,26aa89fdab9967e63513f37a06e3f5b0
data/audio/level_normalized_26dbfs_w_concat_carrier_phrase_2/B5_asr_bn/goff_teak_neck_pack_beg_sues.wav,sues,soothe,soothe,0.985417306423187,0,Sibilation,final,m2,B5_asr_bn,bf4513ffeed43e2b823d087b98ac03df
data/audio/level_normalized_26dbfs_w_concat_carrier_phrase_2/clean/English/test-data/loss_choose_seed_fan_chair_notch.wav,notch,knock,notch,0.999973773956299,1,Sibilation,final,m2,clean,42ef2513be498cc8aa6be671a2f723b0
data/audio/level_normalized_26dbfs_w_concat_carrier_phrase_2/B2_mcadams/care_zee_flesh_got_soothe_chair.wav,chair,care,care,0.760861396789551,0,Sibilation,initial,m1,B2_mcadams,5d9a0116c7111f0c0a9d18cefb2d1ae5
data/audio/level_normalized_26dbfs_w_concat_carrier_phrase_2/B3_sttts/bob_hot_flawed_teak_mad_nude.wav,nude,noon,noon,0.731464684009552,0,Nasality,final,f1,B3_sttts,668b5008c7ddc6d0811049a3695512c6
data/audio/level_normalized_26dbfs_w_concat_carrier_phrase_2/B4_nac/dan_sheaf_shin_tool_than_tong.wav,tong,thong,thong,0.96747612953186,0,Sustention,initial,f1,B4_nac,43d9f564975b2047a37f41177bdb615e
data/audio/level_normalized_26dbfs_w_concat_carrier_phrase_2/B5_asr_bn/reef_mode_keg_chew_cap_wad.wav,wad,rod,wad,0.994379818439484,1,Graveness,initial,f1,B5_asr_bn,6b07edc56a5ee4da5699eeb378c4c5a4
data/audio/level_normalized_26dbfs_w_concat_carrier_phrase_2/clean/English/test-data/tick_teak_flawed_gauze_peak_neck.wav,neck,deck,neck,1.0,1,Nasality,initial,m1,clean,e6b0047f67e85505723d8e7df457e7d3
data/audio/level_normalized_26dbfs_w_concat_carrier_phrase_2/B2_mcadams/bomb_pool_you_loom_flawed_flesh.wav,flesh,fletch,flesh,0.630860388278961,1,Sustention,final,f1,B2_mcadams,28bad892de334a2f67df5ea21cb9e28c
data/audio/level_normalized_26dbfs_w_concat_carrier_phrase_2/B3_sttts/beg_rue_laws_wed_wad_dough.wav,dough,though,dough,0.999693751335144,1,Sustention,initial,m1,B3_sttts,dbaebe913ae3c81843e41073dec4f3ae
data/audio/level_normalized_26dbfs_w_concat_carrier_phrase_2/B4_nac/daunt_miss_clash_slav_chair_rat.wav,rat,rap,rat,0.999985337257385,1,Graveness,final,f1,B4_nac,a854da464050d049e9f761d6276a0f3e
data/audio/level_normalized_26dbfs_w_concat_carrier_phrase_2/B5_asr_bn/cop_mad_though_rod_tong_peg.wav,peg,keg,peg,0.999810993671417,1,Compactness,initial,m2,B5_asr_bn,b41908fd9f5f89e1a59ebe73d4293580
data/audio/level_normalized_26dbfs_w_concat_carrier_phrase_2/clean/English/test-data/seep_fletch_chin_chair_thor_care.wav,care,chair,care,0.999835610389709,1,Sibilation,initial,m2,clean,73b71854ad8e75fb9ee4de0ea2868ca1
data/audio/level_normalized_26dbfs_w_concat_carrier_phrase_2/B2_mcadams/though_laws_trough_gin_live_fence.wav,fence,pence,fence,0.999997615814209,1,Sustention,initial,f1,B2_mcadams,61ab8781d0f755f146270e3173a2839e
data/audio/level_normalized_26dbfs_w_concat_carrier_phrase_2/B3_sttts/dock_fin_screen_bond_bong_vole.wav,vole,foal,vole,0.988922953605652,1,Voicing,initial,m2,B3_sttts,2938bc27daf8956761354c62b44fbb66
data/audio/level_normalized_26dbfs_w_concat_carrier_phrase_2/B4_nac/chew_brogue_gawp_sheet_bank_loom.wav,loom,loon,loom,0.99999988079071,1,Graveness,final,m2,B4_nac,b493218abc0102442292069cab2c6cdd
data/audio/level_normalized_26dbfs_w_concat_carrier_phrase_2/B5_asr_bn/moot_bib_jeb_class_daunt_big.wav,big,bib,big,0.99999988079071,1,Compactness,final,f2,B5_asr_bn,444f687f98ff7f5c92005d8d08c641b7
data/audio/TTS_Qwen/thong_Ryan.wav,thong,tong,thong,0.999993681907654,1,Sustention,initial,TTS_Ryan,TTS_Qwen,e088c9ccd8c0d9ecd95f4877f88cd159
data/audio/level_normalized_26dbfs_w_concat_carrier_phrase_2/clean/English/test-data/pool_laws_though_breathe_live_cap.wav,cap,calf,cap,1.0,1,Sustention,final,m1,clean,bedd6e068d79abe95c8a7a2f3ee52f57
data/audio/level_normalized_26dbfs_w_concat_carrier_phrase_2/B2_mcadams/deck_bat_patch_teak_tick_peak.wav,peak,teak,teak,0.998047947883606,0,Graveness,initial,f2,B2_mcadams,217971255571c73b74cfd7019f037c2c
data/audio/level_normalized_26dbfs_w_concat_carrier_phrase_2/B3_sttts/sheet_duke_thick_pond_thor_zoo.wav,zoo,sue,sue,0.99053543806076,0,Voicing,initial,m2,B3_sttts,b3e6a5783d3e270feb4660bbfc1f8205
data/audio/level_normalized_26dbfs_w_concat_carrier_phrase_2/B4_nac/hop_bean_bong_peak_wield_nip.wav,nip,dip,dip,0.52165013551712,0,Nasality,initial,m2,B4_nac,ac8a12888a7a7a7223c8d46f5b3c4497
data/audio/level_normalized_26dbfs_w_concat_carrier_phrase_2/B5_asr_bn/flawed_load_rue_shin_loom_peen.wav,peen,bean,peen,0.990093410015106,1,Voicing,initial,f1,B5_asr_bn,0e782883ffd159bee337e9c308207e57
data/audio/TTS_Qwen/calf_Ryan.wav,calf,cap,calf,0.999991893768311,1,Sustention,final,TTS_Ryan,TTS_Qwen,acc55c5100fb601f1f4cf539088a3495
data/audio/level_normalized_26dbfs_w_concat_carrier_phrase_2/clean/English/test-data/rib_note_beg_got_bong_fletch.wav,fletch,flesh,fletch,0.998974680900574,1,Sustention,final,f2,clean,f680b02338697aaf48cc89e8a36b3e88
data/audio/level_normalized_26dbfs_w_concat_carrier_phrase_2/B2_mcadams/tick_neck_deck_myth_pack_rev.wav,rev,ref,rev,0.999826490879059,1,Voicing,final,f2,B2_mcadams,eef34d1e0722ac69dc6141737397c307
data/audio/level_normalized_26dbfs_w_concat_carrier_phrase_2/B3_sttts/brogue_wed_caught_wroth_ross_taught.wav,taught,caught,taught,0.999997138977051,1,Compactness,initial,m1,B3_sttts,a0bd990a8794a6c82c617bc4b19a5228
data/audio/level_normalized_26dbfs_w_concat_carrier_phrase_2/B4_nac/gauze_flog_than_fit_sheaf_load.wav,load,loathe,load,0.999921441078186,1,Sustention,final,f2,B4_nac,8f07b3d00dde4e634680db2934daee7a
data/audio/level_normalized_26dbfs_w_concat_carrier_phrase_2/B5_asr_bn/rod_egg_tong_lube_reef_hotch.wav,hotch,hodge,hotch,0.849776923656464,1,Voicing,final,m1,B5_asr_bn,5af1f224f86f6cd63d0d12903278bc6d
data/audio/level_normalized_26dbfs_w_concat_carrier_phrase_2/clean/English/test-data/tense_thin_box_moss_bat_seed.wav,seed,seethe,seed,0.999996304512024,1,Sustention,final,f1,clean,1637538e02164d9cbe5f5913d954ade2
data/audio/level_normalized_26dbfs_w_concat_carrier_phrase_2/B2_mcadams/laws_gat_zee_rat_teak_hotch.wav,hotch,hodge,hotch,0.683906257152557,1,Voicing,final,f1,B2_mcadams,2e56056f972c759f8996f28dd6d07f6a
data/audio/level_normalized_26dbfs_w_concat_carrier_phrase_2/B3_sttts/chair_moss_flesh_loss_soothe_zee.wav,zee,thee,zee,0.913702368736267,1,Sibilation,initial,m1,B3_sttts,33d91089f4ccfefd78428148f4056ecc
data/audio/level_normalized_26dbfs_w_concat_carrier_phrase_2/B4_nac/zoo_ref_flog_hop_neck_sheaf.wav,sheaf,sheave,sheaf,0.998905420303345,1,Voicing,final,f2,B4_nac,2229a50cff709be0c969540a34f36240
data/audio/level_normalized_26dbfs_w_concat_carrier_phrase_2/B5_asr_bn/moan_mad_rue_than_fletch_rim.wav,rim,rib,rim,0.999644994735718,1,Nasality,final,f1,B5_asr_bn,a09c61cc24610c0e5a3428f5e7662548
data/audio/level_normalized_26dbfs_w_concat_carrier_phrase_2/clean/English/test-data/sheave_growth_shoes_sheaf_gem_gawp.wav,gawp,goff,gawp,0.975669324398041,1,Sustention,final,m2,clean,0bef8a2a6d7bff65c8188e2a8d99089a
data/audio/level_normalized_26dbfs_w_concat_carrier_phrase_2/B2_mcadams/rib_note_beg_got_bong_fletch.wav,fletch,flesh,fletch,0.99342679977417,1,Sustention,final,f2,B2_mcadams,6bdb02e44fc64a3853232fef335548d0
data/audio/level_normalized_26dbfs_w_concat_carrier_phrase_2/B3_sttts/duke_wreath_hodge_breathe_tense_brawn.wav,brawn,broad,brawn,0.999639749526978,1,Nasality,final,m1,B3_sttts,afacb015869dee9bfaa6ae2521df48fd
data/audio/level_normalized_26dbfs_w_concat_carrier_phrase_2/B4_nac/seethe_oat_rue_big_dank_pool.wav,pool,tool,pool,0.999599993228912,1,Graveness,initial,m2,B4_nac,0ca5d96db9c8ec736e5ddab094805e43
data/audio/level_normalized_26dbfs_w_concat_carrier_phrase_2/B5_asr_bn/bong_broke_seethe_brogue_pack_rev.wav,rev,ref,rev,0.999570429325104,1,Voicing,final,m1,B5_asr_bn,e65d75333e82fdda8f3ea9bc4e8214ec
data/audio/level_normalized_26dbfs_w_concat_carrier_phrase_2/clean/English/test-data/pack_sheave_bomb_ref_than_hot.wav,hot,hop,hot,0.999999761581421,1,Graveness,final,f2,clean,78c797d09c624a0d5ca6bf1abaabfe24
data/audio/level_normalized_26dbfs_w_concat_carrier_phrase_2/B2_mcadams/dock_thin_vole_daunt_jeb_guilt.wav,guilt,jilt,guilt,0.999997019767761,1,Sibilation,initial,f2,B2_mcadams,9da2aad0d768a0544747b6beb98d9f89
data/audio/level_normalized_26dbfs_w_concat_carrier_phrase_2/B3_sttts/jeb_broke_fin_dot_rib_dong.wav,dong,bong,dong,0.999030828475952,1,Graveness,initial,f1,B3_sttts,2ce1782839517b07e9a54ba8c3f3b193
data/audio/level_normalized_26dbfs_w_concat_carrier_phrase_2/B4_nac/sheet_rich_guilt_moot_big_screed.wav,screed,screen,screed,0.99931538105011,1,Nasality,final,f2,B4_nac,6b3fe83234860e552db3c0508d3ddfe2
data/audio/level_normalized_26dbfs_w_concat_carrier_phrase_2/B5_asr_bn/chop_tong_thong_wad_hotch_keg.wav,keg,peg,keg,0.982881546020508,1,Compactness,initial,f1,B5_asr_bn,a5b093e5e8b8136d275e9dcc504714b6
data/audio/TTS_Qwen/growth_Ryan.wav,growth,gross,growth,0.999977588653564,1,Sibilation,final,TTS_Ryan,TTS_Qwen,1867a00dfc0d03d994fdeb2091ce5e1b
data/audio/level_normalized_26dbfs_w_concat_carrier_phrase_2/clean/English/test-data/zee_note_wield_thee_dough_chair.wav,chair,care,chair,1.0,1,Sibilation,initial,f1,clean,0bcbdbcfc95bd79c733b9d6535506f0e
data/audio/level_normalized_26dbfs_w_concat_carrier_phrase_2/B2_mcadams/pence_growth_bag_bank_sank_foal.wav,foal,vole,foal,0.999836444854736,1,Voicing,initial,f1,B2_mcadams,2319408812fc5b428c1f52e2e450325e
data/audio/level_normalized_26dbfs_w_concat_carrier_phrase_2/B3_sttts/shim_loom_broad_beat_patch_fletch.wav,fletch,flesh,fletch,0.605538487434387,1,Sustention,final,f1,B3_sttts,e9aba7c888531e4aa0fbc0133f212f43
data/audio/level_normalized_26dbfs_w_concat_carrier_phrase_2/B4_nac/ref_hit_sue_bat_flog_loom.wav,loom,loon,loom,0.999480426311493,1,Graveness,final,f2,B4_nac,980faf5e7bd125b40572d3f0ca72d9bc
data/audio/level_normalized_26dbfs_w_concat_carrier_phrase_2/B5_asr_bn/bank_loom_nude_dock_peak_load.wav,load,loathe,load,0.999735534191132,1,Sustention,final,m1,B5_asr_bn,dcecce8732e5eb7706bc116a869e2266
data/audio/level_normalized_26dbfs_w_concat_carrier_phrase_2/clean/English/test-data/tool_dupe_dip_wed_web_lib.wav,lib,live,lib,0.99998950958252,1,Sustention,final,f1,clean,48d9b334e4e324c3e3718143f2f02cb4
data/audio/level_normalized_26dbfs_w_concat_carrier_phrase_2/B2_mcadams/rich_dock_gem_moan_hop_duke.wav,duke,dupe,duke,0.963685870170593,1,Compactness,final,m2,B2_mcadams,3dec5aabc7b5e8fe0a57de81b43fb1a8
data/audio/level_normalized_26dbfs_w_concat_carrier_phrase_2/B3_sttts/lib_slav_you_bank_strobe_taunt.wav,taunt,daunt,taunt,0.999997735023499,1,Voicing,initial,m1,B3_sttts,121747d1b55338da4c9ef36be58e7cce
data/audio/level_normalized_26dbfs_w_concat_carrier_phrase_2/B4_nac/fletch_patch_oak_tool_wield_net.wav,net,met,net,0.999999761581421,1,Graveness,initial,f1,B4_nac,1d2506ad678ee549eb6e4308bc4ed802
data/audio/level_normalized_26dbfs_w_concat_carrier_phrase_2/B5_asr_bn/live_rod_brawn_moan_dip_tool.wav,tool,pool,tool,0.990346729755402,1,Graveness,initial,m1,B5_asr_bn,078f2744e181ea0bae2caedaf70b805f
data/audio/level_normalized_26dbfs_w_concat_carrier_phrase_2/clean/English/test-data/growth_wroth_class_bag_strode_sheet.wav,sheet,cheat,sheet,0.999989748001099,1,Sustention,initial,f2,clean,73aa42f62fde6e566d5f49ea2e9f0667
data/audio/level_normalized_26dbfs_w_concat_carrier_phrase_2/B2_mcadams/flawed_load_rue_shin_loom_peen.wav,peen,bean,peen,0.823378622531891,1,Voicing,initial,f1,B2_mcadams,efaaff2c4ca5886b0934f56a69945ec8
data/audio/level_normalized_26dbfs_w_concat_carrier_phrase_2/B3_sttts/pence_growth_bag_bank_sank_foal.wav,foal,vole,foal,0.999589860439301,1,Voicing,initial,f1,B3_sttts,a2d07e82730e1db5ff2786a2b5407ce2
data/audio/level_normalized_26dbfs_w_concat_carrier_phrase_2/B4_nac/thick_myth_pool_moan_go_oat.wav,oat,oak,oat,0.99996542930603,1,Compactness,final,m2,B4_nac,e8c83a5f2a063662f069c495a427a414
data/audio/level_normalized_26dbfs_w_concat_carrier_phrase_2/B5_asr_bn/bong_dock_gem_pool_reef_net.wav,net,met,net,0.99999988079071,1,Graveness,initial,m1,B5_asr_bn,3827261cc91a8647d6deda1e8af26688
data/audio/level_normalized_26dbfs_w_concat_carrier_phrase_2/clean/English/test-data/dock_fin_screen_bond_bong_vole.wav,vole,foal,vole,0.999997615814209,1,Voicing,initial,m2,clean,6f33bffaea5b8d13f024a7a95bc614f3
data/audio/level_normalized_26dbfs_w_concat_carrier_phrase_2/B2_mcadams/troth_bong_slav_dock_show_beg.wav,beg,bed,bed,0.984832108020782,0,Compactness,final,f2,B2_mcadams,5457750da3749b55297498aa432a98dc
data/audio/level_normalized_26dbfs_w_concat_carrier_phrase_2/B3_sttts/knob_bean_peg_chop_mad_cop.wav,cop,chop,cop,0.999936580657959,1,Sibilation,initial,m1,B3_sttts,b112fe044785a3a2955f754904fdaaef
data/audio/level_normalized_26dbfs_w_concat_carrier_phrase_2/B4_nac/clash_sank_jilt_broke_zoo_thin.wav,thin,fin,fin,0.934243619441986,0,Graveness,initial,m2,B4_nac,c0969ad1557aa5fd78f7a7f5eda1f431
data/audio/level_normalized_26dbfs_w_concat_carrier_phrase_2/B5_asr_bn/bomb_bat_gauze_joe_gat_nude.wav,nude,noon,nude,0.999999761581421,1,Nasality,final,m1,B5_asr_bn,f06e61fde8776f300ec3359b9a1756e1
data/audio/TTS_Qwen/soothe_Ryan.wav,soothe,sues,soothe,1.0,1,Sibilation,final,TTS_Ryan,TTS_Qwen,0ce593afc09d3800e596ddbe789f4a5c
data/audio/level_normalized_26dbfs_w_concat_carrier_phrase_2/clean/English/test-data/rap_taught_strode_shim_fad_clash.wav,clash,class,clash,0.99999725818634,1,Compactness,final,f2,clean,d7d67aa9a382680365bd439fa4574144
data/audio/level_normalized_26dbfs_w_concat_carrier_phrase_2/B2_mcadams/shin_calf_sheave_pence_trough_wreath.wav,wreath,reef,wreath,0.867005467414856,1,Graveness,final,m1,B2_mcadams,1b1bcba0126cdadb83026cf6dc651461
data/audio/level_normalized_26dbfs_w_concat_carrier_phrase_2/B3_sttts/peak_boot_bat_zoo_strode_sheaf.wav,sheaf,sheave,sheave,0.694799602031708,0,Voicing,final,m2,B3_sttts,d55a7685b7e8680db4aa26fa577b8a07
data/audio/level_normalized_26dbfs_w_concat_carrier_phrase_2/B3_sttts/duke_loon_dock_wield_thor_beat.wav,beat,meat,beat,0.999902129173279,1,Nasality,initial,m2,B3_sttts,dbe4fdcf2a130b31dc63dae239009512
data/audio/level_normalized_26dbfs_w_concat_carrier_phrase_2/B4_nac/shim_zee_chin_shin_duke_got.wav,got,dot,got,0.999989032745361,1,Compactness,initial,f2,B4_nac,8ba19cc2e54426d84c54518e72db13e1
data/audio/level_normalized_26dbfs_w_concat_carrier_phrase_2/B5_asr_bn/rib_note_beg_got_bong_fletch.wav,fletch,flesh,fletch,0.999582469463348,1,Sustention,final,f2,B5_asr_bn,d0207917b178652f92f22f957da8cdd6
data/audio/level_normalized_26dbfs_w_concat_carrier_phrase_2/clean/English/test-data/live_mode_lib_moan_chop_yield.wav,yield,wield,yield,1.0,1,Compactness,initial,m1,clean,84194357b1ece002a132e6c65874db8c
data/audio/level_normalized_26dbfs_w_concat_carrier_phrase_2/B2_mcadams/bob_slob_bond_bed_strode_rim.wav,rim,rib,rim,0.999994277954102,1,Nasality,final,m1,B2_mcadams,3a5d9052b2a027a41ffa70bc657ca345
data/audio/level_normalized_26dbfs_w_concat_carrier_phrase_2/B3_sttts/cop_bong_dough_chop_cap_pool.wav,pool,tool,pool,0.999601423740387,1,Graveness,initial,m1,B3_sttts,7a374d2c1b268766be5fb66969621810
data/audio/level_normalized_26dbfs_w_concat_carrier_phrase_2/B4_nac/breeze_clash_teak_loss_caught_sue.wav,sue,zoo,sue,0.999942183494568,1,Voicing,initial,f2,B4_nac,1977cc290813959f6d2684e2703dab95
data/audio/level_normalized_26dbfs_w_concat_carrier_phrase_2/B5_asr_bn/goof_big_fence_vole_thee_taught.wav,taught,caught,taught,0.994638502597809,1,Compactness,initial,f2,B5_asr_bn,a2f979501fe534f3aa4108097ad8ad21
data/audio/TTS_Qwen/got_Ryan.wav,got,dot,got,0.960222780704498,1,Compactness,initial,TTS_Ryan,TTS_Qwen,139c9d00ce0f45875a4e4f9e426a392a
data/audio/level_normalized_26dbfs_w_concat_carrier_phrase_2/B2_mcadams/mode_reef_peen_thong_egg_peg.wav,peg,keg,peg,0.999999761581421,1,Compactness,initial,f1,B2_mcadams,d12f5aeb678cedce7492f68fd5cadeff
data/audio/level_normalized_26dbfs_w_concat_carrier_phrase_2/B4_nac/chop_tong_thong_wad_hotch_keg.wav,keg,peg,keg,0.971127152442932,1,Compactness,initial,f1,B4_nac,30a5f69fa5aeb84bcff4ab271f5fad82
data/audio/level_normalized_26dbfs_w_concat_carrier_phrase_2/B5_asr_bn/goff_live_fence_laws_though_fin.wav,fin,thin,thin,0.721970736980438,0,Graveness,initial,f2,B5_asr_bn,c58363f1decd5538ec75c0ddd1d00ca8
data/audio/level_normalized_26dbfs_w_concat_carrier_phrase_2/clean/English/test-data/hop_zoo_pack_oat_jaws_gat.wav,gat,bat,gat,0.999982476234436,1,Compactness,initial,f1,clean,a79504de876d612755eb65993e09b44e
data/audio/level_normalized_26dbfs_w_concat_carrier_phrase_2/B3_sttts/sank_bag_sheet_moot_growth_dank.wav,dank,bank,bank,0.654204666614532,0,Graveness,initial,f1,B3_sttts,6643ec0b45fab5c6bd90a579802d1c10
data/audio/level_normalized_26dbfs_w_concat_carrier_phrase_2/B3_sttts/fletch_bong_box_fore_got_calf.wav,calf,cap,calf,0.977250397205353,1,Sustention,final,f1,B3_sttts,23899aa96b6a51893f88820326cf7635
data/audio/level_normalized_26dbfs_w_concat_carrier_phrase_2/B4_nac/foal_bank_sheet_wroth_screen_moot.wav,moot,boot,moot,0.999999046325684,1,Nasality,initial,f1,B4_nac,82b4d10ac18dd0f2b09f178a33bb348c
data/audio/level_normalized_26dbfs_w_concat_carrier_phrase_2/B5_asr_bn/sheet_loom_patch_bean_moot_ridge.wav,ridge,rich,ridge,0.999797284603119,1,Voicing,final,m2,B5_asr_bn,f5b6caae136090afee649754872d2418
data/audio/level_normalized_26dbfs_w_concat_carrier_phrase_2/clean/English/test-data/oak_peak_jilt_sue_slob_mode.wav,mode,moan,mode,0.999401807785034,1,Nasality,final,m1,clean,fa4414d691b534756fe0635569ccf36c
data/audio/level_normalized_26dbfs_w_concat_carrier_phrase_2/B2_mcadams/cheat_peak_jaws_loathe_wroth_jeb.wav,jeb,gem,jeb,0.999427974224091,1,Nasality,final,m2,B2_mcadams,151133b0ac97e3b202afeb2229f6f555
data/audio/level_normalized_26dbfs_w_concat_carrier_phrase_2/B3_sttts/moan_mad_rue_than_fletch_rim.wav,rim,rib,rim,0.978211164474487,1,Nasality,final,f1,B3_sttts,bbdece5c09b66dca9405dcf0603f5fdd
data/audio/level_normalized_26dbfs_w_concat_carrier_phrase_2/B4_nac/chair_loss_fore_thor_vox_dank.wav,dank,bank,bank,0.999843597412109,0,Graveness,initial,f2,B4_nac,66321da69f2e88b63778caa1d9520ba7
data/audio/level_normalized_26dbfs_w_concat_carrier_phrase_2/B5_asr_bn/fence_net_seethe_sue_teak_ross.wav,ross,wroth,ross,0.999956250190735,1,Sibilation,final,f1,B5_asr_bn,fe7917b0e080a73c1c1bb775d148f398
data/audio/TTS_Qwen/wield_Ryan.wav,wield,yield,wield,0.999995708465576,1,Compactness,initial,TTS_Ryan,TTS_Qwen,fc01efa4e0eb5942f2f5629255032fb6
data/audio/level_normalized_26dbfs_w_concat_carrier_phrase_2/clean/English/test-data/dong_choose_gat_go_beat_fad.wav,fad,fan,fad,0.999993801116943,1,Nasality,final,m2,clean,8fcc5a7d13d1581e54401001eb2d64c0
data/audio/level_normalized_26dbfs_w_concat_carrier_phrase_2/B2_mcadams/shin_vox_yield_shoes_soothe_shoes.wav,shoes,choose,shoes,0.99999988079071,1,Sustention,initial,f1,B2_mcadams,08003528c895999c5c5556384fadcb55
data/audio/level_normalized_26dbfs_w_concat_carrier_phrase_2/B3_sttts/dip_thee_reef_shoes_seek_notch.wav,notch,knock,notch,0.999996662139893,1,Sibilation,final,f1,B3_sttts,d839dcb76ec1c5a5974e2333ff1e1bbc
data/audio/level_normalized_26dbfs_w_concat_carrier_phrase_2/B4_nac/bob_nip_beat_pool_screed_sheave.wav,sheave,sheaf,sheave,0.999983668327332,1,Voicing,final,m2,B4_nac,59a8ac32e0235064fa110b35be2957d5
data/audio/level_normalized_26dbfs_w_concat_carrier_phrase_2/B5_asr_bn/wad_bong_though_live_knob_beg.wav,beg,bed,beg,0.747137010097504,1,Compactness,final,m1,B5_asr_bn,13083646b0dd174dec7d336a3b27f448
data/audio/level_normalized_26dbfs_w_concat_carrier_phrase_2/clean/English/test-data/rib_hot_chin_bomb_sue_gat.wav,gat,bat,gat,0.999519467353821,1,Compactness,initial,m1,clean,781b270a05063b8932bcfc53828e7b22
data/audio/level_normalized_26dbfs_w_concat_carrier_phrase_2/B2_mcadams/fletch_patch_oak_tool_wield_net.wav,net,met,net,0.999997973442078,1,Graveness,initial,f1,B2_mcadams,4fe4cee23e61fe0c5ad56fa4449f4437
data/audio/level_normalized_26dbfs_w_concat_carrier_phrase_2/B3_sttts/nog_hodge_bad_wed_cop_tense.wav,tense,dense,tense,0.99998927116394,1,Voicing,initial,f2,B3_sttts,10765ec2d605514285628a4e2aefdfd4
data/audio/level_normalized_26dbfs_w_concat_carrier_phrase_2/B4_nac/guilt_shim_strode_rue_ross_gaff.wav,gaff,calf,gaff,0.999999642372131,1,Voicing,initial,f2,B4_nac,42db312d0ddd2ef9749debd94dd71e40
data/audio/level_normalized_26dbfs_w_concat_carrier_phrase_2/B5_asr_bn/tool_tong_sheaf_loop_gawp_beat.wav,beat,meat,beat,0.999994516372681,1,Nasality,initial,f1,B5_asr_bn,62ee7f40e94692bb9c5e9a6e1e973d8f
data/audio/level_normalized_26dbfs_w_concat_carrier_phrase_2/clean/English/test-data/thin_thee_gauze_growth_tick_bib.wav,bib,big,bib,0.999999761581421,1,Compactness,final,m2,clean,52007c93f5887b5c82aa7122d73e89e2
data/audio/level_normalized_26dbfs_w_concat_carrier_phrase_2/B2_mcadams/slav_daunt_gaff_slob_bank_fad.wav,fad,fan,fad,0.992251217365265,1,Nasality,final,f1,B2_mcadams,ddc61ff723285944c71493c966c864ad
data/audio/level_normalized_26dbfs_w_concat_carrier_phrase_2/B3_sttts/bong_thor_strobe_dough_bank_chop.wav,chop,cop,chop,0.999998688697815,1,Sibilation,initial,m2,B3_sttts,b24c87629279325cfae12715e2fccdf0
data/audio/level_normalized_26dbfs_w_concat_carrier_phrase_2/B4_nac/loon_oak_loom_dan_nip_pond.wav,pond,bond,pond,0.999984741210938,1,Voicing,initial,f1,B4_nac,99f477b221806cb713c89fa49997fd8f
data/audio/level_normalized_26dbfs_w_concat_carrier_phrase_2/B5_asr_bn/patch_goop_sheave_duke_you_nude.wav,nude,noon,nude,0.999969244003296,1,Nasality,final,m2,B5_asr_bn,431b880419b175b994a89b3d7d76db8a
data/audio/level_normalized_26dbfs_w_concat_carrier_phrase_2/clean/English/test-data/reef_mode_keg_chew_cap_wad.wav,wad,rod,wad,0.999998092651367,1,Graveness,initial,f1,clean,247e9bc8bbbae1ab3130d3919b116115
data/audio/level_normalized_26dbfs_w_concat_carrier_phrase_2/B2_mcadams/fletch_calf_gin_peen_loss_fan.wav,fan,fad,fan,0.987639486789703,1,Nasality,final,m2,B2_mcadams,746e734ad0bcb59b0b3e7bbe0844efe5
data/audio/level_normalized_26dbfs_w_concat_carrier_phrase_2/B3_sttts/hot_teak_nog_flesh_lube_hop.wav,hop,hot,hot,0.999936699867249,0,Graveness,final,f1,B3_sttts,e4447fea9da568924bee83860c870e61
data/audio/level_normalized_26dbfs_w_concat_carrier_phrase_2/B4_nac/cheat_pond_bib_ref_goof_show.wav,show,so,show,0.999999523162842,1,Compactness,initial,m2,B4_nac,5427c1d7a7b081c2bc315a59fe26a08b
data/audio/level_normalized_26dbfs_w_concat_carrier_phrase_2/B5_asr_bn/jeb_show_beg_lib_brogue_growth.wav,growth,gross,growth,0.999974131584167,1,Sibilation,final,m1,B5_asr_bn,f32d288414def7ed795d42c09e03fcd3
data/audio/TTS_Qwen/noon_Ryan.wav,noon,nude,noon,0.999999761581421,1,Nasality,final,TTS_Ryan,TTS_Qwen,84264014583380cb98fa4cec6e83418e
data/audio/level_normalized_26dbfs_w_concat_carrier_phrase_2/clean/English/test-data/dough_nog_wreath_rod_bad_hodge.wav,hodge,hotch,hodge,0.999996781349182,1,Voicing,final,f1,clean,c531b2bbcf4a6e04ac6fc64a205c0ea1
data/audio/level_normalized_26dbfs_w_concat_carrier_phrase_2/B2_mcadams/so_tong_you_taught_bean_jeb.wav,jeb,gem,jeb,0.999558627605438,1,Nasality,final,m1,B2_mcadams,5a2a47c551020127987b2715b10b8dac
data/audio/level_normalized_26dbfs_w_concat_carrier_phrase_2/B3_sttts/dank_hit_back_broke_thank_moan.wav,moan,mode,moan,0.999632000923157,1,Nasality,final,m2,B3_sttts,a0711e4f9ae40b7f319c721521544ef5
data/audio/level_normalized_26dbfs_w_concat_carrier_phrase_2/B4_nac/myth_miss_go_neck_ref_noon.wav,noon,nude,noon,0.999967098236084,1,Nasality,final,f2,B4_nac,a2fa9eb23c67c09295d9cac66e5732c3
data/audio/level_normalized_26dbfs_w_concat_carrier_phrase_2/B5_asr_bn/sank_thin_miss_beat_sheet_laws.wav,laws,loss,laws,0.995324611663818,1,Voicing,final,f2,B5_asr_bn,343512642a4ee60b69c32abd5881fec5
data/audio/level_normalized_26dbfs_w_concat_carrier_phrase_2/clean/English/test-data/tick_oat_flawed_fit_dong_choose.wav,choose,shoes,choose,1.0,1,Sustention,initial,m1,clean,46c503670d007ff77435cdde940e8e7f
data/audio/level_normalized_26dbfs_w_concat_carrier_phrase_2/B2_mcadams/notch_vox_dan_jaws_than_seed.wav,seed,seethe,seed,0.999250113964081,1,Sustention,final,m1,B2_mcadams,e2221c63fb7f07b81907c9d52f8b8e67
data/audio/level_normalized_26dbfs_w_concat_carrier_phrase_2/B3_sttts/troth_bong_slav_dock_show_beg.wav,beg,bed,beg,0.999979972839355,1,Compactness,final,f2,B3_sttts,2a27078e05a557375f40c68de7914ec4
data/audio/level_normalized_26dbfs_w_concat_carrier_phrase_2/B4_nac/rib_dough_pool_rue_though_nip.wav,nip,dip,nip,0.99998152256012,1,Nasality,initial,m1,B4_nac,90d1e67a20b18b7ccd793ea9344e67b0
data/audio/level_normalized_26dbfs_w_concat_carrier_phrase_2/B5_asr_bn/bank_strode_sheet_sank_back_jilt.wav,jilt,guilt,jilt,0.9994757771492,1,Sibilation,initial,f1,B5_asr_bn,31f5098873a7ce8545568578eac13a77
data/audio/level_normalized_26dbfs_w_concat_carrier_phrase_2/clean/English/test-data/flog_vole_jilt_go_goof_sue.wav,sue,zoo,sue,0.999999761581421,1,Voicing,initial,m2,clean,2570ba54dc483d7ebb0e75b4f1e0fd75
data/audio/level_normalized_26dbfs_w_concat_carrier_phrase_2/B2_mcadams/though_dip_peen_lib_hodge_cap.wav,cap,calf,cap,1.0,1,Sustention,final,f2,B2_mcadams,ca29ca9ae9eb902d61226ef21305401a
data/audio/level_normalized_26dbfs_w_concat_carrier_phrase_2/B3_sttts/goop_bean_wed_strobe_so_tong.wav,tong,thong,tong,0.987277746200562,1,Sustention,initial,m2,B3_sttts,cf5e47344048177659d371eda4cb1a80
data/audio/level_normalized_26dbfs_w_concat_carrier_phrase_2/B4_nac/gin_got_zee_calf_shim_fore.wav,fore,thor,fore,0.999881386756897,1,Graveness,initial,m2,B4_nac,36e40aa52434c3ae364cdbc26755ce49
data/audio/level_normalized_26dbfs_w_concat_carrier_phrase_2/B5_asr_bn/neck_oat_dan_gat_than_fit.wav,fit,hit,fit,0.999990701675415,1,Compactness,initial,f1,B5_asr_bn,8268d1a74bf90b9052619dfa2b54e3bc
data/audio/level_normalized_26dbfs_w_concat_carrier_phrase_2/clean/English/test-data/shin_bed_so_trough_dank_knock.wav,knock,notch,knock,0.999998927116394,1,Sibilation,final,f1,clean,a17f878132f100158afee5a55d5d111e
data/audio/level_normalized_26dbfs_w_concat_carrier_phrase_2/B2_mcadams/shin_pence_calf_fad_trough_sheave.wav,sheave,sheaf,sheave,0.945285379886627,1,Voicing,final,m1,B2_mcadams,75817cde93fec94af569bcfd2b8726b5
data/audio/level_normalized_26dbfs_w_concat_carrier_phrase_2/B3_sttts/seep_seek_shim_screen_dote_screed.wav,screed,screen,screed,0.996704995632172,1,Nasality,final,m1,B3_sttts,9c4748652c6b0a71c0c720f943662614
data/audio/level_normalized_26dbfs_w_concat_carrier_phrase_2/B5_asr_bn/bob_rap_loom_tong_care_lube.wav,lube,loop,lube,0.908055424690247,1,Voicing,final,f1,B5_asr_bn,799dcd3ace69f7e0ae2da43edf6d45d1
data/audio/level_normalized_26dbfs_w_concat_carrier_phrase_2/clean/English/test-data/nip_lib_dip_load_go_bond.wav,bond,pond,bond,0.999999761581421,1,Voicing,initial,f2,clean,44fb5d8f6e2ba9d0b62f7ba0da4fe032
data/audio/level_normalized_26dbfs_w_concat_carrier_phrase_2/B2_mcadams/rod_egg_tong_lube_reef_hotch.wav,hotch,hodge,hotch,0.999177992343903,1,Voicing,final,m1,B2_mcadams,525b6ba0a5d4feda4d236d7de6c20b91
data/audio/level_normalized_26dbfs_w_concat_carrier_phrase_2/B3_sttts/rich_pence_moot_big_boot_bag.wav,bag,back,bag,0.996699273586273,1,Voicing,final,f1,B3_sttts,4b82d82b65721a709cf527ecb927cd5d
data/audio/level_normalized_26dbfs_w_concat_carrier_phrase_2/B4_nac/strobe_oat_fence_hop_net_bond.wav,bond,pond,bond,0.999985694885254,1,Voicing,initial,m1,B4_nac,25a40eabdd09a968f3a74aa260203458
data/audio/level_normalized_26dbfs_w_concat_carrier_phrase_2/B5_asr_bn/though_dip_peen_lib_hodge_cap.wav,cap,calf,cap,1.0,1,Sustention,final,f2,B5_asr_bn,ce8019e774ff8a7a00857a41ead8e8c3
data/audio/level_normalized_26dbfs_w_concat_carrier_phrase_2/clean/English/test-data/moan_bob_loom_mad_beat_broad.wav,broad,brawn,broad,0.999799311161041,1,Nasality,final,f1,clean,0f416bbe70876972f9a29b3feed9c82b
data/audio/level_normalized_26dbfs_w_concat_carrier_phrase_2/B2_mcadams/reef_wreath_got_zee_loss_dense.wav,dense,tense,tense,0.985444843769073,0,Voicing,initial,f1,B2_mcadams,a33ad91767b97954a3169181d42cf92b
data/audio/level_normalized_26dbfs_w_concat_carrier_phrase_2/B3_sttts/slob_care_clash_cheat_strode_back.wav,back,bag,back,0.999990463256836,1,Voicing,final,f2,B3_sttts,44670f153365b151d501f95017729415
data/audio/level_normalized_26dbfs_w_concat_carrier_phrase_2/B4_nac/chair_rat_loss_gaff_seed_sues.wav,sues,soothe,sues,0.997861325740814,1,Sibilation,final,m1,B4_nac,7a2469d70251144ce42aa7b7aeb59421
data/audio/level_normalized_26dbfs_w_concat_carrier_phrase_2/B5_asr_bn/strobe_oat_fence_hop_net_bond.wav,bond,pond,bond,0.997985601425171,1,Voicing,initial,m1,B5_asr_bn,87af9f05f68853e6c74dff7007609666
data/audio/TTS_Qwen/web_Ryan.wav,web,wed,web,1.0,1,Graveness,final,TTS_Ryan,TTS_Qwen,706494c181a7be47cddd275c8c666a03
data/audio/level_normalized_26dbfs_w_concat_carrier_phrase_2/clean/English/test-data/thick_thor_deck_fad_goff_gauze.wav,gauze,jaws,gauze,0.999999761581421,1,Sibilation,initial,m1,clean,db94abe353159df5f08aad03d7a7167c
data/audio/level_normalized_26dbfs_w_concat_carrier_phrase_2/B2_mcadams/cheat_pond_bib_ref_goof_show.wav,show,so,show,0.996622085571289,1,Compactness,initial,m2,B2_mcadams,5fefa3902dfc5d3897380a005135f138
data/audio/level_normalized_26dbfs_w_concat_carrier_phrase_2/B3_sttts/peen_rue_loon_met_patch_shin.wav,shin,shim,shin,0.999756157398224,1,Graveness,final,f1,B3_sttts,aedba76b0fc3cc53fe01c2451adbc5cc
data/audio/level_normalized_26dbfs_w_concat_carrier_phrase_2/B4_nac/neck_duke_net_reef_thin_fence.wav,fence,pence,fence,1.0,1,Sustention,initial,m2,B4_nac,5544240c2094dc23f9d1e02b82645537
data/audio/level_normalized_26dbfs_w_concat_carrier_phrase_2/B5_asr_bn/egg_so_growth_big_sank_ross.wav,ross,wroth,ross,0.999879717826843,1,Sibilation,final,m1,B5_asr_bn,ef4d4a7d1407f69c2bf522d2742d1f5f
data/audio/level_normalized_26dbfs_w_concat_carrier_phrase_2/clean/English/test-data/than_thin_growth_taunt_slav_meat.wav,meat,beat,meat,0.999408006668091,1,Nasality,initial,m2,clean,d87bb34be7dd063c96e528350fa974b4
data/audio/level_normalized_26dbfs_w_concat_carrier_phrase_2/B2_mcadams/bean_lube_dip_thong_edge_peen.wav,peen,bean,bean,0.983272910118103,0,Voicing,initial,m1,B2_mcadams,846746954505d84e5e08b32e69492b62
data/audio/level_normalized_26dbfs_w_concat_carrier_phrase_2/B3_sttts/net_bank_thick_duke_reef_bed.wav,bed,beg,bed,0.999998450279236,1,Compactness,final,m2,B3_sttts,068f9309a19c0899e820764bd3d2c010
data/audio/level_normalized_26dbfs_w_concat_carrier_phrase_2/B4_nac/gat_hit_go_sue_zoo_shin.wav,shin,shim,shin,0.999999523162842,1,Graveness,final,m2,B4_nac,1755ad779369a4ced92da7f73ec8a700
data/audio/level_normalized_26dbfs_w_concat_carrier_phrase_2/B5_asr_bn/fad_seethe_rat_sheave_bag_calf.wav,calf,cap,calf,0.963898062705994,1,Sustention,final,m1,B5_asr_bn,128a51f7e09bbf0b867d0c164defffeb
data/audio/level_normalized_26dbfs_w_concat_carrier_phrase_2/clean/English/test-data/moss_rib_notch_dote_brogue_thor.wav,thor,fore,thor,0.999999761581421,1,Graveness,initial,f1,clean,a72efec78474e6bc8a14ca202ec7cf5f
data/audio/level_normalized_26dbfs_w_concat_carrier_phrase_2/B2_mcadams/oak_bag_load_pond_hop_big.wav,big,bib,big,0.999555170536041,1,Compactness,final,m2,B2_mcadams,0ed84af54060f3e0ded4ccd22369bdd8
data/audio/level_normalized_26dbfs_w_concat_carrier_phrase_2/B4_nac/fore_shin_fence_bag_calf_pence.wav,pence,fence,pence,0.989653646945953,1,Sustention,initial,m1,B4_nac,93d43352818fe056c41d50d379fe3a92
data/audio/level_normalized_26dbfs_w_concat_carrier_phrase_2/B5_asr_bn/rod_bad_web_peen_moan_brawn.wav,brawn,broad,brawn,0.998278141021729,1,Nasality,final,m2,B5_asr_bn,92a3971aca38b4be6f81cd9879346aa7
data/audio/TTS_Qwen/shim_Ryan.wav,shim,shin,shim,0.999962449073792,1,Graveness,final,TTS_Ryan,TTS_Qwen,6187d41f94a4323e7cacad16aaa5074a
data/audio/level_normalized_26dbfs_w_concat_carrier_phrase_2/clean/English/test-data/neck_than_bat_sue_shin_go.wav,go,joe,go,1.0,1,Sibilation,initial,m1,clean,a77dfa9d642be5a7fea9b084dac43881
data/audio/level_normalized_26dbfs_w_concat_carrier_phrase_2/B2_mcadams/trough_chair_vox_big_rim_gem.wav,gem,jeb,gem,0.996029138565063,1,Nasality,final,f2,B2_mcadams,7025ea9601ae132c5d8f3af4a6845f62
data/audio/level_normalized_26dbfs_w_concat_carrier_phrase_2/B3_sttts/trough_fence_than_laws_thank_though.wav,though,dough,though,0.99265444278717,1,Sustention,initial,f2,B3_sttts,63349a9713a990e7853a333452d6abc1
data/audio/level_normalized_26dbfs_w_concat_carrier_phrase_2/B4_nac/dong_chin_seed_beat_sheaf_thick.wav,thick,tick,thick,0.999984264373779,1,Sustention,initial,m1,B4_nac,aa7a650f41a04ecd0ea4f8b3a4bb3d3e
data/audio/level_normalized_26dbfs_w_concat_carrier_phrase_2/B5_asr_bn/moot_sheet_loon_broke_sue_loop.wav,loop,lube,loop,0.99966037273407,1,Voicing,final,m2,B5_asr_bn,f088ee4949f2f373881c99134f38db1e
data/audio/level_normalized_26dbfs_w_concat_carrier_phrase_2/clean/English/test-data/sheaf_fit_hot_ref_hop_pack.wav,pack,patch,pack,1.0,1,Sibilation,final,f1,clean,a84801ddd6c31f4624e1a1431f2136ca
data/audio/level_normalized_26dbfs_w_concat_carrier_phrase_2/B2_mcadams/breathe_breeze_chair_vox_sues_zee.wav,zee,thee,zee,0.999979257583618,1,Sibilation,initial,f2,B2_mcadams,a2f1fc443b6c9cab53c3811963c59116
data/audio/level_normalized_26dbfs_w_concat_carrier_phrase_2/B3_sttts/slav_bag_zoo_goop_beat_oak.wav,oak,oat,oak,0.977193832397461,1,Compactness,final,m1,B3_sttts,5101adde682a61b8b84e24cb3ea02fde
data/audio/level_normalized_26dbfs_w_concat_carrier_phrase_2/B4_nac/dot_loss_shin_moss_broke_gin.wav,gin,chin,gin,0.999923944473267,1,Voicing,initial,f1,B4_nac,2b36e84720e672af7236ab64daaafa63
data/audio/level_normalized_26dbfs_w_concat_carrier_phrase_2/B5_asr_bn/fan_beg_gaff_loss_fore_so.wav,so,show,so,0.999999046325684,1,Compactness,initial,f2,B5_asr_bn,d38ff20f7c524814b57dd689cb294386
data/audio/level_normalized_26dbfs_w_concat_carrier_phrase_2/clean/English/test-data/than_goof_big_sank_bib_hot.wav,hot,hop,hot,0.999972581863403,1,Graveness,final,m2,clean,6388f3df615f9638ef2e329c45c68aa0
data/audio/level_normalized_26dbfs_w_concat_carrier_phrase_2/B2_mcadams/dip_though_reef_moan_cop_cap.wav,cap,calf,cap,0.999993085861206,1,Sustention,final,m2,B2_mcadams,bb3198d7069d1cd32c1fa8e81fcbe76a
data/audio/level_normalized_26dbfs_w_concat_carrier_phrase_2/B3_sttts/wed_strobe_clash_big_bean_knock.wav,knock,dock,knock,1.0,1,Nasality,initial,m1,B3_sttts,720519bafe7b48c3ae4d88d2cc7cc313
data/audio/level_normalized_26dbfs_w_concat_carrier_phrase_2/B4_nac/slob_big_tick_goff_zoo_gem.wav,gem,jeb,gem,0.99237847328186,1,Nasality,final,m2,B4_nac,ef8abfac2c634c1da5d8f94f7e18b37d
data/audio/level_normalized_26dbfs_w_concat_carrier_phrase_2/B5_asr_bn/moan_bob_loom_mad_beat_broad.wav,broad,brawn,broad,0.922250926494598,1,Nasality,final,f1,B5_asr_bn,bb4b87466b851ffde48a3ad60f6a8e8c
data/audio/level_normalized_26dbfs_w_concat_carrier_phrase_2/clean/English/test-data/shin_bed_so_trough_dank_knock.wav,knock,notch,knock,0.999998927116394,1,Sibilation,final,f2,clean,a17f878132f100158afee5a55d5d111e
data/audio/level_normalized_26dbfs_w_concat_carrier_phrase_2/B2_mcadams/fore_note_box_got_beg_rib.wav,rib,rim,rib,0.988625407218933,1,Nasality,final,f1,B2_mcadams,4953a773e4aa8c064433939c546db769
data/audio/level_normalized_26dbfs_w_concat_carrier_phrase_2/B3_sttts/jeb_wroth_taunt_taught_goop_bib.wav,bib,big,big,0.663151919841766,0,Compactness,final,f2,B3_sttts,4fe1ee9f7a99f3dffe55742f2077249f
data/audio/level_normalized_26dbfs_w_concat_carrier_phrase_2/B4_nac/dip_strobe_knock_nog_slav_brogue.wav,brogue,broke,brogue,0.99205094575882,1,Voicing,final,m2,B4_nac,ea331df77997c17f0950416c13386670
data/audio/level_normalized_26dbfs_w_concat_carrier_phrase_2/B5_asr_bn/ross_rich_seep_care_shim_rap.wav,rap,rat,rap,0.999993562698364,1,Graveness,final,f2,B5_asr_bn,554d223b36f60c1b306ce6f97190584a
data/audio/TTS_Qwen/bed_Ryan.wav,bed,beg,bed,0.999995946884155,1,Compactness,final,TTS_Ryan,TTS_Qwen,bb6624991bdb09b09d852669715d5d6c
data/audio/level_normalized_26dbfs_w_concat_carrier_phrase_2/clean/English/test-data/beg_cap_loop_thong_rib_edge.wav,edge,egg,edge,0.99999988079071,1,Sibilation,final,m1,clean,59b105cf3a5305476c08b1a2460bd753
data/audio/level_normalized_26dbfs_w_concat_carrier_phrase_2/B2_mcadams/care_seed_rat_moss_fan_boss.wav,boss,moss,boss,0.999669194221497,1,Nasality,initial,m1,B2_mcadams,94b5bb1cbedbfe1ac95d8da20a19a2a9
data/audio/level_normalized_26dbfs_w_concat_carrier_phrase_2/B3_sttts/met_wed_mad_bob_bond_gem.wav,gem,jeb,gem,0.9979088306427,1,Nasality,final,f1,B3_sttts,eaab28f7b5b2ca88302372614172ec5d
data/audio/level_normalized_26dbfs_w_concat_carrier_phrase_2/B4_nac/flog_oat_go_joe_seed_myth.wav,myth,miss,myth,0.999974250793457,1,Sibilation,final,m1,B4_nac,cac8b90a8a401819379fed06812cad8e
data/audio/level_normalized_26dbfs_w_concat_carrier_phrase_2/B5_asr_bn/zoo_fit_sue_joe_hot_patch.wav,patch,pack,patch,0.999999523162842,1,Sibilation,final,f2,B5_asr_bn,d564b35bef914469d59bd861a460fd9e
data/audio/level_normalized_26dbfs_w_concat_carrier_phrase_2/clean/English/test-data/bomb_shin_miss_notch_thick_joe.wav,joe,go,joe,1.0,1,Sibilation,initial,m2,clean,38fcf48ad4a62091e8304bd62d2d3c5f
data/audio/level_normalized_26dbfs_w_concat_carrier_phrase_2/B2_mcadams/shim_yield_thee_bean_dough_breeze.wav,breeze,breathe,breeze,0.940756618976593,1,Sibilation,final,f1,B2_mcadams,335e9e02d711cc56a94d9344c2cd39e4
data/audio/level_normalized_26dbfs_w_concat_carrier_phrase_2/B3_sttts/you_daunt_thank_wreath_dip_knob.wav,knob,nog,knob,0.999988555908203,1,Compactness,final,m2,B3_sttts,9cf2dc172cef6c3dc3a570e97f28118a
data/audio/level_normalized_26dbfs_w_concat_carrier_phrase_2/B4_nac/moot_bib_jeb_class_daunt_big.wav,big,bib,big,0.999925136566162,1,Compactness,final,f2,B4_nac,3c1759eb94fb762ec46582062f8ac890
data/audio/level_normalized_26dbfs_w_concat_carrier_phrase_2/B5_asr_bn/gawp_sheaf_slav_growth_taunt_ross.wav,ross,wroth,ross,0.980272352695465,1,Sibilation,final,m2,B5_asr_bn,50ca19893ef63e10a85ff046fc37502e
data/audio/level_normalized_26dbfs_w_concat_carrier_phrase_2/clean/English/test-data/dough_chin_zee_vox_dot_chew.wav,chew,coo,chew,0.999999403953552,1,Sibilation,initial,f1,clean,e31efbfa030e7260b12767cb7db38ba9
data/audio/level_normalized_26dbfs_w_concat_carrier_phrase_2/B2_mcadams/hot_teak_nog_flesh_lube_hop.wav,hop,hot,hot,0.986190438270569,0,Graveness,final,f1,B2_mcadams,1b8d1932d45b0408231388247594f143
data/audio/level_normalized_26dbfs_w_concat_carrier_phrase_2/B3_sttts/clash_cheat_bed_ridge_goff_dan.wav,dan,than,dan,0.997212111949921,1,Sustention,initial,m2,B3_sttts,07bdfffd33c2cb00d801ff28c35c1234
data/audio/level_normalized_26dbfs_w_concat_carrier_phrase_2/B4_nac/vole_lube_goop_beat_back_thin.wav,thin,fin,thin,0.994280338287354,1,Graveness,initial,m1,B4_nac,71a5a4ed802708900c293ced4cfddf82
data/audio/level_normalized_26dbfs_w_concat_carrier_phrase_2/B5_asr_bn/gauze_zoo_dan_beat_patch_jaws.wav,jaws,gauze,jaws,0.999822080135345,1,Sibilation,initial,f1,B5_asr_bn,fd636f5bec0ddf9514791578e735e06c
data/audio/level_normalized_26dbfs_w_concat_carrier_phrase_2/clean/English/test-data/nog_rod_bean_though_wad_lube.wav,lube,loop,lube,0.999999403953552,1,Voicing,final,m1,clean,023dc746b7e0be975c0a25629e286aaf
data/audio/level_normalized_26dbfs_w_concat_carrier_phrase_2/B2_mcadams/bat_teak_beat_net_tick_caught.wav,caught,taught,caught,0.92600417137146,1,Compactness,initial,f1,B2_mcadams,7e77517d9091664fa31cd840377bfb8f
data/audio/level_normalized_26dbfs_w_concat_carrier_phrase_2/B3_sttts/pond_mad_rat_nip_wad_cop.wav,cop,chop,chop,0.994259238243103,0,Sibilation,initial,f2,B3_sttts,9ffe74d8d3fac2c141affd207605f810
data/audio/level_normalized_26dbfs_w_concat_carrier_phrase_2/B4_nac/rim_gem_bank_pond_go_bob.wav,bob,bomb,bob,0.999999403953552,1,Nasality,final,f2,B4_nac,87ecb02e9e17536288a3ffd7a6ce3a6d
data/audio/level_normalized_26dbfs_w_concat_carrier_phrase_2/B5_asr_bn/sues_seed_gaff_shoes_shin_loss.wav,loss,laws,loss,0.951899886131287,1,Voicing,final,m1,B5_asr_bn,3237b1560cd931c40d438998ebfe0bbc
data/audio/TTS_Qwen/bag_Ryan.wav,bag,back,bag,0.999432384967804,1,Voicing,final,TTS_Ryan,TTS_Qwen,b1e5cc9c640485ce8ab7938a5e19ad0e
data/audio/level_normalized_26dbfs_w_concat_carrier_phrase_2/clean/English/test-data/though_laws_trough_thank_fin_than.wav,than,dan,than,0.99952232837677,1,Sustention,initial,f1,clean,6c635350e4156b323a305c181991c91a
data/audio/level_normalized_26dbfs_w_concat_carrier_phrase_2/B2_mcadams/hodge_egg_peen_dense_bean_tong.wav,tong,thong,tong,0.999588191509247,1,Sustention,initial,f2,B2_mcadams,e6484a18953e0fcf786d4af9caa4ce63
data/audio/level_normalized_26dbfs_w_concat_carrier_phrase_2/B3_sttts/slob_laws_goop_rat_back_gross.wav,gross,growth,gross,0.999999642372131,1,Sibilation,final,f2,B3_sttts,317b285cd618cd1fcf7619f4861f1c5a
data/audio/level_normalized_26dbfs_w_concat_carrier_phrase_2/B5_asr_bn/seek_class_thick_laws_zee_teak.wav,teak,peak,teak,0.854756951332092,1,Graveness,initial,f2,B5_asr_bn,847ab22ef26ca48b9055a4e0a6ad583c
data/audio/level_normalized_26dbfs_w_concat_carrier_phrase_2/clean/English/test-data/cop_brogue_you_dock_sank_bad.wav,bad,mad,bad,0.999996066093445,1,Nasality,initial,m2,clean,6c1b5ea4f08b9b3fc33a8ed3e8097191
data/audio/level_normalized_26dbfs_w_concat_carrier_phrase_2/B2_mcadams/pence_screen_strode_growth_back_sank.wav,sank,thank,sank,0.666609525680542,1,Sibilation,initial,f2,B2_mcadams,60d7961c3b6637b2af1a0abe11600f52
data/audio/level_normalized_26dbfs_w_concat_carrier_phrase_2/B3_sttts/growth_so_strobe_gross_jilt_show.wav,show,so,show,0.999342501163483,1,Compactness,initial,f2,B3_sttts,0737af79e10607f543ea667668b4b64c
data/audio/level_normalized_26dbfs_w_concat_carrier_phrase_2/B4_nac/joe_sheave_ref_gat_load_zoo.wav,zoo,sue,zoo,0.99999988079071,1,Voicing,initial,f1,B4_nac,2e09395145ffa97f2d41e77d5ec7dab7
data/audio/level_normalized_26dbfs_w_concat_carrier_phrase_2/B5_asr_bn/egg_clash_slav_beg_trough_wed.wav,wed,web,wed,0.88903546333313,1,Graveness,final,m2,B5_asr_bn,314cf41165d544ea89ab8b53ed45cbcc
data/audio/level_normalized_26dbfs_w_concat_carrier_phrase_2/clean/English/test-data/hot_teak_nog_flesh_lube_hop.wav,hop,hot,hop,0.763928771018982,1,Graveness,final,f1,clean,cdc0879bef4729b2809a82b5e81474ce
data/audio/level_normalized_26dbfs_w_concat_carrier_phrase_2/B2_mcadams/bomb_beat_hit_teak_shin_patch.wav,patch,pack,patch,0.999982953071594,1,Sibilation,final,m1,B2_mcadams,beb8d23aaea5fa088d01f5f2e409a55c
data/audio/level_normalized_26dbfs_w_concat_carrier_phrase_2/B3_sttts/hodge_egg_peen_dense_bean_tong.wav,tong,thong,thong,0.987753927707672,0,Sustention,initial,f2,B3_sttts,6ee9f6bafa7084dcbf01b807cda898de
data/audio/level_normalized_26dbfs_w_concat_carrier_phrase_2/B4_nac/reef_mode_keg_chew_cap_wad.wav,wad,rod,wad,0.999833345413208,1,Graveness,initial,f1,B4_nac,22b9c7286caabf4433d6d081e975b5f6
data/audio/level_normalized_26dbfs_w_concat_carrier_phrase_2/B5_asr_bn/bond_noon_fletch_met_patch_nog.wav,nog,knob,nog,0.929454445838928,1,Compactness,final,f1,B5_asr_bn,ff579fc0d8edc837f9a6223e3e5504ca
data/audio/TTS_Qwen/chin_Ryan.wav,chin,gin,chin,0.999990582466125,1,Voicing,initial,TTS_Ryan,TTS_Qwen,03bd38fc05cc21e1f94b1b06a1c31668
data/audio/level_normalized_26dbfs_w_concat_carrier_phrase_2/clean/English/test-data/loathe_net_sheaf_sue_miss_ref.wav,ref,rev,ref,0.549788415431976,1,Voicing,final,m2,clean,a788edd22d9c09660a26c1fc8f517304
data/audio/level_normalized_26dbfs_w_concat_carrier_phrase_2/B2_mcadams/dip_back_goop_foal_taught_you.wav,you,rue,you,1.0,1,Compactness,initial,m2,B2_mcadams,6e9d2809c216c116a552bbce82499726
data/audio/level_normalized_26dbfs_w_concat_carrier_phrase_2/B3_sttts/zee_slob_seep_zoo_rat_slav.wav,slav,slob,slob,0.806501626968384,0,Sustention,final,f1,B3_sttts,55cc74208c11cc3a7ae92a6eac8c63a3
data/audio/level_normalized_26dbfs_w_concat_carrier_phrase_2/B4_nac/dot_tense_rat_fletch_laws_note.wav,note,dote,note,1.0,1,Nasality,initial,m2,B4_nac,11baa2f9e8a86bee38a55bdfb3e39ae6
data/audio/level_normalized_26dbfs_w_concat_carrier_phrase_2/B5_asr_bn/nog_dip_rap_duke_though_tong.wav,tong,thong,tong,0.989174127578735,1,Sustention,initial,m1,B5_asr_bn,e54eee802edbd23c7e3442a81c1d8652
data/audio/level_normalized_26dbfs_w_concat_carrier_phrase_2/clean/English/test-data/though_laws_thank_fence_fin_trough.wav,trough,troth,troth,0.993876039981842,0,Graveness,final,f1,clean,14986c6ad32bf21c0da180e25bdaf10e
data/audio/level_normalized_26dbfs_w_concat_carrier_phrase_2/B2_mcadams/daunt_troth_jeb_big_moot_rich.wav,rich,ridge,rich,0.999765932559967,1,Voicing,final,f2,B2_mcadams,7260ce793afb0980570fe6bd6b1cdd42
data/audio/level_normalized_26dbfs_w_concat_carrier_phrase_2/B3_sttts/sheaf_fit_hot_ref_hop_pack.wav,pack,patch,pack,0.999984622001648,1,Sibilation,final,f1,B3_sttts,a5e558d06bcc78ae9b7d323b26ea12ae
data/audio/level_normalized_26dbfs_w_concat_carrier_phrase_2/B4_nac/peen_zee_dot_loss_rap_gaff.wav,gaff,calf,gaff,0.999995708465576,1,Voicing,initial,m2,B4_nac,8481ae9b47a414d5471aa0d3f5350de1
data/audio/level_normalized_26dbfs_w_concat_carrier_phrase_2/B5_asr_bn/peen_breeze_though_keg_wreath_rod.wav,rod,wad,rod,0.999980926513672,1,Graveness,initial,m1,B5_asr_bn,c80c5b7d8ecddec8705719ce7efb6928
data/audio/level_normalized_26dbfs_w_concat_carrier_phrase_2/clean/English/test-data/load_gem_foal_loop_taught_goop.wav,goop,goof,goop,0.999753654003143,1,Sustention,final,f1,clean,55f77297e5a5d4120a003e80e5128780
data/audio/level_normalized_26dbfs_w_concat_carrier_phrase_2/B2_mcadams/growth_so_strobe_gross_jilt_show.wav,show,so,show,0.981190741062164,1,Compactness,initial,f2,B2_mcadams,bc650a3c73baa188396043099571ac08
data/audio/level_normalized_26dbfs_w_concat_carrier_phrase_2/B5_asr_bn/goop_goof_ross_bag_bank_seep.wav,seep,seek,seep,0.999699234962463,1,Compactness,final,f2,B5_asr_bn,e3a86d6a781064fa399e47125ddf0e1f
data/audio/level_normalized_26dbfs_w_concat_carrier_phrase_2/clean/English/test-data/breathe_breeze_chair_vox_sues_zee.wav,zee,thee,zee,0.999995350837708,1,Sibilation,initial,f2,clean,cdbf23aadf0d12207135dc7f0ddce08e
data/audio/level_normalized_26dbfs_w_concat_carrier_phrase_2/B2_mcadams/pack_sheave_bomb_ref_than_hot.wav,hot,hop,hot,0.999998092651367,1,Graveness,final,f2,B2_mcadams,00ab337c28b300f0d2081d929539489b
data/audio/level_normalized_26dbfs_w_concat_carrier_phrase_2/B3_sttts/bag_screen_loon_back_joe_brawn.wav,brawn,broad,brawn,0.999999284744263,1,Nasality,final,f2,B3_sttts,1655493ae0bd2e561d207c2e14983162
data/audio/level_normalized_26dbfs_w_concat_carrier_phrase_2/B4_nac/troth_bong_slav_dock_show_beg.wav,beg,bed,beg,0.999779522418976,1,Compactness,final,f2,B4_nac,d47b681010c5a199e92c868e3b1efb5e
data/audio/level_normalized_26dbfs_w_concat_carrier_phrase_2/B5_asr_bn/hotch_lube_web_hodge_loop_coo.wav,coo,chew,coo,0.939684331417084,1,Sibilation,initial,m1,B5_asr_bn,3fca2162541e200dc2580a95703b823f
data/audio/level_normalized_26dbfs_w_concat_carrier_phrase_2/clean/English/test-data/bat_slob_sheet_sank_thick_clash.wav,clash,class,clash,0.999999761581421,1,Compactness,final,f1,clean,12a3a714ee39d6f5dc1caeadb58fe676
data/audio/level_normalized_26dbfs_w_concat_carrier_phrase_2/B2_mcadams/zoo_taunt_hit_cheat_slob_flawed.wav,flawed,flog,flog,0.929445564746857,0,Compactness,final,m2,B2_mcadams,2d8855821c07c6ad0dd008e4c06bb64e
data/audio/level_normalized_26dbfs_w_concat_carrier_phrase_2/B3_sttts/peg_dough_moan_reef_though_keg.wav,keg,peg,peg,0.994530737400055,0,Compactness,initial,m2,B3_sttts,01743218c93ea372d61162fb986b97ea
data/audio/level_normalized_26dbfs_w_concat_carrier_phrase_2/B4_nac/trough_jilt_guilt_gross_so_cheat.wav,cheat,sheet,cheat,0.99999988079071,1,Sustention,initial,m2,B4_nac,8f56ba322584c1cd7192c2d64fbcfda1
data/audio/level_normalized_26dbfs_w_concat_carrier_phrase_2/B5_asr_bn/boot_sank_guilt_dock_sheet_back.wav,back,bag,back,0.999922871589661,1,Voicing,final,f1,B5_asr_bn,d3853f8e1813ab1cf45993a318d6216d
data/audio/TTS_Qwen/goof_Ryan.wav,goof,goop,goof,0.99949312210083,1,Sustention,final,TTS_Ryan,TTS_Qwen,5770b89868225f2e385556d1ed7bb8ad
data/audio/level_normalized_26dbfs_w_concat_carrier_phrase_2/clean/English/test-data/flog_joe_beat_fit_gauze_sheave.wav,sheave,sheaf,sheave,0.999886631965637,1,Voicing,final,f1,clean,c5f23f16de022f5e977293b3c2f650d0
data/audio/level_normalized_26dbfs_w_concat_carrier_phrase_2/B2_mcadams/thin_troth_rich_wroth_guilt_vole.wav,vole,foal,vole,0.996384143829346,1,Voicing,initial,f2,B2_mcadams,dcd5941175c8f8e3f4e3acc44db6b36e
data/audio/level_normalized_26dbfs_w_concat_carrier_phrase_2/B3_sttts/rod_egg_tong_lube_reef_hotch.wav,hotch,hodge,hodge,0.66952645778656,0,Voicing,final,m1,B3_sttts,cae43324af9d965535253df1d8c8f308
data/audio/level_normalized_26dbfs_w_concat_carrier_phrase_2/B4_nac/neck_oat_dan_gat_than_fit.wav,fit,hit,fit,0.999719083309174,1,Compactness,initial,f1,B4_nac,29ae7883f2b59f4d5641176c58014f0f
data/audio/level_normalized_26dbfs_w_concat_carrier_phrase_2/B5_asr_bn/bong_dock_slav_beg_show_vole.wav,vole,foal,vole,0.999998927116394,1,Voicing,initial,f1,B5_asr_bn,7ea28a2bf70881f15fd2f4e1bc391f44
data/audio/level_normalized_26dbfs_w_concat_carrier_phrase_2/clean/English/test-data/pack_sue_flog_gauze_hit_dong.wav,dong,bong,dong,0.999997496604919,1,Graveness,initial,m2,clean,c71369d6c26c3379a045e27ffb4439ff
data/audio/level_normalized_26dbfs_w_concat_carrier_phrase_2/B2_mcadams/though_fin_thank_fence_laws_gin.wav,gin,chin,chin,0.940571904182434,0,Voicing,initial,f2,B2_mcadams,fcd00423033900f8edeb6f1d89cb7af2
data/audio/level_normalized_26dbfs_w_concat_carrier_phrase_2/B3_sttts/fan_loss_chair_gawp_dong_moss.wav,moss,boss,boss,0.98752635717392,0,Nasality,initial,f2,B3_sttts,a30dd6750c43857abb73e8e7e8886936
data/audio/level_normalized_26dbfs_w_concat_carrier_phrase_2/B4_nac/foal_growth_big_strode_ref_goof.wav,goof,goop,goof,0.929893791675568,1,Sustention,final,m2,B4_nac,8c56fc2ec1efc1fd28924f8fbb757287
data/audio/level_normalized_26dbfs_w_concat_carrier_phrase_2/B5_asr_bn/got_box_note_beg_bong_fore.wav,fore,thor,fore,0.882303953170776,1,Graveness,initial,f1,B5_asr_bn,d434bc876b03f1a760ead57289f41713
data/audio/level_normalized_26dbfs_w_concat_carrier_phrase_2/clean/English/test-data/tick_seep_cheat_seethe_thin_thick.wav,thick,tick,thick,0.999371230602264,1,Sustention,initial,f1,clean,8ca83243b04853549b7f78a697fbfe0c
data/audio/level_normalized_26dbfs_w_concat_carrier_phrase_2/B2_mcadams/laws_zee_sue_seed_sheet_sank.wav,sank,thank,sank,0.734236776828766,1,Sibilation,initial,f1,B2_mcadams,b54d9ddbb28a74f6250cf6dff79508a1
data/audio/level_normalized_26dbfs_w_concat_carrier_phrase_2/B2_mcadams/pence_wreath_shin_bag_calf_fence.wav,fence,pence,pence,0.999996185302734,0,Sustention,initial,m1,B2_mcadams,5083d15caec3bb7a8611d630d02f22e2
data/audio/level_normalized_26dbfs_w_concat_carrier_phrase_2/B3_sttts/than_loon_patch_ridge_neck_bank.wav,bank,dank,bank,1.0,1,Graveness,initial,m2,B3_sttts,b60605efde1ee0b1a2db3276044d7b23
data/audio/level_normalized_26dbfs_w_concat_carrier_phrase_2/B4_nac/fence_laws_trough_live_than_thank.wav,thank,sank,thank,0.76734858751297,1,Sibilation,initial,f1,B4_nac,dff5cc8952c64c24822e24eb493ef66a
data/audio/level_normalized_26dbfs_w_concat_carrier_phrase_2/B5_asr_bn/beg_rue_laws_wed_wad_dough.wav,dough,though,dough,0.999462902545929,1,Sustention,initial,m1,B5_asr_bn,f748fb0069e37e4c4439542b2d80cc88
data/audio/level_normalized_26dbfs_w_concat_carrier_phrase_2/clean/English/test-data/flawed_load_rue_shin_loom_peen.wav,peen,bean,peen,0.999992609024048,1,Voicing,initial,f1,clean,53a0e19bc94392a5ddb15e51d0fa6568
data/audio/level_normalized_26dbfs_w_concat_carrier_phrase_2/B2_mcadams/flog_oat_go_joe_seed_myth.wav,myth,miss,myth,0.697771549224854,1,Sibilation,final,m1,B2_mcadams,6728b77c101e0a1f26a52757edee9342
data/audio/level_normalized_26dbfs_w_concat_carrier_phrase_2/B3_sttts/rev_edge_pond_gauze_load_fad.wav,fad,fan,fad,0.999942183494568,1,Nasality,final,f2,B3_sttts,bbe798959581f9f32cfa712f0d392ce5
data/audio/level_normalized_26dbfs_w_concat_carrier_phrase_2/B4_nac/sheaf_zoo_peak_deck_sheave_hit.wav,hit,fit,hit,0.999929785728455,1,Compactness,initial,f2,B4_nac,4eb1ffa524fe1673cfcb8a126cc67156
data/audio/level_normalized_26dbfs_w_concat_carrier_phrase_2/B5_asr_bn/clash_sank_jilt_broke_zoo_thin.wav,thin,fin,thin,0.806796967983246,1,Graveness,initial,m2,B5_asr_bn,f70dc647bf042b9c96ca857088b59410
data/audio/level_normalized_26dbfs_w_concat_carrier_phrase_2/clean/English/test-data/sue_flog_bong_tick_clash_gem.wav,gem,jeb,gem,0.99619448184967,1,Nasality,final,m1,clean,a020187d71bc68e07a02d9b5e97b265b
data/audio/level_normalized_26dbfs_w_concat_carrier_phrase_2/B2_mcadams/broad_dupe_hotch_brawn_web_tool.wav,tool,pool,tool,0.999937057495117,1,Graveness,initial,m2,B2_mcadams,67c03b5cae1cc4da191054346910a9fc
data/audio/level_normalized_26dbfs_w_concat_carrier_phrase_2/B3_sttts/sheet_pence_class_wroth_sank_dock.wav,dock,knock,dock,0.999951958656311,1,Nasality,initial,f1,B3_sttts,4f9db9c63e8a391a1bc7e58e28ccccf2
data/audio/level_normalized_26dbfs_w_concat_carrier_phrase_2/B4_nac/wad_coo_though_live_keg_yield.wav,yield,wield,yield,0.998663783073425,1,Compactness,initial,m2,B4_nac,5b7a183f693409a66f9be2adee1b9b3c
data/audio/level_normalized_26dbfs_w_concat_carrier_phrase_2/B5_asr_bn/dense_calf_got_loss_zee_seep.wav,seep,seek,seep,0.997862875461578,1,Compactness,final,m2,B5_asr_bn,fb05e968cf8ea70e51efd0b095cf2fbb
data/audio/TTS_Qwen/bad_Ryan.wav,bad,mad,bad,0.999999642372131,1,Nasality,initial,TTS_Ryan,TTS_Qwen,1a48ded7239255986a36f3b9a40d6a32
data/audio/level_normalized_26dbfs_w_concat_carrier_phrase_2/clean/English/test-data/clash_cheat_bed_ridge_goff_dan.wav,dan,than,dan,0.999888777732849,1,Sustention,initial,m2,clean,5f29aa50daafd5177a6016fba3904f3f
data/audio/level_normalized_26dbfs_w_concat_carrier_phrase_2/B2_mcadams/broad_mad_hotch_hodge_pool_dense.wav,dense,tense,tense,0.979758501052856,0,Voicing,initial,m2,B2_mcadams,c46f8a0013d4ec02c3fc870b89a464fb
data/audio/level_normalized_26dbfs_w_concat_carrier_phrase_2/B3_sttts/ross_loathe_big_gawp_fit_jilt.wav,jilt,guilt,jilt,0.9982830286026,1,Sibilation,initial,m2,B3_sttts,6555070da22c8f7390310db361e5e03e
data/audio/level_normalized_26dbfs_w_concat_carrier_phrase_2/B4_nac/calf_got_gaff_seek_gem_rib.wav,rib,rim,rib,0.99977058172226,1,Nasality,final,f2,B4_nac,76d0d402020f4aef1175e3efb21fc4ff
data/audio/level_normalized_26dbfs_w_concat_carrier_phrase_2/B5_asr_bn/dip_back_goop_foal_taught_you.wav,you,rue,you,0.999999761581421,1,Compactness,initial,m2,B5_asr_bn,839c938d56d0b2db863e8bf5d5cea7b9
data/audio/level_normalized_26dbfs_w_concat_carrier_phrase_2/clean/English/test-data/breeze_chew_peen_hodge_duke_breathe.wav,breathe,breeze,breathe,0.999921321868896,1,Sibilation,final,m1,clean,eac2c216e405ce15733c2859e0ba5a10
data/audio/level_normalized_26dbfs_w_concat_carrier_phrase_2/B2_mcadams/than_hit_nude_hot_dong_thor.wav,thor,fore,thor,0.998870313167572,1,Graveness,initial,m1,B2_mcadams,039f6f6b523ec01b738540f0fec6cc6b
data/audio/level_normalized_26dbfs_w_concat_carrier_phrase_2/B3_sttts/egg_so_growth_big_sank_ross.wav,ross,wroth,ross,0.999511241912842,1,Sibilation,final,m1,B3_sttts,8d6271e45d6cd387f751bfe762fe286f
data/audio/level_normalized_26dbfs_w_concat_carrier_phrase_2/B4_nac/gem_hit_patch_bed_noon_myth.wav,myth,miss,myth,0.99999988079071,1,Sibilation,final,m2,B4_nac,2a88e6f1003c0190787cf27c829afa07
data/audio/level_normalized_26dbfs_w_concat_carrier_phrase_2/B4_nac/moss_loss_ross_cap_gat_zee.wav,zee,thee,zee,0.99999988079071,1,Sibilation,initial,f1,B4_nac,d3c4a1afcabc5eca0f91ac7667fe3ed6
data/audio/level_normalized_26dbfs_w_concat_carrier_phrase_2/B5_asr_bn/sheaf_flog_noon_goff_myth_peak.wav,peak,teak,peak,0.999998331069946,1,Graveness,initial,m1,B5_asr_bn,d8203b5aebdd5c3bd7910d194820ad6d
data/audio/TTS_Qwen/chew_Ryan.wav,chew,coo,chew,0.999998807907104,1,Sibilation,initial,TTS_Ryan,TTS_Qwen,c207ee7e88d162b287b2850da74a695c
data/audio/level_normalized_26dbfs_w_concat_carrier_phrase_2/clean/English/test-data/tense_nip_bean_loop_wad_reef.wav,reef,wreath,reef,0.992729246616364,1,Graveness,final,m1,clean,181a8be5c235ef9b179b9120fc83ed48
data/audio/level_normalized_26dbfs_w_concat_carrier_phrase_2/B2_mcadams/than_bank_bond_net_rev_bat.wav,bat,gat,bat,0.999999761581421,1,Compactness,initial,m2,B2_mcadams,b99ebc9534a278bbe8c4ec79c1f91d5c
data/audio/level_normalized_26dbfs_w_concat_carrier_phrase_2/B3_sttts/peen_dupe_wreath_yield_wed_tool.wav,tool,pool,tool,1.0,1,Graveness,initial,f2,B3_sttts,322beb1ba301a3f13b8ad24709246746
data/audio/level_normalized_26dbfs_w_concat_carrier_phrase_2/B4_nac/duke_loon_dock_wield_thor_beat.wav,beat,meat,beat,0.999906659126282,1,Nasality,initial,m2,B4_nac,62b98bf893cf414013c71c90a8b395f8
data/audio/level_normalized_26dbfs_w_concat_carrier_phrase_2/B5_asr_bn/rap_egg_rim_moan_edge_tense.wav,tense,dense,tense,0.999998211860657,1,Voicing,initial,m1,B5_asr_bn,1634852d306487cc180ad1790f6b0caf
data/audio/level_normalized_26dbfs_w_concat_carrier_phrase_2/clean/English/test-data/sue_go_flog_gauze_dan_fit.wav,fit,hit,fit,0.999979138374329,1,Compactness,initial,m1,clean,8b6b58229dddca818bcdba3097967a3d
data/audio/level_normalized_26dbfs_w_concat_carrier_phrase_2/B2_mcadams/vole_dock_fin_screen_bong_bond.wav,bond,pond,bond,0.999399304389954,1,Voicing,initial,m2,B2_mcadams,df8b3edfdbae1fb8ad38881bfb23c501
data/audio/level_normalized_26dbfs_w_concat_carrier_phrase_2/B3_sttts/bomb_noon_oat_than_dong_beat.wav,beat,meat,beat,0.999996304512024,1,Nasality,initial,m1,B3_sttts,92cb0f6ef0a42b017efe51d7fa35387e
data/audio/level_normalized_26dbfs_w_concat_carrier_phrase_2/B4_nac/load_nude_you_gem_nip_joe.wav,joe,go,joe,0.999913334846497,1,Sibilation,initial,f2,B4_nac,c707c9b68f4a82e2089f954852689ed2
data/audio/level_normalized_26dbfs_w_concat_carrier_phrase_2/B5_asr_bn/seed_calf_boss_chair_got_flesh.wav,flesh,fletch,flesh,0.999513149261475,1,Sustention,final,m1,B5_asr_bn,0d575cda2ac91f9e143341bf775b24a0
data/audio/level_normalized_26dbfs_w_concat_carrier_phrase_2/clean/English/test-data/wroth_jilt_bag_guilt_moot_strode.wav,strode,strobe,strode,1.0,1,Graveness,final,f1,clean,17081c950af8fc8dad46fb6092f84e03
data/audio/level_normalized_26dbfs_w_concat_carrier_phrase_2/B2_mcadams/nog_dip_rap_duke_though_tong.wav,tong,thong,tong,0.995410263538361,1,Sustention,initial,m1,B2_mcadams,54ad9061bab66254e38582c20636180c
data/audio/level_normalized_26dbfs_w_concat_carrier_phrase_2/B3_sttts/breathe_breeze_chair_vox_sues_zee.wav,zee,thee,zee,0.998970866203308,1,Sibilation,initial,f2,B3_sttts,1f62b1c5636f10fe651681ea08a6bf6a
data/audio/level_normalized_26dbfs_w_concat_carrier_phrase_2/B4_nac/neck_patch_gauze_hop_load_flog.wav,flog,flawed,flog,0.999865174293518,1,Compactness,final,f1,B4_nac,f0826cbb19534298b0e852e305c9838f
data/audio/level_normalized_26dbfs_w_concat_carrier_phrase_2/B5_asr_bn/zoo_patch_shin_soothe_tick_sue.wav,sue,zoo,zoo,0.681639909744263,0,Voicing,initial,m1,B5_asr_bn,e545d9da0b39c58af92edad848e83551
data/audio/level_normalized_26dbfs_w_concat_carrier_phrase_2/clean/English/test-data/hodge_egg_peen_dense_bean_tong.wav,tong,thong,tong,0.999978303909302,1,Sustention,initial,f2,clean,e64d27bd7d49e02053eb8f2140199dd7
data/audio/level_normalized_26dbfs_w_concat_carrier_phrase_2/B2_mcadams/slob_laws_goop_rat_back_gross.wav,gross,growth,gross,0.999997138977051,1,Sibilation,final,f2,B2_mcadams,3727d99fad0324a863b9109ee1ef4c07
data/audio/level_normalized_26dbfs_w_concat_carrier_phrase_2/B3_sttts/bond_flawed_nude_bib_you_strode.wav,strode,strobe,strode,0.999999642372131,1,Graveness,final,f2,B3_sttts,94167c4286656816d12e209d1be3e203
data/audio/level_normalized_26dbfs_w_concat_carrier_phrase_2/B4_nac/bob_hot_flawed_teak_mad_nude.wav,nude,noon,nude,1.0,1,Nasality,final,f1,B4_nac,f9088d9f6890a72ed1a374702db52674
data/audio/level_normalized_26dbfs_w_concat_carrier_phrase_2/B5_asr_bn/calf_fad_fore_sheave_rat_shin.wav,shin,shim,shin,0.999999761581421,1,Graveness,final,m1,B5_asr_bn,9f3803e7facd6dfb3235c693c8c6afe1
data/audio/TTS_Qwen/tick_Ryan.wav,tick,thick,tick,1.0,1,Sustention,initial,TTS_Ryan,TTS_Qwen,37c9e3e349479afd3757572bf736b099
data/audio/level_normalized_26dbfs_w_concat_carrier_phrase_2/B2_mcadams/oat_jaws_hop_thee_loop_broke.wav,broke,brogue,broke,0.953928112983704,1,Voicing,final,m1,B2_mcadams,00eaa73e5be39e1c4d1e941969334748
data/audio/level_normalized_26dbfs_w_concat_carrier_phrase_2/B3_sttts/goop_knob_wreath_class_jeb_sank.wav,sank,thank,sank,0.999673962593079,1,Sibilation,initial,m1,B3_sttts,7e966c04921e30625b691d2c63310a2b
data/audio/level_normalized_26dbfs_w_concat_carrier_phrase_2/B4_nac/jeb_class_wroth_dock_screed_troth.wav,troth,trough,trough,0.959455013275146,0,Graveness,final,f2,B4_nac,10719feb69db7e89128db8dee8e9bf58
data/audio/level_normalized_26dbfs_w_concat_carrier_phrase_2/B5_asr_bn/daunt_trough_so_bank_taunt_bag.wav,bag,back,bag,0.999664425849915,1,Voicing,final,m2,B5_asr_bn,7c8e9d4f7d0264b966a7578ff9acb059
data/audio/level_normalized_26dbfs_w_concat_carrier_phrase_2/clean/English/test-data/wed_bag_lib_back_goop_show.wav,show,so,show,0.99999988079071,1,Compactness,initial,m1,clean,759b09dc06d14575f7ba6c9fb8b3910e
data/audio/level_normalized_26dbfs_w_concat_carrier_phrase_2/B2_mcadams/box_screen_sank_so_boss_fletch.wav,fletch,flesh,fletch,0.983215630054474,1,Sustention,final,m1,B2_mcadams,8ec15ba0098cdc494a6e603ed99a3581
data/audio/level_normalized_26dbfs_w_concat_carrier_phrase_2/B3_sttts/tick_sank_than_jaws_class_wroth.wav,wroth,ross,wroth,0.966855883598328,1,Sibilation,final,m2,B3_sttts,c056955a0bd409efac916c86bca87893
data/audio/level_normalized_26dbfs_w_concat_carrier_phrase_2/B4_nac/shoes_dot_vox_notch_shin_dupe.wav,dupe,duke,dupe,0.999658703804016,1,Compactness,final,f1,B4_nac,5e3316b4edd695621478a1a5cc436f0c
data/audio/level_normalized_26dbfs_w_concat_carrier_phrase_2/B5_asr_bn/gauze_mad_oak_thee_bond_pond.wav,pond,bond,pond,0.999950170516968,1,Voicing,initial,f2,B5_asr_bn,26986c0d8ee952de0adbd13858ef8162
data/audio/level_normalized_26dbfs_w_concat_carrier_phrase_2/clean/English/test-data/clash_jaws_zee_chop_cheat_sheet.wav,sheet,cheat,sheet,0.996097147464752,1,Sustention,initial,f1,clean,3c90e95249ee066f7b848031fc9a2115
data/audio/level_normalized_26dbfs_w_concat_carrier_phrase_2/B2_mcadams/slob_care_clash_cheat_strode_back.wav,back,bag,back,0.998793721199036,1,Voicing,final,f2,B2_mcadams,1961952f320c94cb57c693728198d2cf
data/audio/level_normalized_26dbfs_w_concat_carrier_phrase_2/B3_sttts/fletch_bong_box_fore_got_calf.wav,calf,gaff,calf,0.999924182891846,1,Voicing,initial,f1,B3_sttts,23899aa96b6a51893f88820326cf7635
data/audio/level_normalized_26dbfs_w_concat_carrier_phrase_2/B4_nac/tool_breeze_mode_keg_hotch_coo.wav,coo,chew,coo,0.927320599555969,1,Sibilation,initial,m2,B4_nac,037b7364b468ef54d7f5bea19ab7d755
data/audio/level_normalized_26dbfs_w_concat_carrier_phrase_2/B5_asr_bn/hit_miss_beat_sue_teak_flawed.wav,flawed,flog,flog,0.995185554027557,0,Compactness,final,m1,B5_asr_bn,821858b53aac27f1bdb49cc7b7460cd5
data/audio/TTS_Qwen/moan_Ryan.wav,moan,mode,moan,0.999787747859955,1,Nasality,final,TTS_Ryan,TTS_Qwen,e39cc08b328b67c1026e6636ff9e34a5
data/audio/level_normalized_26dbfs_w_concat_carrier_phrase_2/clean/English/test-data/rev_edge_pond_gauze_load_fad.wav,fad,fan,fad,0.999995589256287,1,Nasality,final,f2,clean,0a5f76026b368464c7d7fcf0dd6892dd
data/audio/level_normalized_26dbfs_w_concat_carrier_phrase_2/B2_mcadams/foal_wroth_sank_ridge_jilt_daunt.wav,daunt,taunt,daunt,0.967670321464539,1,Voicing,initial,m2,B2_mcadams,a4bd5eb22ab7cd40c3415a33d6c5274b
data/audio/level_normalized_26dbfs_w_concat_carrier_phrase_2/B3_sttts/seethe_oat_rue_big_dank_pool.wav,pool,tool,pool,0.999999523162842,1,Graveness,initial,m2,B3_sttts,2b4dd8f033a25c1e472f209cdafa95ba
data/audio/level_normalized_26dbfs_w_concat_carrier_phrase_2/B4_nac/tick_myth_gauze_go_dong_pack.wav,pack,patch,pack,0.997733235359192,1,Sibilation,final,m1,B4_nac,02bac1e31dd753f9a04f26e880a87a66
data/audio/level_normalized_26dbfs_w_concat_carrier_phrase_2/B5_asr_bn/tick_zee_taunt_breeze_seed_fence.wav,fence,pence,fence,1.0,1,Sustention,initial,f2,B5_asr_bn,0b33b232b41f99c26ec7fd307898bfcb
data/audio/level_normalized_26dbfs_w_concat_carrier_phrase_2/clean/English/test-data/beat_oat_jaws_sheave_than_dan.wav,dan,than,dan,0.979718923568726,1,Sustention,initial,f2,clean,072a3cc1dd3b22ca7f72b1d747163ed8
data/audio/level_normalized_26dbfs_w_concat_carrier_phrase_2/B2_mcadams/clash_sank_jilt_broke_zoo_thin.wav,thin,fin,fin,0.983336985111237,0,Graveness,initial,m2,B2_mcadams,aed862965faab8de6ec4321e2a666671
data/audio/level_normalized_26dbfs_w_concat_carrier_phrase_2/B3_sttts/zee_note_wield_thee_dough_chair.wav,chair,care,chair,1.0,1,Sibilation,initial,f1,B3_sttts,3ff3a155279861489e3a27846275d3b0
data/audio/level_normalized_26dbfs_w_concat_carrier_phrase_2/B4_nac/shin_bed_so_trough_dank_knock.wav,knock,dock,knock,1.0,1,Nasality,initial,f2,B4_nac,e8e4af158b4ef4d88a35376956beb5d5
data/audio/level_normalized_26dbfs_w_concat_carrier_phrase_2/B4_nac/rue_pool_flawed_tong_net_yield.wav,yield,wield,yield,0.99999988079071,1,Compactness,initial,f1,B4_nac,01ea08dd41378409e12801bef9546049
data/audio/level_normalized_26dbfs_w_concat_carrier_phrase_2/B5_asr_bn/knock_trough_wreath_nog_bad_strobe.wav,strobe,strode,strobe,0.999955892562866,1,Graveness,final,m1,B5_asr_bn,b9cf22d496a8762be2ba9c29b6370c27
data/audio/TTS_Qwen/loop_Ryan.wav,loop,lube,loop,0.999996662139893,1,Voicing,final,TTS_Ryan,TTS_Qwen,cdd6a35af2070527a964baff1f9e13f9
data/audio/level_normalized_26dbfs_w_concat_carrier_phrase_2/clean/English/test-data/met_hop_than_care_you_rue.wav,rue,you,rue,0.979048609733582,1,Compactness,initial,f1,clean,a681f47e7c2dc20b03dfa175cee5c542
data/audio/level_normalized_26dbfs_w_concat_carrier_phrase_2/B2_mcadams/neck_seed_choose_jaws_pack_bomb.wav,bomb,bob,bomb,0.99987781047821,1,Nasality,final,m1,B2_mcadams,5d0761f6f0e2e740f577fe2db027ea2b
data/audio/level_normalized_26dbfs_w_concat_carrier_phrase_2/B3_sttts/notch_chair_wreath_loss_bean_seek.wav,seek,seep,seek,0.999809920787811,1,Compactness,final,f1,B3_sttts,c83a8a205b67fadd753cef3c5aa76d1e
data/audio/level_normalized_26dbfs_w_concat_carrier_phrase_2/B4_nac/bomb_nog_meat_pool_bob_dan.wav,dan,than,dan,0.9996657371521,1,Sustention,initial,f1,B4_nac,a42ff967573c9c5fec58eb8e431f265d
data/audio/level_normalized_26dbfs_w_concat_carrier_phrase_2/B5_asr_bn/tong_moan_care_rue_met_hot.wav,hot,hop,hot,0.999995708465576,1,Graveness,final,f1,B5_asr_bn,917f3db82f7f7de3a96cc7d62396ec8d
data/audio/level_normalized_26dbfs_w_concat_carrier_phrase_2/clean/English/test-data/pond_rim_nude_bomb_dock_noon.wav,noon,nude,noon,0.99857223033905,1,Nasality,final,m2,clean,2ca9ed6181fa66e4d24b56388cfc6f76
data/audio/level_normalized_26dbfs_w_concat_carrier_phrase_2/B2_mcadams/patch_goop_sheave_duke_you_nude.wav,nude,noon,nude,0.999528408050537,1,Nasality,final,m2,B2_mcadams,bc526ee2a0dacd13e8b54e4dbceb2a34
data/audio/level_normalized_26dbfs_w_concat_carrier_phrase_2/B3_sttts/fit_myth_loom_ref_hit_thick.wav,thick,tick,thick,0.999948859214783,1,Sustention,initial,f2,B3_sttts,3fdbbbcdfc75530792f4f57f1344b30b
data/audio/level_normalized_26dbfs_w_concat_carrier_phrase_2/B4_nac/so_knock_gross_thin_jilt_taught.wav,taught,caught,taught,0.999995231628418,1,Compactness,initial,m2,B4_nac,7b2c769c4f4d2d74762e6b27ef6d918b
data/audio/level_normalized_26dbfs_w_concat_carrier_phrase_2/B5_asr_bn/goop_brogue_bag_myth_pond_jilt.wav,jilt,guilt,jilt,0.999996304512024,1,Sibilation,initial,m1,B5_asr_bn,d8af4be25ca1837c8b42d0dca5b611c3
data/audio/level_normalized_26dbfs_w_concat_carrier_phrase_2/clean/English/test-data/you_daunt_thank_wreath_dip_knob.wav,knob,nog,knob,1.0,1,Compactness,final,m2,clean,a853b1bdb9b6be48c61b6b980ced5e9d
data/audio/level_normalized_26dbfs_w_concat_carrier_phrase_2/B2_mcadams/chair_loss_boss_note_sues_seed.wav,seed,seethe,seed,0.999039173126221,1,Sustention,final,m2,B2_mcadams,a5186d5256571f9a60cdf6103a20b3e7
data/audio/level_normalized_26dbfs_w_concat_carrier_phrase_2/B3_sttts/ridge_brogue_hop_bank_you_back.wav,back,bag,back,0.999965667724609,1,Voicing,final,m1,B3_sttts,8615e5418b0ae516be45cfdc97093c55
data/audio/level_normalized_26dbfs_w_concat_carrier_phrase_2/B4_nac/fletch_bong_box_fore_got_calf.wav,calf,gaff,calf,1.0,1,Voicing,initial,f1,B4_nac,aa05e0cb4416f3a12421075cf7aae98c
data/audio/level_normalized_26dbfs_w_concat_carrier_phrase_2/B5_asr_bn/neck_than_bat_sue_shin_go.wav,go,joe,go,1.0,1,Sibilation,initial,m1,B5_asr_bn,cdbcffc2e400524e4860dcbe337b214d
data/audio/level_normalized_26dbfs_w_concat_carrier_phrase_2/clean/English/test-data/sheet_loom_patch_bean_moot_ridge.wav,ridge,rich,ridge,0.999997854232788,1,Voicing,final,m2,clean,63ee3608dfe73efcb749354b0c46bd76
data/audio/level_normalized_26dbfs_w_concat_carrier_phrase_2/B2_mcadams/bong_vole_dock_troth_beg_show.wav,show,so,show,0.999713242053986,1,Compactness,initial,f1,B2_mcadams,522b56dc2aac0defa18c7e5c0033e69b
data/audio/level_normalized_26dbfs_w_concat_carrier_phrase_2/B3_sttts/broke_guilt_thin_taught_fence_goop.wav,goop,goof,goop,0.999626636505127,1,Sustention,final,f2,B3_sttts,04019b9bec401610c08484b58bed6db9
data/audio/level_normalized_26dbfs_w_concat_carrier_phrase_2/B4_nac/wield_bib_goof_bank_sheave_deck.wav,deck,neck,deck,1.0,1,Nasality,initial,m2,B4_nac,05a5d5597c68c45647c1437f00ce7323
data/audio/level_normalized_26dbfs_w_concat_carrier_phrase_2/B5_asr_bn/dock_thin_vole_daunt_jeb_guilt.wav,guilt,jilt,jilt,0.789337575435638,0,Sibilation,initial,f2,B5_asr_bn,b87d7ca6e7dea35607a811dead89d690
data/audio/TTS_Qwen/you_Ryan.wav,you,rue,you,1.0,1,Compactness,initial,TTS_Ryan,TTS_Qwen,4bd1ebec61d3e27330b0a7785fcb7245
data/audio/level_normalized_26dbfs_w_concat_carrier_phrase_2/B3_sttts/miss_hit_teak_deck_sheaf_fit.wav,fit,hit,fit,0.999987006187439,1,Compactness,initial,f2,B3_sttts,7b1d878fcc3f13639e873fd4c4be1766
data/audio/level_normalized_26dbfs_w_concat_carrier_phrase_2/B4_nac/rim_nog_thong_rue_wed_peg.wav,peg,keg,peg,1.0,1,Compactness,initial,m1,B4_nac,6efe8a6c582d26a6d34116dd0a2ca98f
data/audio/level_normalized_26dbfs_w_concat_carrier_phrase_2/B5_asr_bn/boss_gem_ross_foal_goof_guilt.wav,guilt,jilt,guilt,0.99999988079071,1,Sibilation,initial,m2,B5_asr_bn,fca5db6e6b8c34538be2f44f57bdc6d3
data/audio/level_normalized_26dbfs_w_concat_carrier_phrase_2/clean/English/test-data/so_knock_gross_thin_jilt_taught.wav,taught,caught,taught,0.999979376792908,1,Compactness,initial,m2,clean,1847b8339ca26d91ada1a61e4900cce8
data/audio/level_normalized_26dbfs_w_concat_carrier_phrase_2/B2_mcadams/wad_coo_though_live_keg_yield.wav,yield,wield,yield,0.999902963638306,1,Compactness,initial,m2,B2_mcadams,108457ecae3b9c8d5d9f1e89cc102902
data/audio/level_normalized_26dbfs_w_concat_carrier_phrase_2/B3_sttts/rue_bong_cap_thong_rim_bean.wav,bean,peen,bean,0.999966621398926,1,Voicing,initial,m1,B3_sttts,dd2621b3e98f00be9105aa9015546e88
data/audio/level_normalized_26dbfs_w_concat_carrier_phrase_2/B4_nac/chair_sank_jaws_hot_hotch_miss.wav,miss,myth,miss,0.99999988079071,1,Sibilation,final,f1,B4_nac,feeb8a387adfe27a93ec0c0e643f2ada
data/audio/level_normalized_26dbfs_w_concat_carrier_phrase_2/B5_asr_bn/chair_moss_flesh_loss_soothe_zee.wav,zee,thee,thee,0.996926248073578,0,Sibilation,initial,m1,B5_asr_bn,f0f9de8031e66054bbbbdb1a0db834c8
data/audio/TTS_Qwen/gem_Ryan.wav,gem,jeb,gem,0.999970197677612,1,Nasality,final,TTS_Ryan,TTS_Qwen,412afb93d1fe8c843bee6cabecef7cec
data/audio/level_normalized_26dbfs_w_concat_carrier_phrase_2/clean/English/test-data/cop_keg_loop_tong_beg_duke.wav,duke,dupe,duke,0.991970241069794,1,Compactness,final,m1,clean,0abbe90225fbfd650bf250b462954722
data/audio/level_normalized_26dbfs_w_concat_carrier_phrase_2/B2_mcadams/tense_thin_box_moss_bat_seed.wav,seed,seethe,seed,0.999987244606018,1,Sustention,final,f1,B2_mcadams,d0a9c64c8fb2f8724e74180512909829
data/audio/level_normalized_26dbfs_w_concat_carrier_phrase_2/B3_sttts/sheaf_flog_noon_goff_myth_peak.wav,peak,teak,peak,1.0,1,Graveness,initial,m1,B3_sttts,59704f7cec2a5fc47944e1d9a3073e63
data/audio/level_normalized_26dbfs_w_concat_carrier_phrase_2/B4_nac/bean_reef_dot_chair_vox_loss.wav,loss,laws,loss,0.999804079532623,1,Voicing,final,f1,B4_nac,38e302d2330d63f5826e3e8285206f30
data/audio/level_normalized_26dbfs_w_concat_carrier_phrase_2/B5_asr_bn/wed_bean_yield_tong_chew_thong.wav,thong,tong,thong,0.998453974723816,1,Sustention,initial,f1,B5_asr_bn,51bee35cfaee6bc23a1b7dfc302fc3d5
data/audio/level_normalized_26dbfs_w_concat_carrier_phrase_2/clean/English/test-data/tick_wroth_gawp_beat_hot_cheat.wav,cheat,sheet,cheat,0.99999988079071,1,Sustention,initial,m1,clean,61d3029572a248b30eab16feeee03aab
data/audio/level_normalized_26dbfs_w_concat_carrier_phrase_2/B2_mcadams/load_gem_foal_loop_taught_goop.wav,goop,goof,goop,0.999656200408936,1,Sustention,final,f1,B2_mcadams,8d4be1b9c68764b645deda27f7e7b8aa
data/audio/level_normalized_26dbfs_w_concat_carrier_phrase_2/B3_sttts/clash_jaws_zee_chop_cheat_sheet.wav,sheet,cheat,sheet,0.755514442920685,1,Sustention,initial,f1,B3_sttts,8ffd813e582a4ee3106d8755aaafa9bb
data/audio/level_normalized_26dbfs_w_concat_carrier_phrase_2/B4_nac/breathe_egg_knob_dough_hodge_dip.wav,dip,nip,dip,0.999999642372131,1,Nasality,initial,f2,B4_nac,e633ed36d8428c3318e3cf3eccfdad76
data/audio/level_normalized_26dbfs_w_concat_carrier_phrase_2/B5_asr_bn/fletch_wreath_oat_lube_sheaf_nip.wav,nip,dip,nip,0.981275260448456,1,Nasality,initial,f1,B5_asr_bn,e9b95d11282907f45b91d16043cafd1e
data/audio/level_normalized_26dbfs_w_concat_carrier_phrase_2/clean/English/test-data/sank_thin_miss_beat_sheet_laws.wav,laws,loss,laws,0.986464619636536,1,Voicing,final,f2,clean,a98516330f1613b787882dbdf05b0315
data/audio/level_normalized_26dbfs_w_concat_carrier_phrase_2/B2_mcadams/bib_sank_taunt_thin_goop_wroth.wav,wroth,ross,wroth,0.905063390731812,1,Sibilation,final,f2,B2_mcadams,83ac8e302bfdaa9c2102d2ed12a1ea3d
data/audio/level_normalized_26dbfs_w_concat_carrier_phrase_2/B3_sttts/nip_gem_goop_cop_joe_loon.wav,loon,loom,loon,0.998860955238342,1,Graveness,final,f2,B3_sttts,ac9babee79e4a4dc5ca66e580a7a805c
data/audio/level_normalized_26dbfs_w_concat_carrier_phrase_2/B4_nac/rev_pond_flog_loon_bond_met.wav,met,net,net,0.999999523162842,0,Graveness,initial,m1,B4_nac,81d891cf5365cd473e06659de578fdfd
data/audio/level_normalized_26dbfs_w_concat_carrier_phrase_2/B5_asr_bn/beat_pond_loathe_rev_ross_sheet.wav,sheet,cheat,cheat,0.999392032623291,0,Sustention,initial,m2,B5_asr_bn,84cfa2c2a50d5a9f70d9daf714666f12
