file_path,present_word,absent_word,predicted_word,probability_generated_text,is_correct,feature,test_type,talker,condition,hash
data/audio/samples/B4_nac/duke_06ea0d148a1c4bf7811bea4548b18d72.wav,duke,dupe,duke,1.0,1,Compactness,final,f2,B4_nac,a21e24c341e2d96e5f7d4bde55654c5b
data/audio/samples/B5_asr_bn/mode_13d4a4873bc241d38235333f2a570a0c.wav,mode,moan,mode,1.0,1,Nasality,final,f1,B5_asr_bn,e215591e6fc6d6501b68567c0f835c64
data/audio/samples/clean/English/test-data/bib_2e3ec2548eaa4c4e919bfb40b91348f7.wav,bib,big,big,0.999447166919708,0,Compactness,final,f1,clean,6111fd52198b40ac989a1b9bfb11691a
data/audio/samples/B2_mcadams/noon_d5477b2f443448298388a7a3070dba6e.wav,noon,nude,noon,1.0,1,Nasality,final,m1,B2_mcadams,22c1bb864f44ffe50b32e0373a48c03f
data/audio/samples/B3_sttts/gin_5827a94b2954472ba91f2ac57cc82633.wav,gin,chin,gin,1.0,1,Voicing,initial,m1,B3_sttts,51cbd835feb48dcc0fcc78ae407a4275
data/audio/samples/B4_nac/rim_edb9847d0969465a90a4be5c600ba2fb.wav,rim,rib,rim,1.0,1,Nasality,final,m2,B4_nac,93a57461b7e532ed6c86e1946de82758
data/audio/samples/B5_asr_bn/bed_b7d4fa2b44da4081b8234c3bdb14d43a.wav,bed,beg,bed,1.0,1,Compactness,final,f2,B5_asr_bn,2f39ef42a80b19270f510eb94bfe7a52
data/audio/samples/clean/English/test-data/nog_5ddcffe8b5f44021a47e0c1a8664df54.wav,nog,knob,nog,1.0,1,Compactness,final,m1,clean,4ece919c0ce6913995df6758eee89933
data/audio/samples/B2_mcadams/teak_9f5729a206db48a39e8a38e6bf2c6d5e.wav,teak,peak,teak,1.0,1,Graveness,initial,m1,B2_mcadams,c5a748ca2d6a1991c1e29c3a299fcc84
data/audio/samples/B3_sttts/wed_dc79e9885bbc40e2ad36cff72664fe5d.wav,wed,web,wed,1.0,1,Graveness,final,m1,B3_sttts,46a6c1b8a91233d7b8c3a4965c2d981e
data/audio/samples/B4_nac/meat_8e9aed4acedd4417a4f0ebcf66df013c.wav,meat,beat,meat,1.0,1,Nasality,initial,m1,B4_nac,79fe75ca8c3ecc1865d4c7bff4de6ca4
data/audio/samples/B5_asr_bn/myth_388f2cedba41458c98da22c3fe741bbc.wav,myth,miss,myth,1.0,1,Sibilation,final,m1,B5_asr_bn,9d4d04d55d302d43c9216a1723dea4fc
data/audio/samples/clean/English/test-data/loop_de61ea96593046f3ba2427145dd1ce4a.wav,loop,lube,loop,1.0,1,Voicing,final,m2,clean,3c850f3eb20d669d3167c83dccafa832
data/audio/samples/B2_mcadams/live_34bb0fedcaa74f2b836c8bf91a8bc952.wav,live,lib,live,1.0,1,Sustention,final,m1,B2_mcadams,2a5d2ddc09b83402620e5eb01a1584b7
data/audio/samples/B3_sttts/oat_61cd96da9ced499b9779c816cc38daea.wav,oat,oak,oat,1.0,1,Compactness,final,f2,B3_sttts,35752a2c6099990c81cd00d4678ae5c3
data/audio/samples/B4_nac/seed_2f67f58366244c4fadfe78e8e341e9eb.wav,seed,seethe,seed,1.0,1,Sustention,final,m1,B4_nac,8bd8bd24ffcf8475b5849eb0f9fc7728
data/audio/samples/B5_asr_bn/bob_218f369775444adfa9b343fd6f5256f4.wav,bob,bomb,bob,1.0,1,Nasality,final,m2,B5_asr_bn,66a795b4d2bd61db5bdf34c4d7d5d70c
data/audio/samples/TTS_Qwen/boot_Ryan.wav,boot,moot,boot,1.0,1,Nasality,initial,TTS_Ryan,TTS_Qwen,ad41cf9a38982082006f64c782badf02
data/audio/samples/clean/English/test-data/bat_85b91317e7dd42829168d3c7958a5078.wav,bat,gat,bat,1.0,1,Compactness,initial,f2,clean,cd57e5d306845ff9327f3642afe4c434
data/audio/samples/B2_mcadams/lube_675e110abad4455f9c93b510c1fd6f47.wav,lube,loop,lube,1.0,1,Voicing,final,f1,B2_mcadams,628dddc2279f7e25132e1967dd3d22e2
data/audio/samples/B3_sttts/gawp_493a28125071412ba5c0d5674b1c2fdd.wav,gawp,goff,goff,1.0,0,Sustention,final,f1,B3_sttts,3918c6c17940038b59a9141bdea78829
data/audio/samples/B4_nac/reef_93111543da104151aa8c69de742fec19.wav,reef,wreath,reef,1.0,1,Graveness,final,f2,B4_nac,ef9cda4a2d7a75ce1dfd618c7f8754ce
data/audio/samples/B5_asr_bn/bong_e9be497e8fb64f848476db1bf4cf6b76.wav,bong,dong,bong,1.0,1,Graveness,initial,m2,B5_asr_bn,c6e81781c7daf345d3987aee22212161
data/audio/samples/clean/English/test-data/gin_a867a2786fd9458daf81d0522b33de4f.wav,gin,chin,gin,1.0,1,Voicing,initial,f1,clean,8b0fec9c0e55d3af0c8396d9ba2b8273
data/audio/samples/B5_asr_bn/knock_d57b277f341d4e52b4571ac3353e0c4b.wav,knock,notch,knock,1.0,1,Sibilation,final,m1,B5_asr_bn,e3a11a18f5efefd6349d4a90f139c396
data/audio/samples/clean/English/test-data/wreath_ec3f0713011940e7b1203e1fbd379164.wav,wreath,reef,wreath,0.999447166919708,1,Graveness,final,f2,clean,7c731b7085ceea14c15f8ddb99fb5b93
data/audio/samples/B2_mcadams/hodge_422aa5a0fe93473aac82b5462a41b859.wav,hodge,hotch,hodge,1.0,1,Voicing,final,f2,B2_mcadams,19329808fac62fe7823da410d1f32cdb
data/audio/samples/B3_sttts/myth_859a5e732ee2462d94218b78d83ea5c2.wav,myth,miss,miss,0.99999988079071,0,Sibilation,final,f1,B3_sttts,638c377348884d51dde20a86c7ef80f8
data/audio/samples/B4_nac/though_49b6dcadda6948e988158c9acfd474d2.wav,though,dough,though,1.0,1,Sustention,initial,f2,B4_nac,22a52306444cae22e8adae89e3c15c18
data/audio/samples/B5_asr_bn/hit_a4594b84013b4f91a79b1c1f3c6b7a55.wav,hit,fit,hit,1.0,1,Compactness,initial,m1,B5_asr_bn,a9d2b52afbe4f097e6366c9fddf2a0c7
data/audio/samples/clean/English/test-data/nude_e877c8f64b4a4af984e5c5dda8b1d0eb.wav,nude,noon,nude,1.0,1,Nasality,final,f1,clean,e90df358ea186ab77fa67b3b566985fb
data/audio/samples/B2_mcadams/ref_03bf2ac0244b4e78bac4d129c545bb11.wav,ref,rev,ref,1.0,1,Voicing,final,m2,B2_mcadams,8a8d8fb279b067ef43b3e20d24fc76c6
data/audio/samples/B3_sttts/boss_f70f1ada6946470f8324ac489f1cfabb.wav,boss,moss,boss,1.0,1,Nasality,initial,f1,B3_sttts,e1ac430d76ca215b92da6026482f9d6c
data/audio/samples/B4_nac/moss_1a7921e09d324dcfb1913e80d0a6ba9d.wav,moss,boss,moss,1.0,1,Nasality,initial,m2,B4_nac,7e4e3c4e795a1ed94c29354ac6159151
data/audio/samples/B5_asr_bn/ridge_0664d410d22b4864bf2aae82e1dbc3e6.wav,ridge,rich,ridge,1.0,1,Voicing,final,f1,B5_asr_bn,e4c16286f51c3c49bff0ae33b44ee6bc
data/audio/samples/TTS_Qwen/rib_Ryan.wav,rib,rim,rib,1.0,1,Nasality,final,TTS_Ryan,TTS_Qwen,cf5d8aa182da26f7176d0cf910c9bccd
data/audio/samples/clean/English/test-data/got_ee359560daf1416bace3e30543ce4a13.wav,got,dot,got,1.0,1,Compactness,initial,f2,clean,4c16a3f1e0d5694176d00d369e3096b9
data/audio/samples/B2_mcadams/fence_f6f88221e3bb43bb9e8160d9642328f7.wav,fence,pence,fence,1.0,1,Sustention,initial,f2,B2_mcadams,002ac16f0538920d6293843b66a1527a
data/audio/samples/B3_sttts/moot_201176bda1224f538da772474ee36a7f.wav,moot,boot,moot,1.0,1,Nasality,initial,m2,B3_sttts,3edecf71baae9ef1744e6dc81ac283ce
data/audio/samples/B4_nac/cheat_897c69ea88e243f3ad022ed241b36e5e.wav,cheat,sheet,cheat,1.0,1,Sustention,initial,f1,B4_nac,1c894d3b7222df6bf33f945305bc507c
data/audio/samples/B5_asr_bn/lib_cc12868019e14f0982d1ee2ec35e6a16.wav,lib,live,live,1.0,0,Sustention,final,f2,B5_asr_bn,b7f2e7a41f2725916f16e145051cb77d
data/audio/samples/clean/English/test-data/gin_5827a94b2954472ba91f2ac57cc82633.wav,gin,chin,gin,1.0,1,Voicing,initial,m1,clean,1a46ade167bd5d5920a5212cc029706e
data/audio/samples/B2_mcadams/meat_79173109967d4f02bfc67aaa20aa5f20.wav,meat,beat,meat,1.0,1,Nasality,initial,f1,B2_mcadams,6cea587e11eba569dda2b8ebcb1e61fd
data/audio/samples/B3_sttts/wroth_0a136556ee5f4f9e97ed5a25bef5f39b.wav,wroth,ross,wroth,1.0,1,Sibilation,final,f2,B3_sttts,1f5f868c60ef4008bdaa11c8bdbe3f9b
data/audio/samples/B4_nac/foal_94e65c69dc8046ba9f124137433b50d2.wav,foal,vole,foal,1.0,1,Voicing,initial,m1,B4_nac,b0a9bf3a91695bc84f7a30a457b019a0
data/audio/samples/B5_asr_bn/broke_5366b71ca5074acfad99ac191efac3e4.wav,broke,brogue,broke,1.0,1,Voicing,final,m1,B5_asr_bn,2499a738606239c623d8eabf64034aa1
data/audio/samples/clean/English/test-data/dough_8d98d4b030874a85b36c60b85a3b7414.wav,dough,though,dough,1.0,1,Sustention,initial,m1,clean,75dacc2b7b2fe87523482b5c9043b1a7
data/audio/samples/B2_mcadams/wad_cc2df68e8cd84d0ea861132f3c68e29f.wav,wad,rod,wad,1.0,1,Graveness,initial,m1,B2_mcadams,f28ca37b75d3305239aa16d86b4b7121
data/audio/samples/B3_sttts/lib_eecb29835e804ab5bb5fc480dd30e6a6.wav,lib,live,lib,1.0,1,Sustention,final,m2,B3_sttts,798c6084a43a8004809f3e05154adee3
data/audio/samples/B4_nac/cheat_1b2adb0df2dd48caaad3264c7daeccf8.wav,cheat,sheet,cheat,1.0,1,Sustention,initial,f2,B4_nac,deb46ad323e0a3638442ed24c1c99f2e
data/audio/samples/B5_asr_bn/class_14c57bd505024dafb3c01f779d688960.wav,class,clash,class,1.0,1,Compactness,final,m2,B5_asr_bn,297dd177dde54fe505d0dc5820fd68ca
data/audio/samples/clean/English/test-data/gin_b98cce25d0a14e25a8ff918b303c2f86.wav,gin,chin,gin,1.0,1,Voicing,initial,f2,clean,d3c9b77ddaaa434e7c5f880d184b3d6c
data/audio/samples/B2_mcadams/sheave_475f2b15d530429ca8b7f16dfea0ec43.wav,sheave,sheaf,sheave,1.0,1,Voicing,final,f1,B2_mcadams,0f295e1ffb8d3109eff7f40bb29aa4ab
data/audio/samples/B3_sttts/clash_1eb36679d5714209aaf48a2def8cfaaa.wav,clash,class,class,0.997527420520782,0,Compactness,final,f1,B3_sttts,d6c8439cf3c4a1ef73a9510383c06b0b
data/audio/samples/B4_nac/peen_fb6fe35bb3b34ba29efa7540b23c259f.wav,peen,bean,peen,1.0,1,Voicing,initial,m2,B4_nac,9090428fd4f04c20133d553d6337c1b3
data/audio/samples/B5_asr_bn/strobe_135050c696f648209e64141d587a58a7.wav,strobe,strode,strode,0.999664664268494,0,Graveness,final,f1,B5_asr_bn,2dc8507f8860525f8d018e798e17e7ad
data/audio/samples/TTS_Qwen/hit_Ryan.wav,hit,fit,hit,1.0,1,Compactness,initial,TTS_Ryan,TTS_Qwen,5378a720551232ac975482e5c8837f0c
data/audio/samples/clean/English/test-data/live_34bb0fedcaa74f2b836c8bf91a8bc952.wav,live,lib,live,1.0,1,Sustention,final,m1,clean,31dd63182449144bcf870378493ecec8
data/audio/samples/B2_mcadams/miss_62356ec5a7a545a4a84e779787692966.wav,miss,myth,miss,1.0,1,Sibilation,final,f2,B2_mcadams,4afb6b44e8aeea35712d2c4abf04c53a
data/audio/samples/B3_sttts/dupe_4f15b7495315406f8735358fd934ac82.wav,dupe,duke,dupe,1.0,1,Compactness,final,f2,B3_sttts,f241e64dbae7b696751f3f00f49dbbd4
data/audio/samples/B4_nac/peg_97a444ff73bb4a8091e315e36bcf9688.wav,peg,keg,peg,1.0,1,Compactness,initial,f2,B4_nac,fd0d759f786181d3e8048fbd1e159868
data/audio/samples/B5_asr_bn/mode_1d2234c4360f44579ed9c6aeb98d0721.wav,mode,moan,mode,1.0,1,Nasality,final,f2,B5_asr_bn,09d85b71ed30a6a5f5204c03806dff85
data/audio/samples/clean/English/test-data/duke_06ea0d148a1c4bf7811bea4548b18d72.wav,duke,dupe,duke,1.0,1,Compactness,final,f2,clean,426a18de33f6612d92d11d4d0cf5f858
data/audio/samples/B2_mcadams/egg_2cd4d1c35b254bcba85a81cc75e4f988.wav,egg,edge,egg,1.0,1,Sibilation,final,f1,B2_mcadams,a3af63a8278a315c0f2ffba7f1f9ad2e
data/audio/samples/B3_sttts/tense_df86f4a818a14bd097925a284738cd2a.wav,tense,dense,tense,1.0,1,Voicing,initial,m2,B3_sttts,54a6fe6c11daf5766353e8565fa036f5
data/audio/samples/B4_nac/gawp_91c8b59acb8e49998aaef670bc87e9c4.wav,gawp,goff,goff,1.0,0,Sustention,final,f2,B4_nac,c1910d5e6b6e5cd3c412ab13f527dbe4
data/audio/samples/B5_asr_bn/go_af965e7eeb1b41708f215761ac41e3aa.wav,go,joe,go,1.0,1,Sibilation,initial,f1,B5_asr_bn,a234f90ded3d971fea14dec4f81b85f9
data/audio/samples/clean/English/test-data/caught_783b47a233c546b994fd1731f80b47f1.wav,caught,taught,caught,1.0,1,Compactness,initial,m1,clean,8e0ad8ea17c794581b2afb62734d2bc1
data/audio/samples/B2_mcadams/bob_218f369775444adfa9b343fd6f5256f4.wav,bob,bomb,bob,1.0,1,Nasality,final,m2,B2_mcadams,44bf2abf51c2682f7510416e960c6168
data/audio/samples/B3_sttts/class_1f26d250011547e1987773adce9254f0.wav,class,clash,class,1.0,1,Compactness,final,f2,B3_sttts,fe57e9e3e6bbb2c06e104c8ef0bebe37
data/audio/samples/B4_nac/boss_f70f1ada6946470f8324ac489f1cfabb.wav,boss,moss,boss,1.0,1,Nasality,initial,f1,B4_nac,6561e89809202693b2729ad66407e243
data/audio/samples/B5_asr_bn/gawp_91c8b59acb8e49998aaef670bc87e9c4.wav,gawp,goff,goff,1.0,0,Sustention,final,f2,B5_asr_bn,9b3e058b021bbb75d96cb505034afb59
data/audio/samples/clean/English/test-data/daunt_b54387abed6b498095814fec4e04b6ef.wav,daunt,taunt,daunt,1.0,1,Voicing,initial,f1,clean,d94cea6359843eaf702aff38ff5b45ba
data/audio/samples/B2_mcadams/bat_85b91317e7dd42829168d3c7958a5078.wav,bat,gat,bat,0.999954581260681,1,Compactness,initial,f2,B2_mcadams,54a26f947c9138278d79a0918c1b6e41
data/audio/samples/B3_sttts/patch_f83c282a08b94b1fa368ea8c96c12816.wav,patch,pack,pack,0.622459352016449,0,Sibilation,final,m2,B3_sttts,7fd6dd49e4dce79f9db0e2cc64eaafa6
data/audio/samples/B4_nac/growth_56d78bf9d9c44385ba223fc2de3b1fd4.wav,growth,gross,growth,1.0,1,Sibilation,final,f1,B4_nac,beb4f83ede50efd83629c9ca52db070c
data/audio/samples/B5_asr_bn/notch_fa3c3425065140199f620dbbbac73f82.wav,notch,knock,notch,1.0,1,Sibilation,final,f2,B5_asr_bn,5bb9ced9b871924a17dfa01cac530219
data/audio/samples/TTS_Qwen/thee_Ryan.wav,thee,zee,thee,1.0,1,Sibilation,initial,TTS_Ryan,TTS_Qwen,4fe311242d0a60335bbb3a54f9d72eb8
data/audio/samples/clean/English/test-data/moot_87e4d3c0bb624a0cbe30aec40c96ad1f.wav,moot,boot,moot,1.0,1,Nasality,initial,m1,clean,7c72007e6f17569bb0d528fb13e66df9
data/audio/samples/B2_mcadams/bong_e9be497e8fb64f848476db1bf4cf6b76.wav,bong,dong,bong,1.0,1,Graveness,initial,m2,B2_mcadams,23fd2d52bd9974f56ac9fe6cc6b77aac
data/audio/samples/B3_sttts/laws_79819ea5b33246b69c73d57502ac6ebf.wav,laws,loss,loss,1.0,0,Voicing,final,m2,B3_sttts,6e733ff87f58956d50dd0c72c58db129
data/audio/samples/B4_nac/seek_b4eaa0a2cad541c1b6fcb1a31bcec500.wav,seek,seep,seek,1.0,1,Compactness,final,m1,B4_nac,a3fe791772af92dc1aa71ac807476237
data/audio/samples/B5_asr_bn/rat_f83f4988c7d14b69bc304c12ccfb19c6.wav,rat,rap,rat,1.0,1,Graveness,final,m1,B5_asr_bn,51ab4f1f0149928570370c0087945086
data/audio/samples/clean/English/test-data/pond_fea4eb31b2434d6195a6255650be6898.wav,pond,bond,pond,1.0,1,Voicing,initial,f1,clean,ba05550a1513d80d6f038f45e9267896
data/audio/samples/B2_mcadams/coo_89c2df3cf9bb44db918026956a783104.wav,coo,chew,chew,1.0,0,Sibilation,initial,f1,B2_mcadams,f178127c4210fe9a2c98a1d095f48856
data/audio/samples/B3_sttts/notch_13fff3b575cb4ecb8c5b862709ae6c27.wav,notch,knock,knock,1.0,0,Sibilation,final,m2,B3_sttts,af15c17cbfae23098a2cd5bb0dbc925f
data/audio/samples/B4_nac/bat_93d662491707432caa6d25ee58687002.wav,bat,gat,gat,0.939913332462311,0,Compactness,initial,f1,B4_nac,18f18c8949401624b383df23c3bf8b13
data/audio/samples/B5_asr_bn/breeze_2fb0fdcbfa1a47758bb90265a9b531c2.wav,breeze,breathe,breeze,1.0,1,Sibilation,final,m1,B5_asr_bn,e288b66ca6966fe803dd38247e9abd14
data/audio/samples/clean/English/test-data/tool_adbc8e486a484e1c937f8ef09cd3e1b3.wav,tool,pool,tool,1.0,1,Graveness,initial,f1,clean,f309d2942cab4f74a94dfa85f176cc36
data/audio/samples/B2_mcadams/patch_f83c282a08b94b1fa368ea8c96c12816.wav,patch,pack,patch,1.0,1,Sibilation,final,m2,B2_mcadams,98c0b6529c95a63d3d47d296e842d87b
data/audio/samples/B3_sttts/mode_b283801b89ef4d9f8a11d5dbd7e860e2.wav,mode,moan,mode,1.0,1,Nasality,final,m1,B3_sttts,0f12f9d888e8cc236b0731568abc0141
data/audio/samples/B4_nac/got_0719d6ca240346498ce3ae62f0897765.wav,got,dot,got,1.0,1,Compactness,initial,m2,B4_nac,e7be9083e4681f8a6f2dcab167f004dd
data/audio/samples/B5_asr_bn/bomb_273d2f833c2b44aead98e0852da2dd72.wav,bomb,bob,bomb,0.997527420520782,1,Nasality,final,f2,B5_asr_bn,46411214615a10da29aec14578732cb0
data/audio/samples/clean/English/test-data/chew_ed7892e15c974792b0fa391a31ed90ad.wav,chew,coo,chew,1.0,1,Sibilation,initial,f2,clean,a473cb9eb7e9e452ff5705eb4f55acf0
data/audio/samples/B2_mcadams/dan_6d5f6ddbaa6242ce8f53c11e07ccfd16.wav,dan,than,dan,1.0,1,Sustention,initial,m2,B2_mcadams,576e1d0595fce01be6c0e92135db79bb
data/audio/samples/B3_sttts/lib_74fa8049a92c44e7b1cc544b777ec4c8.wav,lib,live,live,0.99999988079071,0,Sustention,final,f1,B3_sttts,bec83303ab4a056d6f695f7038eebe8d
data/audio/samples/B4_nac/jaws_36adf0f67a3548e4ac99e41536de4401.wav,jaws,gauze,jaws,1.0,1,Sibilation,initial,m1,B4_nac,203c99793c3c0dd60fff5b6ccc1f0d12
data/audio/samples/B5_asr_bn/taunt_6e82d9e76a1247c098c14f4be9ec6dd5.wav,taunt,daunt,taunt,1.0,1,Voicing,initial,f2,B5_asr_bn,44cdde0344dc91ea0637cdd2cd77dfc2
data/audio/samples/TTS_Qwen/sheaf_Ryan.wav,sheaf,sheave,sheaf,0.999999642372131,1,Voicing,final,TTS_Ryan,TTS_Qwen,d3e25be39a8f461fcf794b05a7444ede
data/audio/samples/clean/English/test-data/fad_432941384b0949578e4ac9e77a1f91a0.wav,fad,fan,fan,1.0,0,Nasality,final,m1,clean,72a57b46c2d62fb78b94a923d0f9cca1
data/audio/samples/B2_mcadams/neck_083964d32f024fb5b49a86e54ceb21a5.wav,neck,deck,neck,1.0,1,Nasality,initial,m2,B2_mcadams,1c294bca9df9a3d054d2c30096ec912d
data/audio/samples/B3_sttts/foal_94e65c69dc8046ba9f124137433b50d2.wav,foal,vole,vole,1.0,0,Voicing,initial,m1,B3_sttts,da7a24c2c1b951c5a5e8fb704a0f9f6c
data/audio/samples/B4_nac/gem_c2e7c6ad7f7747809bd9889b4094ca12.wav,gem,jeb,gem,0.999996304512024,1,Nasality,final,m1,B4_nac,299d2251c1ee69bbf46379e25c9a9eb5
data/audio/samples/B5_asr_bn/sue_f1ca621979f2434694eeedcb688ecbaa.wav,sue,zoo,sue,1.0,1,Voicing,initial,f1,B5_asr_bn,a72c5054af97d3865a55a00bbed4a0fd
data/audio/samples/clean/English/test-data/rue_06cd138a54334d3788a8c735085f8099.wav,rue,you,rue,1.0,1,Compactness,initial,m1,clean,29ee95be95833f7caa732b4b1ff90e07
data/audio/samples/B2_mcadams/big_9c1bfc184ea446088ecc0a987a02526c.wav,big,bib,big,1.0,1,Compactness,final,f2,B2_mcadams,7e4d2040a0eecfc5acc7a4e1c3c6363d
data/audio/samples/B3_sttts/fin_f57e905a6739482c9e092e1f32f81cec.wav,fin,thin,thin,0.5,0,Graveness,initial,f1,B3_sttts,b9e36b80589491fe75b1afce2bdfa61a
data/audio/samples/B4_nac/egg_12b71ef5a4db4ecb8f6d3f387be6dd5a.wav,egg,edge,egg,1.0,1,Sibilation,final,m1,B4_nac,feebf3fd6d965b94b90c678cb8711810
data/audio/samples/B5_asr_bn/hot_338a2bc399e44ad490689fceca093b63.wav,hot,hop,hot,1.0,1,Graveness,final,f2,B5_asr_bn,62a9409627426dfc2b82d5d68e361e1d
data/audio/samples/clean/English/test-data/yield_925edf5ef0fe45c7a9bb72752e83a77b.wav,yield,wield,yield,1.0,1,Compactness,initial,f1,clean,7c8acc0cbe624e2a1094ec112c7c19fb
data/audio/samples/B2_mcadams/taught_1010b4701e774118aa5e700a8da4a25d.wav,taught,caught,taught,1.0,1,Compactness,initial,m2,B2_mcadams,ac8f2c00d8204de58c8e2d86f1a2030a
data/audio/samples/B3_sttts/duke_80c908b908a540cfbecd0f8ca5f8386e.wav,duke,dupe,duke,1.0,1,Compactness,final,m2,B3_sttts,931b01cb7767c44296a5ef8f1689be56
data/audio/samples/B4_nac/bond_1af9d5d826ca42e888cdf1740b32fb78.wav,bond,pond,bond,1.0,1,Voicing,initial,m2,B4_nac,e473862763bcb5f45ebe919e65b94a07
data/audio/samples/B5_asr_bn/peg_97a444ff73bb4a8091e315e36bcf9688.wav,peg,keg,peg,0.999993801116943,1,Compactness,initial,f2,B5_asr_bn,edb7efd6568ba3cdf313ce4fa2e1c1ef
data/audio/samples/clean/English/test-data/edge_c07e06cdb9af4e538bdb1ea1960771bf.wav,edge,egg,edge,1.0,1,Sibilation,final,m2,clean,a5a9fc639646eccd090ddbb89f4b2adc
data/audio/samples/B2_mcadams/class_1f26d250011547e1987773adce9254f0.wav,class,clash,class,1.0,1,Compactness,final,f2,B2_mcadams,d1c41f04eab4ba0d7bb18cde7f20df7e
data/audio/samples/B3_sttts/fit_a3caacc4a4aa4643963c85d3817a7412.wav,fit,hit,fit,1.0,1,Compactness,initial,f1,B3_sttts,90a2a52782636039addefe8efece754e
data/audio/samples/B4_nac/guilt_9d0a0947c9d5415a8c5513dac4907374.wav,guilt,jilt,guilt,1.0,1,Sibilation,initial,f2,B4_nac,016df205910a5f194a0ba44da128a99e
data/audio/samples/B5_asr_bn/taunt_3d6f92c23f6042a7890a51434ffcf291.wav,taunt,daunt,taunt,1.0,1,Voicing,initial,m1,B5_asr_bn,f53c530e20a619225259f7b2d05c7c20
data/audio/samples/TTS_Qwen/rod_Ryan.wav,rod,wad,rod,1.0,1,Graveness,initial,TTS_Ryan,TTS_Qwen,310c5b9190a5e6f86863d7592148a3c9
data/audio/samples/B5_asr_bn/mad_33892441e87f46238933009af1b2b89b.wav,mad,bad,mad,1.0,1,Nasality,initial,f2,B5_asr_bn,0541806af24160711b8ae68b4573be83
data/audio/samples/clean/English/test-data/noon_716eec1021f14866a9cef824614f020f.wav,noon,nude,nude,1.0,0,Nasality,final,f2,clean,c3630fe489858367464d81984ad0e8a3
data/audio/samples/B2_mcadams/goof_1cf8d6a6812349e4b27083fb7ff1a8af.wav,goof,goop,goof,1.0,1,Sustention,final,m2,B2_mcadams,f6fb15b3b208854d697766e917391062
data/audio/samples/B3_sttts/lube_675e110abad4455f9c93b510c1fd6f47.wav,lube,loop,lube,1.0,1,Voicing,final,f1,B3_sttts,264965b8a8dddacfbafe827935da7c9f
data/audio/samples/B4_nac/bong_bd255a77cdd84b1287dbf0ebd9ed02c3.wav,bong,dong,bong,1.0,1,Graveness,initial,m1,B4_nac,b86325c65e1f30f82841abc1061dd1b9
data/audio/samples/B5_asr_bn/chop_83876092acc64d51aa41b11e53858304.wav,chop,cop,chop,1.0,1,Sibilation,initial,m1,B5_asr_bn,6d37922576870fdbd89033a359f8ddd8
data/audio/samples/clean/English/test-data/thor_b47510743f8f42e69569547a17d3c7c0.wav,thor,fore,thor,0.995929896831512,1,Graveness,initial,m2,clean,24e7b68dab675ab6c06fa99861d84fe4
data/audio/samples/B2_mcadams/gat_b28fc4ad47e54a0a84c34d471f411791.wav,gat,bat,gat,1.0,1,Compactness,initial,m1,B2_mcadams,0e1ef9b5eb86680bfecd5633c49e74f9
data/audio/samples/B3_sttts/reef_e51bddeb7562466baf04498bd021c188.wav,reef,wreath,reef,1.0,1,Graveness,final,f1,B3_sttts,8f49c367f2a4573f9825b5138f5999cb
data/audio/samples/B4_nac/choose_f99c880df72549ea9e92eee7cc5872f3.wav,choose,shoes,choose,1.0,1,Sustention,initial,m1,B4_nac,a32ea030cc2eded164da84e5f080a304
data/audio/samples/B5_asr_bn/beat_7816a0d8e57e4a84bb011c37367b6d7e.wav,beat,meat,beat,1.0,1,Nasality,initial,m1,B5_asr_bn,52cbe24153cd6f07ce977f3d66e02c2b
data/audio/samples/TTS_Qwen/bob_Ryan.wav,bob,bomb,bob,1.0,1,Nasality,final,TTS_Ryan,TTS_Qwen,696df1d6d2226846be74f0ac03f0f076
data/audio/samples/clean/English/test-data/back_24b8e48760f64d1c8a03c36a195b7658.wav,back,bag,back,1.0,1,Voicing,final,f1,clean,1372c51ef3189d3d5f495695beaea7f2
data/audio/samples/B2_mcadams/gross_f36417006c9a4a0dba1f38d7cf6017fd.wav,gross,growth,gross,1.0,1,Sibilation,final,f1,B2_mcadams,66abc0464a1d37c653cad6a113c40440
data/audio/samples/B3_sttts/sue_f1ca621979f2434694eeedcb688ecbaa.wav,sue,zoo,sue,1.0,1,Voicing,initial,f1,B3_sttts,617cf05116362ddef3d07ac2bfbcd054
data/audio/samples/B4_nac/thin_020efda76dad4da88a75d28d257ddfb2.wav,thin,fin,thin,0.989013075828552,1,Graveness,initial,f2,B4_nac,a4e51e10ba6261f5374c13a3af3b0c18
data/audio/samples/B5_asr_bn/fit_a54e371eeb5c439b812ea237862a1944.wav,fit,hit,fit,1.0,1,Compactness,initial,m2,B5_asr_bn,ffb9cb59c6fcb272c940b468fd042482
data/audio/samples/clean/English/test-data/dip_24aa9545d468418aa4bfb9a3fb6a50d4.wav,dip,nip,dip,1.0,1,Nasality,initial,f2,clean,b6ba8cbd345750e0cedeebcb262d67ba
data/audio/samples/B2_mcadams/thee_799653a863094120a3e5d17e226f859a.wav,thee,zee,zee,1.0,0,Sibilation,initial,f1,B2_mcadams,ab9dd76ffdb358393f05144cc78997b0
data/audio/samples/B3_sttts/pence_3077fca93d6a48fa90aa5e6de14d197a.wav,pence,fence,pence,1.0,1,Sustention,initial,f1,B3_sttts,b2242194ca01c585a989d27b4a68ba99
data/audio/samples/B4_nac/screed_0539643caeaf438fb12c9e3e7a2c6a61.wav,screed,screen,screed,1.0,1,Nasality,final,f1,B4_nac,7b736a090e8288a5e79d14e2207df548
data/audio/samples/B5_asr_bn/dot_9d01e993b0774ddf820d814f5ac328f0.wav,dot,got,dot,1.0,1,Compactness,initial,f2,B5_asr_bn,f0d7ad82e9cfd7621a7c51fe097c44d9
data/audio/samples/clean/English/test-data/coo_57027a9d6542467cacc56d661ccc6913.wav,coo,chew,coo,1.0,1,Sibilation,initial,m2,clean,ef11bb8f49bc6526e77c8b94b61cb5a4
data/audio/samples/B2_mcadams/vole_d6742b5a54d24fe7b0a5b8a9583a46b3.wav,vole,foal,vole,1.0,1,Voicing,initial,m1,B2_mcadams,7dce0d5221b517956469cf0c69781a0a
data/audio/samples/B4_nac/tick_7892dc7340eb4952adf2c725bbd7d65a.wav,tick,thick,tick,1.0,1,Sustention,initial,m2,B4_nac,296cc1b7b18272d4f9d8fccb0906ea0f
data/audio/samples/B5_asr_bn/shin_fa3397efd4b244488f09f32cc7249e69.wav,shin,shim,shin,1.0,1,Graveness,final,m2,B5_asr_bn,546fe3cb0e6004fe7a80ad4f4626b27e
data/audio/samples/clean/English/test-data/seed_2f67f58366244c4fadfe78e8e341e9eb.wav,seed,seethe,seed,1.0,1,Sustention,final,m1,clean,4a13b000a437ec93060329d00b26556e
data/audio/samples/B2_mcadams/flesh_4120197ac1634eaba377a5777ce3abab.wav,flesh,fletch,flesh,1.0,1,Sustention,final,m2,B2_mcadams,2844ba3238286499361c2fb22c66ad3b
data/audio/samples/B3_sttts/gat_b28fc4ad47e54a0a84c34d471f411791.wav,gat,bat,gat,0.999999761581421,1,Compactness,initial,m1,B3_sttts,cf09d5908381b0426de5658f3180ed84
data/audio/samples/B4_nac/hop_0bcfec6653624eb58523046b1e718261.wav,hop,hot,hop,1.0,1,Graveness,final,m2,B4_nac,05ff495fafe4d68b3e299090c58f7587
data/audio/samples/B5_asr_bn/rap_6f18b34ff9e745c997a07b7ec9d06e64.wav,rap,rat,rap,0.999996304512024,1,Graveness,final,f1,B5_asr_bn,04b27b6d158d59f86794902745f087e1
data/audio/samples/clean/English/test-data/bob_70907d472799464e9bed8d1d5baacca1.wav,bob,bomb,bob,1.0,1,Nasality,final,f2,clean,c41184b7571dd9a9f4ad29ee9bbb2514
data/audio/samples/B2_mcadams/rev_e14a2ec936f64996b2377cc2cc661eda.wav,rev,ref,rev,1.0,1,Voicing,final,f1,B2_mcadams,dfc6a9a9332ebe1fc2d0df289b0ebf36
data/audio/samples/B3_sttts/show_d7eff0d0807d4cf8b1642cf69b1df53a.wav,show,so,show,1.0,1,Compactness,initial,f1,B3_sttts,57d82b0bc9c6c1a9cb8e3300acf26d30
data/audio/samples/B4_nac/fletch_860cb2ec3dbb4599b72983f7db2ea278.wav,fletch,flesh,flesh,0.999999523162842,0,Sustention,final,f1,B4_nac,3c9cceb802b67112327832fcb25fcb16
data/audio/samples/B5_asr_bn/note_f8f0c7fbfacb400694ea111bdb68128a.wav,note,dote,note,1.0,1,Nasality,initial,m2,B5_asr_bn,f53312a459e420b99a758670e8ff5845
data/audio/samples/clean/English/test-data/flawed_b8653ea34bb049a7be0b5c0001c609db.wav,flawed,flog,flawed,1.0,1,Compactness,final,f2,clean,ca2377c99555f6ffc88262a0efcb5fa5
data/audio/samples/B2_mcadams/neck_8f56e8bbf7c24840989a473e4a786224.wav,neck,deck,neck,1.0,1,Nasality,initial,m1,B2_mcadams,789e03f133b90cd2fd65d98c1764a9d4
data/audio/samples/B3_sttts/breathe_9603b28bf07743778a8c0c31081173ba.wav,breathe,breeze,breeze,1.0,0,Sibilation,final,f1,B3_sttts,33df8be5837dca43848c99a08e66aef8
data/audio/samples/B4_nac/wreath_519f3fb74f28449ba560d5823e4b1474.wav,wreath,reef,reef,0.999998569488525,0,Graveness,final,f1,B4_nac,4cd4858a5558abdb79e9fdf374803675
data/audio/samples/B5_asr_bn/slob_064ca35cc2654000ae9279787a5f9469.wav,slob,slav,slav,0.952574133872986,0,Sustention,final,m1,B5_asr_bn,19b2bf472aa9e9ac1bafc154d1a30552
data/audio/samples/TTS_Qwen/pool_Ryan.wav,pool,tool,pool,1.0,1,Graveness,initial,TTS_Ryan,TTS_Qwen,251bea8e9539db71d2173ec8cae3c8ca
data/audio/samples/clean/English/test-data/daunt_f0ac943e1a65400999ad7287ba2a88cc.wav,daunt,taunt,daunt,1.0,1,Voicing,initial,m2,clean,ca576dd4ff1d70871ec63bb20dce2aed
data/audio/samples/B2_mcadams/myth_859a5e732ee2462d94218b78d83ea5c2.wav,myth,miss,miss,0.5,0,Sibilation,final,f1,B2_mcadams,30712627dcbc081384a689c0c086da53
data/audio/samples/B3_sttts/class_4dbfdf59ebd2447e9824c6a808b466c2.wav,class,clash,class,1.0,1,Compactness,final,m1,B3_sttts,abb685e9f8765217878fc8de7d858132
data/audio/samples/B4_nac/zoo_ea4f843c2e4c4fd9bc65255f84690f53.wav,zoo,sue,zoo,0.999996304512024,1,Voicing,initial,m2,B4_nac,10f10fdadec1035a4f215b628af8249c
data/audio/samples/B5_asr_bn/bat_85b91317e7dd42829168d3c7958a5078.wav,bat,gat,bat,0.970687747001648,1,Compactness,initial,f2,B5_asr_bn,5b5b5216042d6cb972e849e7a70f19d5
data/audio/samples/clean/English/test-data/oak_2470b53a71a24b04a5fa62419a00f4cf.wav,oak,oat,oak,1.0,1,Compactness,final,m2,clean,f100abaa3fbc2bf94975c55cad98e5cd
data/audio/samples/B3_sttts/yield_925edf5ef0fe45c7a9bb72752e83a77b.wav,yield,wield,yield,0.982013761997223,1,Compactness,initial,f1,B3_sttts,da2491291ac46f2d7876e3c2a984942a
data/audio/samples/B4_nac/egg_2cd4d1c35b254bcba85a81cc75e4f988.wav,egg,edge,egg,1.0,1,Sibilation,final,f1,B4_nac,7014f1d9f79c941a631fc9271244ab31
data/audio/samples/B5_asr_bn/nip_2499cfbcae6e4ce99b8003d731510a44.wav,nip,dip,nip,1.0,1,Nasality,initial,m1,B5_asr_bn,c96b694aaafc010be2562227090d5b2e
data/audio/samples/clean/English/test-data/screed_0539643caeaf438fb12c9e3e7a2c6a61.wav,screed,screen,screed,1.0,1,Nasality,final,f1,clean,9db19f0a00ed8097de8e15fc0ea97127
data/audio/samples/B2_mcadams/care_071e587712534d7b9af0d5c72db14d95.wav,care,chair,chair,0.999664664268494,0,Sibilation,initial,f2,B2_mcadams,6534fd6bf3c4563984cc78cc3989dc0e
data/audio/samples/B3_sttts/thin_f484a7a1e837481d9c2209e84b067627.wav,thin,fin,thin,0.817574441432953,1,Graveness,initial,m2,B3_sttts,2b7f84d7a5f3309e7a28b1e58960caad
data/audio/samples/B4_nac/deck_31b9a76a2ac145c392dad18883906e8f.wav,deck,neck,deck,1.0,1,Nasality,initial,f1,B4_nac,70362ea951545b57dc0ce288044d363b
data/audio/samples/B5_asr_bn/tense_eae5afc4c0eb4bf9a5ceaa114d257087.wav,tense,dense,tense,1.0,1,Voicing,initial,f2,B5_asr_bn,f45f6e31be3d440bb27161b1b877c8b5
data/audio/samples/TTS_Qwen/boss_Ryan.wav,boss,moss,boss,1.0,1,Nasality,initial,TTS_Ryan,TTS_Qwen,342ecdb28be394e33a24a570b6350b79
data/audio/samples/clean/English/test-data/got_0719d6ca240346498ce3ae62f0897765.wav,got,dot,got,1.0,1,Compactness,initial,m2,clean,08d2d11cb8693875f9deeb9216a12591
data/audio/samples/B2_mcadams/strobe_fa64b35715e14d429da656a9cbe13573.wav,strobe,strode,strobe,1.0,1,Graveness,final,f2,B2_mcadams,c60c6c72b14c2ac709ae625a17ea0fae
data/audio/samples/B3_sttts/bib_8d82c1bad58c4c689df32efd38bec9e6.wav,bib,big,big,0.970687747001648,0,Compactness,final,m2,B3_sttts,7d306e7f644afe6c8c019ada5b0ed8dc
data/audio/samples/B4_nac/thong_54d71c3b041940608bf89f0139c9a5a3.wav,thong,tong,tong,0.997527420520782,0,Sustention,initial,f2,B4_nac,cb55f85f00063234defd0d37bf0c0bee
data/audio/samples/B5_asr_bn/chair_0d4ca068af7847ea921b804e732e7c06.wav,chair,care,chair,1.0,1,Sibilation,initial,f1,B5_asr_bn,bc38d6b83b658ae5bed652ca9e325c14
data/audio/samples/clean/English/test-data/back_d8fbb1ec08d145b99fa241950d6bc64e.wav,back,bag,back,1.0,1,Voicing,final,f2,clean,28577c8c76cfb01b575f25e9cd90cfc2
data/audio/samples/B2_mcadams/lib_74fa8049a92c44e7b1cc544b777ec4c8.wav,lib,live,live,1.0,0,Sustention,final,f1,B2_mcadams,4e82580fd88d02bd7dc8e86501b322f6
data/audio/samples/B3_sttts/load_e6f18504a5e54d45b3de3c8bd6be6e92.wav,load,loathe,loathe,1.0,0,Sustention,final,f1,B3_sttts,e6b451959d20363e9c5709ed3a1d0600
data/audio/samples/B4_nac/shim_55923383294747a6939104d10ec24740.wav,shim,shin,shim,1.0,1,Graveness,final,f2,B4_nac,895755b632997f96ca615130da706f9c
data/audio/samples/B5_asr_bn/bond_1af9d5d826ca42e888cdf1740b32fb78.wav,bond,pond,bond,1.0,1,Voicing,initial,m2,B5_asr_bn,b7f3b9df4254b3c4d6f066409ba8531c
data/audio/samples/clean/English/test-data/rev_e14a2ec936f64996b2377cc2cc661eda.wav,rev,ref,rev,0.999999523162842,1,Voicing,final,f1,clean,ac781498ac36c4902f0f1d3b8ccdeb2e
data/audio/samples/B2_mcadams/dot_059233f2b72e4a3c82736c7ddf004f48.wav,dot,got,dot,1.0,1,Compactness,initial,m1,B2_mcadams,8545f0298c1503960ef8832f0cd4b7c6
data/audio/samples/B3_sttts/fad_9e1f2d1395a04bebb236b817e70902c2.wav,fad,fan,fad,1.0,1,Nasality,final,m2,B3_sttts,b634da8a942e87c77b1317c9c27b835f
data/audio/samples/B4_nac/moss_0c00e32f8a924c4aa5fb257c5f2bed6e.wav,moss,boss,moss,1.0,1,Nasality,initial,f2,B4_nac,69b59c037dc5a4b6da9027ba99d5403c
data/audio/samples/B5_asr_bn/miss_5d34b88e507d4635b34ada77ce461099.wav,miss,myth,miss,1.0,1,Sibilation,final,f1,B5_asr_bn,333cb4d520735de95d55c04e3a9a54df
data/audio/samples/B2_mcadams/slob_064ca35cc2654000ae9279787a5f9469.wav,slob,slav,slob,1.0,1,Sustention,final,m1,B2_mcadams,8bd3fb20b665231787962e6165a45fbe
data/audio/samples/B3_sttts/seek_805a3c426dca4855bbbbab2a8d048d36.wav,seek,seep,seep,1.0,0,Compactness,final,m2,B3_sttts,d5854b23e781953bba803f6583416b51
data/audio/samples/B4_nac/bong_cdaa8130f3e5430bbe6baefc310062ed.wav,bong,dong,bong,1.0,1,Graveness,initial,f1,B4_nac,7b41a89eced4fa23d23fbaa96754b7ea
data/audio/samples/B5_asr_bn/thank_9091bf0ca90544c98ca5fae604981ae2.wav,thank,sank,thank,1.0,1,Sibilation,initial,m1,B5_asr_bn,35ff2653a7faae2d254adba559150f2e
data/audio/samples/clean/English/test-data/fence_2f824c0bec9748faa4ba34ea5f293af8.wav,fence,pence,fence,1.0,1,Sustention,initial,m1,clean,2d43eb80d92f0cde568d72c7fa1bd5a1
data/audio/samples/B2_mcadams/back_d031b13b50d545d1af27396b3c80022c.wav,back,bag,back,1.0,1,Voicing,final,m1,B2_mcadams,b38bd67d477578d11a52e78283e6e500
data/audio/samples/B3_sttts/lib_cc12868019e14f0982d1ee2ec35e6a16.wav,lib,live,lib,1.0,1,Sustention,final,f2,B3_sttts,5e0eeadfa603165a22d8216113159279
data/audio/samples/B4_nac/cheat_e58f69ef7ac4436f965f52d9135c54f5.wav,cheat,sheet,cheat,1.0,1,Sustention,initial,m1,B4_nac,52598a72ec444297a8ebe4641dfc4ccb
data/audio/samples/B5_asr_bn/patch_ba1c216f64db41a0a3da0c7d7e158c49.wav,patch,pack,patch,1.0,1,Sibilation,final,f1,B5_asr_bn,e0332c9525d910e518e6f1d27a933a47
data/audio/samples/clean/English/test-data/met_28927f06f13a40cd8cee04abb66a5ef0.wav,met,net,met,1.0,1,Graveness,initial,f2,clean,a76c333c12a2583bb081b07aea58470b
data/audio/samples/B2_mcadams/troth_92731af20a9f4589a711fbf95835defc.wav,troth,trough,trough,0.999664664268494,0,Graveness,final,m1,B2_mcadams,e08a4c43bb321fbd2e4d2cf5fe72fad8
data/audio/samples/B3_sttts/shoes_b6603fd287c5476d8584847eaa0b7bbf.wav,shoes,choose,shoes,1.0,1,Sustention,initial,f1,B3_sttts,135e59566e6585817d55d65865341837
data/audio/samples/B4_nac/nude_ba4484ecabc5408485d6559852f0a6d4.wav,nude,noon,nude,1.0,1,Nasality,final,m2,B4_nac,832fd10824efd5976d12d7b004a48b13
data/audio/samples/B5_asr_bn/dupe_0fb5be1340a649b583cab05ba779ef3d.wav,dupe,duke,dupe,1.0,1,Compactness,final,m1,B5_asr_bn,4849613deaf4e0c735e40d8b406fe63b
data/audio/samples/TTS_Qwen/daunt_Ryan.wav,daunt,taunt,daunt,1.0,1,Voicing,initial,TTS_Ryan,TTS_Qwen,76a2439462b1a67691a5e85d7c5fcad7
data/audio/samples/clean/English/test-data/strode_1725a6caa1c24b73b8be67e7b5a995af.wav,strode,strobe,strode,0.993307173252106,1,Graveness,final,m1,clean,11474185be455d5e62eb673dce6f3cc1
data/audio/samples/B2_mcadams/sheet_98a4454953904ab8a42fafbc1f9dd728.wav,sheet,cheat,cheat,1.0,0,Sustention,initial,m2,B2_mcadams,edbdce98ccbc2c334f38e33867aad78c
data/audio/samples/B3_sttts/calf_14796928aeed4df78cc07fa56ebf136c.wav,calf,gaff,calf,1.0,1,Voicing,initial,m1,B3_sttts,d0f010a5336c31198d7709242e70f50a
data/audio/samples/B4_nac/bong_239d282cdeec4e5c8e618de968ef0f31.wav,bong,dong,bong,1.0,1,Graveness,initial,f2,B4_nac,d747a2cd0c1a9e569f913d8e1812820a
data/audio/samples/B5_asr_bn/vox_e6bc861202c845ae9a691b9bff1b2306.wav,vox,box,vox,1.0,1,Sustention,initial,m1,B5_asr_bn,1af35961284c3d456c342c96b8df50f5
data/audio/samples/clean/English/test-data/miss_62356ec5a7a545a4a84e779787692966.wav,miss,myth,miss,1.0,1,Sibilation,final,f2,clean,383c80cb3b1cc5127207d8117e7ecde2
data/audio/samples/B2_mcadams/laws_79819ea5b33246b69c73d57502ac6ebf.wav,laws,loss,laws,1.0,1,Voicing,final,m2,B2_mcadams,b491db8411c901c8d3f112dfa551f319
data/audio/samples/B3_sttts/loss_3b094f21dc2d442dab8171b6a257ffa5.wav,loss,laws,loss,1.0,1,Voicing,final,f1,B3_sttts,f882306656f6fd770b69adc890c7a629
data/audio/samples/B4_nac/big_a40aa5aecfdc4cbfa681a703e1ca8499.wav,big,bib,big,1.0,1,Compactness,final,m1,B4_nac,1a192a7937e8ef32d626189cd276492c
data/audio/samples/B2_mcadams/chew_ed7892e15c974792b0fa391a31ed90ad.wav,chew,coo,chew,1.0,1,Sibilation,initial,f2,B2_mcadams,f62f99806dc07e7499d0c6ece95c3bf0
data/audio/samples/B3_sttts/moss_1a7921e09d324dcfb1913e80d0a6ba9d.wav,moss,boss,moss,1.0,1,Nasality,initial,m2,B3_sttts,e5d2162129c0f5e42a5c6b495271a4e6
data/audio/samples/B4_nac/slob_f1f1958a5f5345b394c68c223f54b328.wav,slob,slav,slob,0.997527420520782,1,Sustention,final,f2,B4_nac,7e6c0d4d3e100bce2e54d0c4a34e1311
data/audio/samples/B5_asr_bn/cop_f95fcf37b83b4be181eeb55ab6dec842.wav,cop,chop,cop,1.0,1,Sibilation,initial,f1,B5_asr_bn,7f14509c5be2fd405be30a80228d0473
data/audio/samples/clean/English/test-data/loom_95c760abf5594b2a8825589a9e226f28.wav,loom,loon,loom,1.0,1,Graveness,final,m1,clean,527789af4eec17720d275ba48a7ca549
data/audio/samples/B2_mcadams/peak_0f7c91fc91044f70bfa72964b50d7421.wav,peak,teak,peak,1.0,1,Graveness,initial,f1,B2_mcadams,5baff2d05adb50889c479dc1ae5ea585
data/audio/samples/B3_sttts/bob_26619b9f336940ef9df5183ff37cdcd7.wav,bob,bomb,bob,1.0,1,Nasality,final,f1,B3_sttts,5e79b93689cb5dbaa05cbae203635c28
data/audio/samples/B4_nac/web_40eda36e24004a95a76f65acff11eb87.wav,web,wed,web,1.0,1,Graveness,final,f2,B4_nac,f403d83ca9d0f774dc26e8d0d654442f
data/audio/samples/B5_asr_bn/dupe_4f15b7495315406f8735358fd934ac82.wav,dupe,duke,dupe,1.0,1,Compactness,final,f2,B5_asr_bn,61a1c989de183f288be88f6ffb61eb76
data/audio/samples/clean/English/test-data/bean_f782611c4074454bb40657523294be04.wav,bean,peen,bean,1.0,1,Voicing,initial,m2,clean,6c89583301a9125808afefd8ba3452a7
data/audio/samples/B2_mcadams/dank_ccbd3c634c8f4afe9131c4a8d2df2681.wav,dank,bank,dank,1.0,1,Graveness,initial,f2,B2_mcadams,e69dec9dfba91eac69b29383a028a36b
data/audio/samples/B3_sttts/edge_c07e06cdb9af4e538bdb1ea1960771bf.wav,edge,egg,edge,1.0,1,Sibilation,final,m2,B3_sttts,6140d3c9dd8654b2545642176c636dbd
data/audio/samples/B4_nac/knob_577dae61f05c4e9b8df94671082e4a75.wav,knob,nog,knob,1.0,1,Compactness,final,f2,B4_nac,b9dd12177e67fa817a638408ccc9bd81
data/audio/samples/B5_asr_bn/oat_9f4d42f3a6cd4e5091d5467983c7c4ce.wav,oat,oak,oak,1.0,0,Compactness,final,f1,B5_asr_bn,6d47188f2deffa5eaf3532bdb4c8add6
data/audio/samples/TTS_Qwen/screen_Ryan.wav,screen,screed,screen,1.0,1,Nasality,final,TTS_Ryan,TTS_Qwen,e28af29bbfe46b53fe460594057652fd
data/audio/samples/clean/English/test-data/dan_9b43711399ed41608d75fe5a374bb609.wav,dan,than,dan,0.99999988079071,1,Sustention,initial,m1,clean,018663ee0a2371e22109ab9b217124df
data/audio/samples/B2_mcadams/gauze_2d03955042484ac0835fb289fc22bf93.wav,gauze,jaws,gauze,1.0,1,Sibilation,initial,f2,B2_mcadams,bbc4bb883a4bdc86cc89d970ae78fd7d
data/audio/samples/B3_sttts/flawed_8b1ed85efbe6457d93c5a267b8f03ef9.wav,flawed,flog,flawed,0.99999988079071,1,Compactness,final,m1,B3_sttts,72af50c81dc6affaf05ac256962c70c5
data/audio/samples/B4_nac/nip_c40c1168ce10478795c0d7372c0a67ed.wav,nip,dip,nip,1.0,1,Nasality,initial,f1,B4_nac,2eb53c1b54efae189a9ea0b08ae7ce22
data/audio/samples/B5_asr_bn/bob_26619b9f336940ef9df5183ff37cdcd7.wav,bob,bomb,bob,1.0,1,Nasality,final,f1,B5_asr_bn,11d9adc0a6844ace5bc1f3c27bfcbdcc
data/audio/samples/clean/English/test-data/bomb_8dc6271be1324d1fbf688fe1d3537351.wav,bomb,bob,bomb,1.0,1,Nasality,final,f1,clean,9a1ad3b64408c95e9e145c48b1543d77
data/audio/samples/B2_mcadams/wed_dc79e9885bbc40e2ad36cff72664fe5d.wav,wed,web,web,0.622459352016449,0,Graveness,final,m1,B2_mcadams,8620ec5568cfc654e03137e5ab56a613
data/audio/samples/B3_sttts/teak_cd00a7a0a7384016ae56db065e7bebee.wav,teak,peak,teak,1.0,1,Graveness,initial,f2,B3_sttts,10c32611b331c42965959550af49ed92
data/audio/samples/B4_nac/yield_ea829693e3b7497ca5b32d39210db467.wav,yield,wield,yield,1.0,1,Compactness,initial,m1,B4_nac,459c93917e16c81e31395f83be7a53f0
data/audio/samples/B4_nac/bag_91563fc06079426f91f6fba93ba67dce.wav,bag,back,bag,1.0,1,Voicing,final,f2,B4_nac,8388c63fc4db6d2d98b0516d7b24d93a
data/audio/samples/B5_asr_bn/ross_b33a2aacaffe41518e2d1ad88918f468.wav,ross,wroth,ross,1.0,1,Sibilation,final,f2,B5_asr_bn,20f83d2ae44cce351987ac49a715aefe
data/audio/samples/clean/English/test-data/sue_b6a2b40046574a3c97b9c0036bb91dba.wav,sue,zoo,sue,1.0,1,Voicing,initial,f2,clean,d2fcdde210ca42080b0f6b9dcee5f837
data/audio/samples/B2_mcadams/broad_2806b6d7090f446db8ed9494a91aee3a.wav,broad,brawn,broad,1.0,1,Nasality,final,f1,B2_mcadams,6e7a907b841e20c7c603cc9a5aaf912f
data/audio/samples/B3_sttts/yield_253106939dd1417998e477277d78c017.wav,yield,wield,yield,1.0,1,Compactness,initial,f2,B3_sttts,19ea374939ddf9d2da4448d7f3e49b33
data/audio/samples/B4_nac/strobe_0e6b19b9557f47b79c7fb0bf2474f9a4.wav,strobe,strode,strobe,0.999876618385315,1,Graveness,final,m1,B4_nac,a8be158fa688e15ed072c12f2fe41774
data/audio/samples/B5_asr_bn/wad_e3c72211920b4abd9a2f766828058581.wav,wad,rod,wad,1.0,1,Graveness,initial,m2,B5_asr_bn,8cc540b1a6dd562f2f1e070ca4a28cfe
data/audio/samples/clean/English/test-data/pack_7bd46d8e5e914bceb77f3e94197e22f1.wav,pack,patch,pack,1.0,1,Sibilation,final,m2,clean,e3335d3f6a81e7e7db6c6fbe3393fa8b
data/audio/samples/B2_mcadams/peen_fb6fe35bb3b34ba29efa7540b23c259f.wav,peen,bean,peen,1.0,1,Voicing,initial,m2,B2_mcadams,e6e1f84107c762930da52d511f7df295
data/audio/samples/B3_sttts/dupe_0fb5be1340a649b583cab05ba779ef3d.wav,dupe,duke,duke,0.999989867210388,0,Compactness,final,m1,B3_sttts,03848f510be7227e0a06aa6fa920ecbe
data/audio/samples/B4_nac/tool_8cf17a99ee524a24b59cadca5d991844.wav,tool,pool,tool,1.0,1,Graveness,initial,f2,B4_nac,85dd1005acc4565645e1648c8ab4bd0d
data/audio/samples/B5_asr_bn/chair_edcb61c6709842368f50b7d5a0b61139.wav,chair,care,chair,1.0,1,Sibilation,initial,m1,B5_asr_bn,d936e29839b5b292f77fc9a8ec3e7326
data/audio/samples/clean/English/test-data/dong_dc58a70197804e81becf49e41bd2cd65.wav,dong,bong,dong,1.0,1,Graveness,initial,f2,clean,675bc53b0f26b671de06c44d63f5df57
data/audio/samples/B2_mcadams/class_4dbfdf59ebd2447e9824c6a808b466c2.wav,class,clash,class,1.0,1,Compactness,final,m1,B2_mcadams,3fc3060372df5d2742d1b239d49635dd
data/audio/samples/B3_sttts/screen_ab995505cc65487f98e9af65be284ad7.wav,screen,screed,screed,0.99999988079071,0,Nasality,final,f1,B3_sttts,85d0a3ffb44b7e96b2f2870746281823
data/audio/samples/B4_nac/foal_431b7edf360e4107a036051a576b5716.wav,foal,vole,foal,1.0,1,Voicing,initial,m2,B4_nac,fc2c726eb40e806142ce5484ac357e93
data/audio/samples/B5_asr_bn/reef_93111543da104151aa8c69de742fec19.wav,reef,wreath,wreath,0.997527420520782,0,Graveness,final,f2,B5_asr_bn,387c4cdfe8d53fc132b6b871d9720bd2
data/audio/samples/TTS_Qwen/bond_Ryan.wav,bond,pond,bond,1.0,1,Voicing,initial,TTS_Ryan,TTS_Qwen,f7cb6a13241c81161adb141c626b78dc
data/audio/samples/clean/English/test-data/show_d7eff0d0807d4cf8b1642cf69b1df53a.wav,show,so,show,1.0,1,Compactness,initial,f1,clean,24327a333af6b0651fd0e69291982d49
data/audio/samples/B2_mcadams/dot_9d01e993b0774ddf820d814f5ac328f0.wav,dot,got,dot,1.0,1,Compactness,initial,f2,B2_mcadams,2337dce4ba793a18d155136e247dedc5
data/audio/samples/B3_sttts/pack_2f6e3d91715946358e566d74cba37430.wav,pack,patch,pack,1.0,1,Sibilation,final,f2,B3_sttts,9d6669ebf25c8afac1c1d1e2285ea662
data/audio/samples/B4_nac/back_d031b13b50d545d1af27396b3c80022c.wav,back,bag,back,1.0,1,Voicing,final,m1,B4_nac,e5f35c5b81812ce6fc090593ce234321
data/audio/samples/B5_asr_bn/nog_9ca2116431f847e6bff6d2e3f41824a8.wav,nog,knob,nog,1.0,1,Compactness,final,m2,B5_asr_bn,f29ee4d93069464e0ed9c86e8ac6cfad
data/audio/samples/clean/English/test-data/flesh_2c0e839ef3824e4e81bbf1c117643fee.wav,flesh,fletch,flesh,1.0,1,Sustention,final,m1,clean,e51a5c0e3e1973d582a24c9d8dc4976b
data/audio/samples/B4_nac/notch_fa3c3425065140199f620dbbbac73f82.wav,notch,knock,notch,1.0,1,Sibilation,final,f2,B4_nac,783567997e707c8907399e5e4161668d
data/audio/samples/B5_asr_bn/neck_8f56e8bbf7c24840989a473e4a786224.wav,neck,deck,neck,1.0,1,Nasality,initial,m1,B5_asr_bn,b84219394ee62722b8a050a4d88e5da6
data/audio/samples/clean/English/test-data/hodge_422aa5a0fe93473aac82b5462a41b859.wav,hodge,hotch,hodge,1.0,1,Voicing,final,f2,clean,d6b03378627aa0521292db0f328478a8
data/audio/samples/B2_mcadams/foal_431b7edf360e4107a036051a576b5716.wav,foal,vole,foal,0.851952850818634,1,Voicing,initial,m2,B2_mcadams,c282e160b0532794642104878afc5e1d
data/audio/samples/B3_sttts/soothe_0c91b201cefa4c1cbc45bcba84adee99.wav,soothe,sues,soothe,1.0,1,Sibilation,final,m2,B3_sttts,a5afc408ee73b5fafeb0ed004ed7728d
data/audio/samples/B4_nac/rod_2172afb9e44d44dca9ad4cc6f9ea1690.wav,rod,wad,rod,1.0,1,Graveness,initial,m2,B4_nac,107a4e0243eef011491c6c8a5601d899
data/audio/samples/B5_asr_bn/goop_ce0daef4bf734ee3a495a202147ddf0e.wav,goop,goof,goop,0.995929896831512,1,Sustention,final,m2,B5_asr_bn,678f16e9142de67aae6e56bf2f678911
data/audio/samples/clean/English/test-data/fit_a3caacc4a4aa4643963c85d3817a7412.wav,fit,hit,fit,1.0,1,Compactness,initial,f1,clean,1998423bb160ed034361b0ea34033ebc
data/audio/samples/B2_mcadams/broke_1fbabe215eb14904bdcb9593aecda906.wav,broke,brogue,broke,1.0,1,Voicing,final,f1,B2_mcadams,2849e7fc98205a59f9f4c27e8680b2c0
data/audio/samples/B3_sttts/thick_2c94109ad2bf4273b5da8a8832dfd87a.wav,thick,tick,thick,1.0,1,Sustention,initial,m2,B3_sttts,5c9cd2d5c9a55fdd9b099d0bc9557130
data/audio/samples/B4_nac/brawn_c3d0b1ad304c4ef1b386c132bb351d35.wav,brawn,broad,brawn,1.0,1,Nasality,final,f1,B4_nac,e7ec97f3f535b8464e327388b5dd52a4
data/audio/samples/B5_asr_bn/seed_41bcff27bd03402fbb4a28628b3cf1a9.wav,seed,seethe,seethe,1.0,0,Sustention,final,f2,B5_asr_bn,7f60e8404cf6d21e8449ae48b0142365
data/audio/samples/clean/English/test-data/peak_badf2221122a4b4bab50441efe342b60.wav,peak,teak,peak,1.0,1,Graveness,initial,m2,clean,8776ba989975fa6d7b68ffcb55222878
data/audio/samples/B2_mcadams/thin_020efda76dad4da88a75d28d257ddfb2.wav,thin,fin,fin,1.0,0,Graveness,initial,f2,B2_mcadams,b4129294b4daedd60d87cb242e8ccc41
data/audio/samples/B3_sttts/jilt_e3c99c5d99184e24ab660cc26866aa92.wav,jilt,guilt,jilt,1.0,1,Sibilation,initial,f2,B3_sttts,b238065b8aa18525e84b1a7c7c74be1a
data/audio/samples/B4_nac/goof_e5896b5a3a3e4379a1ec2e7e0a54312c.wav,goof,goop,goof,1.0,1,Sustention,final,f2,B4_nac,920c5b7b21414fa0a94a7d47b162bdd0
data/audio/samples/B5_asr_bn/nog_5ddcffe8b5f44021a47e0c1a8664df54.wav,nog,knob,nog,1.0,1,Compactness,final,m1,B5_asr_bn,fab1421f27f7704d2672ccbf20a593fe
data/audio/samples/TTS_Qwen/peak_Ryan.wav,peak,teak,peak,1.0,1,Graveness,initial,TTS_Ryan,TTS_Qwen,bb00bbf103b15629f450382a97166eae
data/audio/samples/clean/English/test-data/jeb_2e37fcf30a954440b967c17040b9c5e2.wav,jeb,gem,jeb,1.0,1,Nasality,final,f1,clean,40e43d106e648efcce5c95a11ed448dc
data/audio/samples/B2_mcadams/daunt_87ec154ca7e344aba204672621fb7f22.wav,daunt,taunt,daunt,1.0,1,Voicing,initial,f2,B2_mcadams,13e84f7c8b9304aaeed33da45cca600c
data/audio/samples/B3_sttts/sues_6731f2a9ba7c455db8dd6d3ea2428b9c.wav,sues,soothe,sues,0.993307173252106,1,Sibilation,final,m1,B3_sttts,a569f2b272434e3da2115aeefc8e7340
data/audio/samples/B4_nac/bag_46fea23f510543c8808326780a9e2d9e.wav,bag,back,bag,1.0,1,Voicing,final,m2,B4_nac,39683616e2873215d1bb977130f4d1d5
data/audio/samples/B5_asr_bn/zee_236be66a9c8c470e97843f32b393c664.wav,zee,thee,thee,0.993307173252106,0,Sibilation,initial,f2,B5_asr_bn,08fcbac9cd7242d1c3e37d61b6c6f7aa
data/audio/samples/clean/English/test-data/pence_3077fca93d6a48fa90aa5e6de14d197a.wav,pence,fence,pence,1.0,1,Sustention,initial,f1,clean,84736b65b053ccd0a7794a8e67db00c4
data/audio/samples/clean/English/test-data/back_8a801230114144b6b03250ffc28f2049.wav,back,bag,back,1.0,1,Voicing,final,m2,clean,554f71fec8fb737f115856f13df1f008
data/audio/samples/B2_mcadams/knock_cdda1155bef54063936f5bbd78546aef.wav,knock,dock,knock,1.0,1,Nasality,initial,f1,B2_mcadams,f4fb1097db3da7de29cddd030939a191
data/audio/samples/B3_sttts/fletch_f80b7830ee2c4fa28cf3e62b78c78451.wav,fletch,flesh,fletch,0.999999642372131,1,Sustention,final,m1,B3_sttts,bf12cce88cc0de3a18c1565601263e35
data/audio/samples/B4_nac/caught_783b47a233c546b994fd1731f80b47f1.wav,caught,taught,caught,1.0,1,Compactness,initial,m1,B4_nac,9d0e578091d896737cee910a10351bb6
data/audio/samples/B5_asr_bn/knock_d57b277f341d4e52b4571ac3353e0c4b.wav,knock,dock,knock,1.0,1,Nasality,initial,m1,B5_asr_bn,e3a11a18f5efefd6349d4a90f139c396
data/audio/samples/clean/English/test-data/dank_ccbd3c634c8f4afe9131c4a8d2df2681.wav,dank,bank,dank,1.0,1,Graveness,initial,f2,clean,170b705c7ed1ec862a45a839854b7847
data/audio/samples/B2_mcadams/coo_57027a9d6542467cacc56d661ccc6913.wav,coo,chew,coo,0.999447166919708,1,Sibilation,initial,m2,B2_mcadams,e07329fc80a8da599a6df64bc55be970
data/audio/samples/B3_sttts/rap_ef20f4900cc44ba3ae7223af57c8b44b.wav,rap,rat,rap,1.0,1,Graveness,final,f2,B3_sttts,931c5863339e91db7bf9fda8595e4830
data/audio/samples/B4_nac/patch_ba1c216f64db41a0a3da0c7d7e158c49.wav,patch,pack,patch,0.679178714752197,1,Sibilation,final,f1,B4_nac,d30f8882679857f842ce23372ba092c5
data/audio/samples/B5_asr_bn/breeze_ec043b59f7c64297b745fd1f6bb85e5e.wav,breeze,breathe,breeze,0.999983310699463,1,Sibilation,final,f1,B5_asr_bn,ee0f645706dceac7df9076258fb00cc5
data/audio/samples/clean/English/test-data/pack_534e249d70844d92a6946a2a0ff33b53.wav,pack,patch,pack,1.0,1,Sibilation,final,m1,clean,2225ff803acaca8b674f259513d27a88
data/audio/samples/B2_mcadams/goop_c2392378a55044c4885fe2e054559389.wav,goop,goof,goop,0.999997735023499,1,Sustention,final,f2,B2_mcadams,e70f1363ee350a48c7c37ca069427701
data/audio/samples/B3_sttts/you_bda1a81a82334d2db0c27551d216f815.wav,you,rue,you,1.0,1,Compactness,initial,f1,B3_sttts,39e31ade366974434295951323ea2c69
data/audio/samples/B4_nac/loop_de61ea96593046f3ba2427145dd1ce4a.wav,loop,lube,loop,1.0,1,Voicing,final,m2,B4_nac,3afda1bd5af9f41d270e8e90a2497eaf
data/audio/samples/B5_asr_bn/dupe_d67e9873d9f84854961a093228e3c54a.wav,dupe,duke,duke,0.997527420520782,0,Compactness,final,m2,B5_asr_bn,7679e50c87b0bea86bab824e2fed16aa
data/audio/samples/clean/English/test-data/met_bcdd636243124a49b408ed7d7e3deadf.wav,met,net,met,1.0,1,Graveness,initial,m2,clean,352299055450378da0b6adbf58a38915
data/audio/samples/B2_mcadams/screed_37369a9cb8aa4fe2b043d86bcf2e5986.wav,screed,screen,screen,0.999876618385315,0,Nasality,final,m2,B2_mcadams,043505d253fdd2a16246e1d894b77a41
data/audio/samples/B3_sttts/calf_49cd8892384e4279830ade6838bc9988.wav,calf,gaff,calf,0.99999988079071,1,Voicing,initial,f2,B3_sttts,23899aa96b6a51893f88820326cf7635
data/audio/samples/B4_nac/knock_d57b277f341d4e52b4571ac3353e0c4b.wav,knock,notch,knock,1.0,1,Sibilation,final,m1,B4_nac,ea4dd3d164859d44fd37b3f7b1a1952c
data/audio/samples/B5_asr_bn/goop_326102aaed714646876dc0acc3dc4cfd.wav,goop,goof,goop,1.0,1,Sustention,final,f1,B5_asr_bn,78fd77143cb00454f636b431a415fe14
data/audio/samples/TTS_Qwen/breathe_Ryan.wav,breathe,breeze,breathe,1.0,1,Sibilation,final,TTS_Ryan,TTS_Qwen,b809d78e19a070721ebb750c36b5404b
data/audio/samples/clean/English/test-data/box_021177646c7c45348078771d920f0acf.wav,box,vox,box,1.0,1,Sustention,initial,f2,clean,d3bf89069653f468db8bf073956f72b9
data/audio/samples/B2_mcadams/thee_40ae6e93006d4c9ca1813e0870e20a28.wav,thee,zee,thee,1.0,1,Sibilation,initial,m1,B2_mcadams,9cdab4c778805afb30ecc8179347bd83
data/audio/samples/B3_sttts/bed_e27ce4c1e13741b09ab63cecfca64022.wav,bed,beg,bed,1.0,1,Compactness,final,m1,B3_sttts,15396f4211ebe747c90f74d3269e391b
data/audio/samples/clean/English/test-data/thick_2c94109ad2bf4273b5da8a8832dfd87a.wav,thick,tick,thick,1.0,1,Sustention,initial,m2,clean,25883659b79221489f9dbc7d83342ca1
data/audio/samples/B2_mcadams/fin_f57e905a6739482c9e092e1f32f81cec.wav,fin,thin,fin,1.0,1,Graveness,initial,f1,B2_mcadams,d3961ccf4394f3f68681920d7710d0aa
data/audio/samples/B3_sttts/hop_8d0b1f330e0e49d8b8617585fbe81abc.wav,hop,hot,hot,1.0,0,Graveness,final,f2,B3_sttts,8b94bf4066a76446b098b337c7dde810
data/audio/samples/B4_nac/coo_12aa201c92ae44b285855d6d12a76c18.wav,coo,chew,coo,1.0,1,Sibilation,initial,f2,B4_nac,08486d2815b13356d62bf4490ee884c2
data/audio/samples/B5_asr_bn/flesh_97404cbbb1e44869be48931bf837f18f.wav,flesh,fletch,flesh,1.0,1,Sustention,final,f1,B5_asr_bn,25d71189305d185af34d1c1af05ee61b
data/audio/samples/TTS_Qwen/fence_Ryan.wav,fence,pence,fence,1.0,1,Sustention,initial,TTS_Ryan,TTS_Qwen,821d28656a9e6d2571146db5aa9b12af
data/audio/samples/clean/English/test-data/rich_26c56b23246943c5a1407242f36fb9ee.wav,rich,ridge,rich,1.0,1,Voicing,final,f2,clean,bbfdd751eb655c234e77c9319d9f07ae
data/audio/samples/B2_mcadams/wed_dd25cd24ae984ecd80ba9c733c5cb68a.wav,wed,web,wed,0.952574133872986,1,Graveness,final,f1,B2_mcadams,49be3e7d6576127e4a0f0d840ecd1596
data/audio/samples/B3_sttts/nip_b1287f3bf55a4efc98922f5bc07735f6.wav,nip,dip,nip,1.0,1,Nasality,initial,m2,B3_sttts,665d44588dbb55aeffabac4814150807
data/audio/samples/B4_nac/lib_cc12868019e14f0982d1ee2ec35e6a16.wav,lib,live,live,1.0,0,Sustention,final,f2,B4_nac,8e743e6922522e86da2cac64edafa13d
data/audio/samples/B5_asr_bn/dock_5b95873528c34f5eba7b48278dae7e40.wav,dock,knock,dock,1.0,1,Nasality,initial,m2,B5_asr_bn,0cd8a8e6153945e9c1e959618fb5bc18
data/audio/samples/clean/English/test-data/pence_8da9885e0d3842a1afddbe699b7998f6.wav,pence,fence,pence,1.0,1,Sustention,initial,m2,clean,a4bc23a74a2e5f521743d562340de0c6
data/audio/samples/B2_mcadams/back_8a801230114144b6b03250ffc28f2049.wav,back,bag,back,1.0,1,Voicing,final,m2,B2_mcadams,e0339cf1fdcd35c4450df25d001d841b
data/audio/samples/B3_sttts/loom_c58cbbb86f294f93aa1c661e7e064518.wav,loom,loon,loom,0.999999165534973,1,Graveness,final,m2,B3_sttts,686083ec63570ffa2ecbcc667188a666
data/audio/samples/B4_nac/noon_d5477b2f443448298388a7a3070dba6e.wav,noon,nude,noon,0.999925136566162,1,Nasality,final,m1,B4_nac,a3b4e991e15002717998e87aa3a0cac4
data/audio/samples/B5_asr_bn/slob_f1f1958a5f5345b394c68c223f54b328.wav,slob,slav,slav,0.999664664268494,0,Sustention,final,f2,B5_asr_bn,49c2f7571c4aa7a13ff4183ec4ee4970
data/audio/samples/clean/English/test-data/oak_94c3764315eb4de4a8faf813125f8404.wav,oak,oat,oak,1.0,1,Compactness,final,f1,clean,d6fc99e0711082beadec1ca4dc4a1bad
data/audio/samples/B2_mcadams/dote_4e11e7152cf24f3ea44d76db2e5a22cf.wav,dote,note,dote,1.0,1,Nasality,initial,m2,B2_mcadams,f355b013c236380e323227c393551247
data/audio/samples/B3_sttts/sank_b5c8cd0632d349ea9497acf417ac16a9.wav,sank,thank,sank,1.0,1,Sibilation,initial,m2,B3_sttts,976285de4c803741b453d13ad3859818
data/audio/samples/B4_nac/dough_8d98d4b030874a85b36c60b85a3b7414.wav,dough,though,dough,1.0,1,Sustention,initial,m1,B4_nac,d6853c58c9e9a31d2227ce7222341a03
data/audio/samples/B5_asr_bn/moss_0c00e32f8a924c4aa5fb257c5f2bed6e.wav,moss,boss,moss,1.0,1,Nasality,initial,f2,B5_asr_bn,39150e839710aa6fd7324c1de7892192
data/audio/samples/clean/English/test-data/keg_fabb9691a3c349e0bf9ff316d3de669a.wav,keg,peg,keg,1.0,1,Compactness,initial,f1,clean,42fc26be26035be8675c6e0d31ebb113
data/audio/samples/B2_mcadams/fit_a3caacc4a4aa4643963c85d3817a7412.wav,fit,hit,fit,1.0,1,Compactness,initial,f1,B2_mcadams,519807687c5a19176ed0dd2c10c574dd
data/audio/samples/B3_sttts/vox_ac548fb84b42460caa8cf782ceacb5ff.wav,vox,box,vox,1.0,1,Sustention,initial,f2,B3_sttts,626873ebef1de6621da7b1ae761199c2
data/audio/samples/B2_mcadams/jilt_c3b540be59944ddeb1df22961e039f6e.wav,jilt,guilt,jilt,1.0,1,Sibilation,initial,m2,B2_mcadams,8f2a284d38892125e1bf7525f06a1cbd
data/audio/samples/B3_sttts/beat_4d86f1ee97d843ecb93150ee4e4324aa.wav,beat,meat,beat,1.0,1,Nasality,initial,f2,B3_sttts,f2c48ce6614dcadbbe247b6da20393c4
data/audio/samples/B4_nac/beat_bf69b836f71c4c0c878749dddbc8ff9b.wav,beat,meat,meat,1.0,0,Nasality,initial,f1,B4_nac,0bb1704a695cccae847c89a3678b5885
data/audio/samples/B5_asr_bn/thee_34b10126cd3e4d64a83958ce8789797e.wav,thee,zee,thee,1.0,1,Sibilation,initial,m2,B5_asr_bn,2854238bb00822b4bfc4362d8e5a16c6
data/audio/samples/clean/English/test-data/pool_4ef566a6cde144cd9d33d939ca953f02.wav,pool,tool,tool,0.999999642372131,0,Graveness,initial,f2,clean,90ef93e9802473c2d71cb3bd8f3e5035
data/audio/samples/B2_mcadams/oat_9f4d42f3a6cd4e5091d5467983c7c4ce.wav,oat,oak,oak,1.0,0,Compactness,final,f1,B2_mcadams,eefe4c11c9fb7b76c746b3ce19b0d84c
data/audio/samples/B3_sttts/boot_da257ba5ec35449aa5620e218c636005.wav,boot,moot,boot,1.0,1,Nasality,initial,f2,B3_sttts,f6e641d834401b031862f5eb1ac8b30b
data/audio/samples/B4_nac/rev_9eefee1e984d449fa3ec2b542a67963a.wav,rev,ref,rev,1.0,1,Voicing,final,m2,B4_nac,cc47771fce2d93b33cebf9dfbe0d7664
data/audio/samples/B5_asr_bn/tense_df86f4a818a14bd097925a284738cd2a.wav,tense,dense,tense,1.0,1,Voicing,initial,m2,B5_asr_bn,f12e7c2c1c792a60885991b1a1424fab
data/audio/samples/clean/English/test-data/mode_a896ec7da12b40af90557d04fc3b0e8f.wav,mode,moan,mode,1.0,1,Nasality,final,m2,clean,3de50f221d0105b74eb405faab3b7037
data/audio/samples/B2_mcadams/growth_c0adb0283e1f4bb9a69684245504b970.wav,growth,gross,gross,1.0,0,Sibilation,final,m1,B2_mcadams,bc7b316e72bfff21bc88d2dc65dac4c4
data/audio/samples/B3_sttts/troth_92731af20a9f4589a711fbf95835defc.wav,troth,trough,trough,1.0,0,Graveness,final,m1,B3_sttts,238255ab6024be266b9d91c536d1342f
data/audio/samples/B4_nac/edge_c07e06cdb9af4e538bdb1ea1960771bf.wav,edge,egg,edge,1.0,1,Sibilation,final,m2,B4_nac,0448cae8f720e3dae347b18498d70acf
data/audio/samples/B5_asr_bn/troth_803c3bac2aaf42dd9f9af615d3f68b71.wav,troth,trough,troth,0.999997735023499,1,Graveness,final,f2,B5_asr_bn,86c1e0bb113020e3e60f601f772aad25
data/audio/samples/TTS_Qwen/seed_Ryan.wav,seed,seethe,seed,1.0,1,Sustention,final,TTS_Ryan,TTS_Qwen,275266dda8553980392d5d7370f9f9c4
data/audio/samples/clean/English/test-data/you_fc3a4edad1f54b3fbfc18f9efcb317af.wav,you,rue,you,1.0,1,Compactness,initial,f2,clean,8cdf25a6cff23b1d5fe52720433cba50
data/audio/samples/B2_mcadams/moot_201176bda1224f538da772474ee36a7f.wav,moot,boot,moot,1.0,1,Nasality,initial,m2,B2_mcadams,4be0c32a1f486d3796aea1854adaf666
data/audio/samples/B3_sttts/calf_49cd8892384e4279830ade6838bc9988.wav,calf,cap,calf,1.0,1,Sustention,final,f2,B3_sttts,23899aa96b6a51893f88820326cf7635
data/audio/samples/B4_nac/bed_2f0f611c0eac4fa59916464bcc2e9913.wav,bed,beg,bed,1.0,1,Compactness,final,f1,B4_nac,d4ff023738542aa274973c036c3b59f1
data/audio/samples/B5_asr_bn/than_77c83e59d6d74759bdba60d7097987ee.wav,than,dan,than,1.0,1,Sustention,initial,m2,B5_asr_bn,86ea582fa3d33e64330d6074a21408b5
data/audio/samples/clean/English/test-data/brogue_dcda87af16b04bf4ba8aa0627b71da5d.wav,brogue,broke,brogue,1.0,1,Voicing,final,m2,clean,ce0652c6ba952264fe087b4f22ee6b59
data/audio/samples/B2_mcadams/ridge_e3b83da0ae1d47b393f8868692091cd4.wav,ridge,rich,ridge,0.622459352016449,1,Voicing,final,m2,B2_mcadams,c1845e6aaecc801468880bc6119b81da
data/audio/samples/B3_sttts/peen_39ee1cde66174cb0857cffa134cc33c3.wav,peen,bean,peen,1.0,1,Voicing,initial,f1,B3_sttts,a49b7bbba55f6dd1f1d4bd40eea84554
data/audio/samples/B4_nac/live_34bb0fedcaa74f2b836c8bf91a8bc952.wav,live,lib,live,1.0,1,Sustention,final,m1,B4_nac,b15873886d08f501edd34cd6ce658b48
data/audio/samples/B3_sttts/neck_48bec704b21f4b5faa739f26f3c1ca98.wav,neck,deck,neck,1.0,1,Nasality,initial,f2,B3_sttts,4376594195bb521bb54bcf92ccc56c8b
data/audio/samples/B4_nac/hop_8d0b1f330e0e49d8b8617585fbe81abc.wav,hop,hot,hop,1.0,1,Graveness,final,f2,B4_nac,28c81e166291a41693ed10d262151947
data/audio/samples/B5_asr_bn/dan_c70578c9239647118cf273a53b6c11d5.wav,dan,than,than,0.993307173252106,0,Sustention,initial,f1,B5_asr_bn,bf4a9526c52ea5eee8009c8e2098f0a8
data/audio/samples/clean/English/test-data/rap_6408127f141244abbf79d33dc212719b.wav,rap,rat,rap,1.0,1,Graveness,final,m1,clean,02e00ebb8dee3872a5be4ed82ee8c89e
data/audio/samples/B2_mcadams/reef_e51bddeb7562466baf04498bd021c188.wav,reef,wreath,reef,0.997527420520782,1,Graveness,final,f1,B2_mcadams,70879a5196ed668a3621570a7f61f965
data/audio/samples/B3_sttts/caught_e43ecab2fe694d699a39cfa2bd27b4fe.wav,caught,taught,taught,0.99999988079071,0,Compactness,initial,f2,B3_sttts,daed6f128a6557963bb7de7d26b68c07
data/audio/samples/B4_nac/rib_eee6af57075a40fb8c0a81e68be7d1e3.wav,rib,rim,rib,0.982013761997223,1,Nasality,final,f1,B4_nac,38145ee6d4dcdfd7c7b9b1c66e571619
data/audio/samples/B5_asr_bn/shoes_f253a2516943472e896eeb3ff9784453.wav,shoes,choose,shoes,1.0,1,Sustention,initial,f2,B5_asr_bn,e5e02f17c7fd490c35480833c5f6500c
data/audio/samples/TTS_Qwen/dong_Ryan.wav,dong,bong,dong,1.0,1,Graveness,initial,TTS_Ryan,TTS_Qwen,77a4d1665de3b993257c98bfb280b09d
data/audio/samples/clean/English/test-data/dip_3cacd90a8c4d459399697c2a65eb315b.wav,dip,nip,dip,1.0,1,Nasality,initial,f1,clean,e2c5749222cdc071877464f03d11ccfd
data/audio/samples/B2_mcadams/bank_aadff7c04b1644b1a092640bb58fcd92.wav,bank,dank,bank,1.0,1,Graveness,initial,f1,B2_mcadams,ca243ac86227afebca595962da09b15c
data/audio/samples/B3_sttts/seed_51ca302f05e74d639fea0e224197b98e.wav,seed,seethe,seethe,1.0,0,Sustention,final,m2,B3_sttts,2731f61bfd8a687787d59dd290a2637a
data/audio/samples/B4_nac/bob_218f369775444adfa9b343fd6f5256f4.wav,bob,bomb,bob,1.0,1,Nasality,final,m2,B4_nac,f73c1061fe19744f2b5eb1daf3ae0969
data/audio/samples/B5_asr_bn/moot_87e4d3c0bb624a0cbe30aec40c96ad1f.wav,moot,boot,moot,1.0,1,Nasality,initial,m1,B5_asr_bn,d9049d805389e5f42cf6bd5e3b607e64
data/audio/samples/clean/English/test-data/taught_0be195730c7642ba99c983e7e4ff9a38.wav,taught,caught,taught,1.0,1,Compactness,initial,f2,clean,a7d5856362e8be77858210a01c72b6cd
data/audio/samples/B2_mcadams/dot_08d39c684e744e7a94b005d0d4d65658.wav,dot,got,dot,1.0,1,Compactness,initial,m2,B2_mcadams,0733888eb18b755827092f7272c24cf8
data/audio/samples/B3_sttts/oat_9f4d42f3a6cd4e5091d5467983c7c4ce.wav,oat,oak,oak,1.0,0,Compactness,final,f1,B3_sttts,63afc566b8e23ecddc198ce64fca9a07
data/audio/samples/B4_nac/hotch_327ff5412f564d3e82107fc8f10ffa8a.wav,hotch,hodge,hotch,0.999876618385315,1,Voicing,final,m2,B4_nac,603a97a0281f08758df25cc0f3c9f1af
data/audio/samples/B5_asr_bn/fad_0409b062ccb84e47a6e8dac8008f11fc.wav,fad,fan,fan,0.999983310699463,0,Nasality,final,f1,B5_asr_bn,b09f3cd32afa84ae1b53ca589406129f
data/audio/samples/clean/English/test-data/flawed_b4285b291a6244cc94521646c405f4ff.wav,flawed,flog,flawed,0.999664664268494,1,Compactness,final,f1,clean,d1625b82efbc1a54bf41181d54892639
data/audio/samples/B2_mcadams/chop_83876092acc64d51aa41b11e53858304.wav,chop,cop,chop,1.0,1,Sibilation,initial,m1,B2_mcadams,405aadc25ed27803490f79bb03ae9717
data/audio/samples/B3_sttts/chair_3726fb3a32c24fe7be0baaa22a35cc98.wav,chair,care,care,0.989013075828552,0,Sibilation,initial,f2,B3_sttts,c2462e089d249ec5adb3e544ed54508e
data/audio/samples/B4_nac/cop_a2c2a94a4c984d04a458bf7dd219483f.wav,cop,chop,cop,1.0,1,Sibilation,initial,m2,B4_nac,204b2d9dd7e83f779a6011c7dfe96b0f
data/audio/samples/B5_asr_bn/dong_3d6868ed4c3b4595ad1809829630f9f3.wav,dong,bong,dong,1.0,1,Graveness,initial,f1,B5_asr_bn,a9562717015a644c675320473f015a4e
data/audio/samples/B4_nac/so_4bab6fde8ec54d4b93a26ffc6fe2fc80.wav,so,show,so,1.0,1,Compactness,initial,f1,B4_nac,95df24e9df8f2b6e71b0f51f4ef9f08b
data/audio/samples/B5_asr_bn/seep_d0c5706cf2bc483889ed1c3c5f5c2232.wav,seep,seek,seep,1.0,1,Compactness,final,f1,B5_asr_bn,3d90ceb9110dfb102f7002143b074f06
data/audio/samples/clean/English/test-data/loom_53fe929a4e1e416798105120b5393a18.wav,loom,loon,loom,1.0,1,Graveness,final,f2,clean,6d09891b1d0ef9c7757a1d97bb047975
data/audio/samples/B2_mcadams/strode_1725a6caa1c24b73b8be67e7b5a995af.wav,strode,strobe,strode,0.982013761997223,1,Graveness,final,m1,B2_mcadams,033b9dd52f4fc61b931f6bae8fdddcd1
data/audio/samples/B3_sttts/net_f570135e40d54c5096e085a3c2a6bf29.wav,net,met,met,0.817574441432953,0,Graveness,initial,f1,B3_sttts,53bbeba9a681a315b7a0c729b19d95e9
data/audio/samples/B4_nac/shim_8383037c83fd433f8e9556e6e3534890.wav,shim,shin,shim,1.0,1,Graveness,final,f1,B4_nac,435bf6481c2e6236f095a00eb4dfab10
data/audio/samples/B5_asr_bn/dough_115bbd400edb43e2a8cf083e97385004.wav,dough,though,dough,1.0,1,Sustention,initial,f2,B5_asr_bn,6cae6b25be3362e3524bc199bdab5918
data/audio/samples/clean/English/test-data/knob_894f9c40a97940c1a00782adb75b6aea.wav,knob,nog,knob,0.999089002609253,1,Compactness,final,f1,clean,f2d810723aeabfb28d675f62d4218c13
data/audio/samples/B2_mcadams/mad_33892441e87f46238933009af1b2b89b.wav,mad,bad,mad,1.0,1,Nasality,initial,f2,B2_mcadams,b218f00908a3ec32e3ecc711c5701dc3
data/audio/samples/B3_sttts/deck_d346d6cc25ee4c1cb7813d79a066a32e.wav,deck,neck,deck,1.0,1,Nasality,initial,m2,B3_sttts,87b439c5a5bf6ff30ca798a7c1207674
data/audio/samples/B4_nac/lube_9ab2dd6b180c4209afac04ea33184340.wav,lube,loop,lube,1.0,1,Voicing,final,m1,B4_nac,7c9265ebabeb6667ebc8c4332105df55
data/audio/samples/B5_asr_bn/hodge_78b3fbb934734210aa6e74c9706d1944.wav,hodge,hotch,hodge,1.0,1,Voicing,final,f1,B5_asr_bn,5cc2eb41d038cc45b641ab7eeb42e937
data/audio/samples/clean/English/test-data/chair_edcb61c6709842368f50b7d5a0b61139.wav,chair,care,chair,1.0,1,Sibilation,initial,m1,clean,5a027d6d724a4137886a5e123ffb9281
data/audio/samples/B2_mcadams/gat_809b803afed849448acfd01fdc0b2848.wav,gat,bat,gat,1.0,1,Compactness,initial,f1,B2_mcadams,da01c846d9c9c17b5b5f894156df8e9f
data/audio/samples/B3_sttts/chew_497269122d4f4c3ca034d6f7542ff4ae.wav,chew,coo,chew,1.0,1,Sibilation,initial,m1,B3_sttts,9f4c11a20f83ff1a1d0a67c91d00eb4d
data/audio/samples/B4_nac/teak_cd00a7a0a7384016ae56db065e7bebee.wav,teak,peak,peak,1.0,0,Graveness,initial,f2,B4_nac,0454569cafaa0588bc3abf956038fb34
data/audio/samples/B5_asr_bn/gaff_68b4d05846004c3f98c3707e4539a5de.wav,gaff,calf,gaff,0.5,1,Voicing,initial,f2,B5_asr_bn,c0b47d6a0a15935ea00b3e51d0028dc1
data/audio/samples/TTS_Qwen/so_Ryan.wav,so,show,so,1.0,1,Compactness,initial,TTS_Ryan,TTS_Qwen,253e9d60bd2ce5ae7d9d153bc940162e
data/audio/samples/clean/English/test-data/choose_1e2c60bf5da7489e9ec46e62901b86a4.wav,choose,shoes,choose,1.0,1,Sustention,initial,m2,clean,af57940a7e7dd4a5055c0ad3c308b005
data/audio/samples/B2_mcadams/slob_6ed845bdc2524972a196cf0ae04806bc.wav,slob,slav,slob,0.924141824245453,1,Sustention,final,m2,B2_mcadams,923a30f8a7e830a586dd3724bf6f5f4d
data/audio/samples/B3_sttts/you_a7e8bdd3e5314226a7da2a5a3e10d8ee.wav,you,rue,you,1.0,1,Compactness,initial,m2,B3_sttts,9360a4b5b839b5720344216145ab4f2e
data/audio/samples/B4_nac/pack_7bd46d8e5e914bceb77f3e94197e22f1.wav,pack,patch,pack,1.0,1,Sibilation,final,m2,B4_nac,daf10c8688755d9c1480f30637dc7b6c
data/audio/samples/B5_asr_bn/brogue_d6dcb88b640f4666a5cd34368284f6e5.wav,brogue,broke,broke,1.0,0,Voicing,final,f2,B5_asr_bn,0203165826e4eb942eeb32a0dd4af84c
data/audio/samples/clean/English/test-data/shin_f2b0a07a8877405fb729e2cd6b25010c.wav,shin,shim,shin,1.0,1,Graveness,final,f1,clean,ee55f0e5fad1a6e34e07efc14345cc09
data/audio/samples/clean/English/test-data/note_dcd9ded60e024e8b8971070a57a07727.wav,note,dote,note,1.0,1,Nasality,initial,f1,clean,427a2e0252dfa0a8811cf1da59f19315
data/audio/samples/B2_mcadams/rat_46923bdcdd63446b835c0504f4c85fbb.wav,rat,rap,rat,1.0,1,Graveness,final,f1,B2_mcadams,bcabae411d252e56269923cb4859043f
data/audio/samples/B3_sttts/load_536014e80656408b96a9043784c7e047.wav,load,loathe,load,1.0,1,Sustention,final,f2,B3_sttts,bf47d2665d094218889c242f26d4983a
data/audio/samples/B4_nac/so_293ecccbd75a47f28a414fb83b98d703.wav,so,show,so,1.0,1,Compactness,initial,f2,B4_nac,4adabd63ce5178ae36a2c593a2a5b426
data/audio/samples/B5_asr_bn/seethe_55f3988056b94a1089450af38c7e3bd7.wav,seethe,seed,seethe,1.0,1,Sustention,final,m1,B5_asr_bn,9ce70c9a6178a5c90e19a7a46de42225
data/audio/samples/clean/English/test-data/bank_647db771f4fa43e9ab5b463ddc5ee07d.wav,bank,dank,bank,1.0,1,Graveness,initial,m2,clean,d78ccd8bab7eecde5d5154f9b8663543
data/audio/samples/B2_mcadams/rat_c4a0ae0fa09749c8be6b7acbab391059.wav,rat,rap,rat,1.0,1,Graveness,final,m2,B2_mcadams,2a8fd956c362d3c9de1fc84a1d96704b
data/audio/samples/B3_sttts/breeze_2fb0fdcbfa1a47758bb90265a9b531c2.wav,breeze,breathe,breeze,1.0,1,Sibilation,final,m1,B3_sttts,ed4e2fda34fe0f58b09ca473aa73a908
data/audio/samples/B4_nac/go_af965e7eeb1b41708f215761ac41e3aa.wav,go,joe,go,1.0,1,Sibilation,initial,f1,B4_nac,ccdeb183c9d59a72c27642f0611d791b
data/audio/samples/B5_asr_bn/deck_1c7a5bc3e22046758b5db150bb71407e.wav,deck,neck,deck,1.0,1,Nasality,initial,f2,B5_asr_bn,14e2319751e78bdccca9eaa79e5c8274
data/audio/samples/clean/English/test-data/knock_d57b277f341d4e52b4571ac3353e0c4b.wav,knock,notch,knock,1.0,1,Sibilation,final,m1,clean,7e14e677f125d07c314b787fe322eede
data/audio/samples/B2_mcadams/thick_2dd33d0db1cc4f7fb3ffd5eccea41dd4.wav,thick,tick,thick,1.0,1,Sustention,initial,m1,B2_mcadams,f35308d97bdd180a6d696ec96e92ddf5
data/audio/samples/B3_sttts/rat_c4a0ae0fa09749c8be6b7acbab391059.wav,rat,rap,rat,1.0,1,Graveness,final,m2,B3_sttts,96bb56da0146eca1936240866e958ce7
data/audio/samples/B4_nac/wroth_4423e41a3a4c40c4a25f9206831dd747.wav,wroth,ross,ross,1.0,0,Sibilation,final,f1,B4_nac,e106fa710121471c516d348ac5ea251d
data/audio/samples/B5_asr_bn/breathe_4e20d8ded902445cb2cced3025255c69.wav,breathe,breeze,breathe,1.0,1,Sibilation,final,f2,B5_asr_bn,f1b34ea108326c6a46372de8a1be88c8
data/audio/samples/clean/English/test-data/soothe_0c91b201cefa4c1cbc45bcba84adee99.wav,soothe,sues,soothe,0.999876618385315,1,Sibilation,final,m2,clean,eea3c217a0c32ce2128b6c5936f8c3e0
data/audio/samples/B2_mcadams/sues_44cfe9b2df254e84b6fb541af15d34a1.wav,sues,soothe,sues,0.970687747001648,1,Sibilation,final,m2,B2_mcadams,2e6553f332a8c58d1013f01915663f0a
data/audio/samples/B3_sttts/caught_c82fca1a2c124081a02ef9811e0a30a2.wav,caught,taught,taught,0.99999988079071,0,Compactness,initial,m2,B3_sttts,32edf3623ca7a58cf6dad076ab31c6c6
data/audio/samples/B4_nac/taught_bb7a0df0c7a64b0db2ab5a63d70c97d0.wav,taught,caught,taught,1.0,1,Compactness,initial,f1,B4_nac,c66287eadc4580a57d4603033fd6c8de
data/audio/samples/B5_asr_bn/ref_2d5112f7c0564e4fa01d9d04872a0206.wav,ref,rev,ref,1.0,1,Voicing,final,f2,B5_asr_bn,2e627f1bc2f66a19af554ee9c0c6e66d
data/audio/samples/TTS_Qwen/box_Ryan.wav,box,vox,box,1.0,1,Sustention,initial,TTS_Ryan,TTS_Qwen,41b887085d66ebeff7f1536ba4b03801
data/audio/samples/clean/English/test-data/class_14c57bd505024dafb3c01f779d688960.wav,class,clash,class,1.0,1,Compactness,final,m2,clean,7f3cf3bb4619299fe797bdc46eab82b3
data/audio/samples/B2_mcadams/oat_7ed759ee40f245c99db3d14aef5cf71d.wav,oat,oak,oak,1.0,0,Compactness,final,m2,B2_mcadams,c0d8b086318485e2b2b4736d48c0f786
data/audio/samples/B3_sttts/load_15c2ab160a8b43b490c05d4204d44449.wav,load,loathe,load,1.0,1,Sustention,final,m1,B3_sttts,d17a23dbd52969fb1c3057095813f935
data/audio/samples/clean/English/test-data/thee_40ae6e93006d4c9ca1813e0870e20a28.wav,thee,zee,thee,1.0,1,Sibilation,initial,m1,clean,a5ecd3fecb0e78d563b39f20b13b0a8a
data/audio/samples/B2_mcadams/rue_d39b36c7d40940318b257c6930913143.wav,rue,you,rue,1.0,1,Compactness,initial,f2,B2_mcadams,59b2cedfb2489b9faf6b8cde24cb7b25
data/audio/samples/B3_sttts/duke_b7bcf04e7f884fbaa6ee66112a6f26ac.wav,duke,dupe,duke,1.0,1,Compactness,final,f1,B3_sttts,d0bb22437730af1182433dd0e2168638
data/audio/samples/B4_nac/ross_d85ffc3d29374002a7d20fd8c99f2ef8.wav,ross,wroth,wroth,1.0,0,Sibilation,final,m2,B4_nac,3b8892bd3da97c0bf08d1b5b6c0f34d3
data/audio/samples/B5_asr_bn/gin_b98cce25d0a14e25a8ff918b303c2f86.wav,gin,chin,gin,0.622459352016449,1,Voicing,initial,f2,B5_asr_bn,90212a7318bb415bad7901b42badeaab
data/audio/samples/TTS_Qwen/egg_Ryan.wav,egg,edge,egg,1.0,1,Sibilation,final,TTS_Ryan,TTS_Qwen,00997579c344b51d1b974ed203a323b7
data/audio/samples/clean/English/test-data/gem_cf26c333815347798224b6191e9c5067.wav,gem,jeb,gem,0.999983310699463,1,Nasality,final,f2,clean,92560215de805615bded5eaa4d4542b7
data/audio/samples/B2_mcadams/knob_0f1afc3318354b29ba4c9b56efee730d.wav,knob,nog,knob,1.0,1,Compactness,final,m2,B2_mcadams,a9442474fd9ce2fe122cba1ee16efd93
data/audio/samples/B3_sttts/boot_ccac4aa065024da8a32ec569ac5cfbba.wav,boot,moot,boot,0.999983310699463,1,Nasality,initial,f1,B3_sttts,66d7547debf7ff7e25b5735907a70b5a
data/audio/samples/B4_nac/wreath_f3e610a9312943279193ced0ef0fb7c6.wav,wreath,reef,wreath,0.999999642372131,1,Graveness,final,m2,B4_nac,60e44cfd5c93921fe5c9203d16119d71
data/audio/samples/B5_asr_bn/sue_12f04b3fd3da4484a52b23c8066acac3.wav,sue,zoo,sue,1.0,1,Voicing,initial,m2,B5_asr_bn,5da7df4ee45da47a8cee60e7bf5a0b6a
data/audio/samples/clean/English/test-data/rib_eee6af57075a40fb8c0a81e68be7d1e3.wav,rib,rim,rib,1.0,1,Nasality,final,f1,clean,daf895d8940d45fb02f7068d5f9691af
data/audio/samples/B2_mcadams/ridge_806cb12637b840ec97bb394bb50c69fe.wav,ridge,rich,rich,0.999997735023499,0,Voicing,final,m1,B2_mcadams,4d64d8ab8ab50c436d9c1b1c1af3d143
data/audio/samples/B3_sttts/pence_be9ea67383d04fa4946a547799e10911.wav,pence,fence,pence,0.999999642372131,1,Sustention,initial,m1,B3_sttts,55e4a6c3eaf6467708b31c29b45d2ab0
data/audio/samples/B4_nac/boss_e638cb22babd48c4926be19fa605ffac.wav,boss,moss,boss,1.0,1,Nasality,initial,m1,B4_nac,111153b38bff6db277b9f4d0fdd018be
data/audio/samples/B5_asr_bn/growth_507e4546a0b54125af0b05e95a107f6f.wav,growth,gross,growth,1.0,1,Sibilation,final,f2,B5_asr_bn,990bb3351442a803240355fb647a1902
data/audio/samples/clean/English/test-data/breathe_9603b28bf07743778a8c0c31081173ba.wav,breathe,breeze,breathe,1.0,1,Sibilation,final,f1,clean,5f1b2fdb6c576d94c58798b37fd13604
data/audio/samples/B2_mcadams/screed_4d624c6f908e49359da5d9650d278c2a.wav,screed,screen,screen,0.997527420520782,0,Nasality,final,f2,B2_mcadams,e70909f97f769f6468410221bcaeed2d
data/audio/samples/B3_sttts/shin_fa3397efd4b244488f09f32cc7249e69.wav,shin,shim,shin,1.0,1,Graveness,final,m2,B3_sttts,48a672d2ea57a6f7db6d8c643d85ee0e
data/audio/samples/B4_nac/flawed_8b1ed85efbe6457d93c5a267b8f03ef9.wav,flawed,flog,flawed,1.0,1,Compactness,final,m1,B4_nac,fc409ebcc9dcbccbf903442fceace71e
data/audio/samples/B5_asr_bn/thor_57301dc11e9c45d18063c2b3e221a91d.wav,thor,fore,thor,1.0,1,Graveness,initial,f2,B5_asr_bn,c961f42455dd12d4d16aa703cfc8924f
data/audio/samples/clean/English/test-data/oak_93fbbb194eb8449694d2ddecded02b78.wav,oak,oat,oak,1.0,1,Compactness,final,f2,clean,805529a2da39b7e2f2b82865d8e3d1f2
data/audio/samples/B2_mcadams/dong_dc58a70197804e81becf49e41bd2cd65.wav,dong,bong,dong,1.0,1,Graveness,initial,f2,B2_mcadams,066a3d651a68956ae7b42e4963323e58
data/audio/samples/B3_sttts/bat_93d662491707432caa6d25ee58687002.wav,bat,gat,bat,1.0,1,Compactness,initial,f1,B3_sttts,b1fdd36f8181fb53b826c1f0fcb89a0b
data/audio/samples/clean/English/test-data/hodge_8b6d0ec7b6e54a59b67c5320a73a4c3c.wav,hodge,hotch,hodge,1.0,1,Voicing,final,m1,clean,9a8c1f0c60a660589a1e6b2cdb1a4232
data/audio/samples/B2_mcadams/edge_c07e06cdb9af4e538bdb1ea1960771bf.wav,edge,egg,edge,1.0,1,Sibilation,final,m2,B2_mcadams,7b07670bce51bb3642fa0da5e3921b52
data/audio/samples/B3_sttts/hotch_3fa55b038cbe4c84bd93ddc204fe9881.wav,hotch,hodge,hodge,1.0,0,Voicing,final,f2,B3_sttts,4beb961598786189b576b3740f684733
data/audio/samples/B4_nac/shoes_f253a2516943472e896eeb3ff9784453.wav,shoes,choose,shoes,1.0,1,Sustention,initial,f2,B4_nac,f488f1076e2d5f801bd1a277b7bc1565
data/audio/samples/B5_asr_bn/rich_26c56b23246943c5a1407242f36fb9ee.wav,rich,ridge,rich,1.0,1,Voicing,final,f2,B5_asr_bn,08567938ec4c61d9eb36fe8fc588a926
data/audio/samples/clean/English/test-data/chop_b8f934a4213c4490aab90b355c87324a.wav,chop,cop,chop,1.0,1,Sibilation,initial,m2,clean,29131703f675e51c229841abe0149b48
data/audio/samples/B2_mcadams/thong_5e716ab69d5c405aaeb672225d3f4fd2.wav,thong,tong,tong,0.999954581260681,0,Sustention,initial,f1,B2_mcadams,0e8aae15bcd3e0e7f54f0208d595ce2a
data/audio/samples/B3_sttts/thor_57301dc11e9c45d18063c2b3e221a91d.wav,thor,fore,thor,1.0,1,Graveness,initial,f2,B3_sttts,f447a7bd3d5f6bb5773ed479e9f446ea
data/audio/samples/B4_nac/hop_2f6072a53da84d37a84d750a65d3353d.wav,hop,hot,hop,1.0,1,Graveness,final,m1,B4_nac,4352421576f2cb7ed546383463ad9605
data/audio/samples/B5_asr_bn/box_4ed9a1f7bd034604aba842c306479186.wav,box,vox,box,1.0,1,Sustention,initial,f1,B5_asr_bn,b1d29d7e21fbf338b27bfbbf44620418
data/audio/samples/clean/English/test-data/tense_87cd7d30a5ce47a7ab8eca495352051e.wav,tense,dense,tense,1.0,1,Voicing,initial,f1,clean,b8ae3aa1a285f1f4c85981a1f7c0b939
data/audio/samples/B2_mcadams/teak_b114a6d0185e4dafba0eac190cead014.wav,teak,peak,teak,1.0,1,Graveness,initial,m2,B2_mcadams,5f673014491ad74c7818c844e35ee040
data/audio/samples/B3_sttts/bat_4817bfe04e9b4e4a940e502369a5d9a2.wav,bat,gat,bat,1.0,1,Compactness,initial,m2,B3_sttts,e9857a7d17ff6e802c033e846bf88c15
data/audio/samples/B4_nac/seep_462de9fa82264c2cbc42de6618448981.wav,seep,seek,seep,1.0,1,Compactness,final,f2,B4_nac,ca68e22cc8ae201c39fbbe580577ec12
data/audio/samples/B5_asr_bn/fan_6e93ce054547492381401dcdb854c191.wav,fan,fad,fan,1.0,1,Nasality,final,m2,B5_asr_bn,fe7ffc3044b5fc8bb146863de1b2a8d3
data/audio/samples/clean/English/test-data/boss_e638cb22babd48c4926be19fa605ffac.wav,boss,moss,boss,1.0,1,Nasality,initial,m1,clean,677c665127e7a462a038385df6be1f02
data/audio/samples/B2_mcadams/screed_97ac8c3938934e41bcdf5a8d8c6ff522.wav,screed,screen,screen,0.999997735023499,0,Nasality,final,m1,B2_mcadams,f07b7271a3ad298d82e22f47b03d7940
data/audio/samples/B3_sttts/nude_941938a8700f4a64b38bb8dd9fbd1d53.wav,nude,noon,nude,1.0,1,Nasality,final,m1,B3_sttts,5c9a038972416ada5cae3652e4d843c4
data/audio/samples/B4_nac/joe_9bc10db95dc949fa9ed2834937395d18.wav,joe,go,joe,1.0,1,Sibilation,initial,m2,B4_nac,3f6064832ee41e7489c9c5e70e8bb8a4
data/audio/samples/B5_asr_bn/yield_ea829693e3b7497ca5b32d39210db467.wav,yield,wield,yield,0.999996304512024,1,Compactness,initial,m1,B5_asr_bn,f96679146ceb9748e57a0625f33cce52
data/audio/samples/TTS_Qwen/fletch_Ryan.wav,fletch,flesh,fletch,0.982013761997223,1,Sustention,final,TTS_Ryan,TTS_Qwen,23b813b5735005a5aeac00a32d584d3f
data/audio/samples/clean/English/test-data/beat_4d86f1ee97d843ecb93150ee4e4324aa.wav,beat,meat,beat,1.0,1,Nasality,initial,f2,clean,2736c5ccd0bbfc0d57f224aa6135e330
data/audio/samples/B2_mcadams/laws_59b941b2522447d790bb474b84d666f4.wav,laws,loss,laws,1.0,1,Voicing,final,m1,B2_mcadams,775f6e7763fc3f78d7fb4dab4d33df71
data/audio/samples/B3_sttts/gaff_7e9fa99b2da440b1be30426cac565f11.wav,gaff,calf,gaff,1.0,1,Voicing,initial,m2,B3_sttts,5363a134f0b977cd3a520466b7e80a43
data/audio/samples/clean/English/test-data/seep_6301ab4ed58440c88d70352f74e1f848.wav,seep,seek,seep,1.0,1,Compactness,final,m2,clean,1b8239d8d4454f02d2e263bd1ec86059
data/audio/samples/B2_mcadams/fad_26b81608c13547feb99052bc7cd30260.wav,fad,fan,fad,1.0,1,Nasality,final,f2,B2_mcadams,07910793ba025c3887be4fec7fb855c9
data/audio/samples/B3_sttts/bat_85b91317e7dd42829168d3c7958a5078.wav,bat,gat,gat,0.999954581260681,0,Compactness,initial,f2,B3_sttts,9cf447bec5fec21627be6c6d0a1f13e9
data/audio/samples/B4_nac/guilt_8b2d801e0c4e49cab309438d9d989a65.wav,guilt,jilt,guilt,1.0,1,Sibilation,initial,m2,B4_nac,8e061b57b166940f632364e2421e4b70
data/audio/samples/B5_asr_bn/bong_bd255a77cdd84b1287dbf0ebd9ed02c3.wav,bong,dong,bong,1.0,1,Graveness,initial,m1,B5_asr_bn,d13ed031b404c5c594c9a19ac32f4080
data/audio/samples/clean/English/test-data/so_293ecccbd75a47f28a414fb83b98d703.wav,so,show,so,1.0,1,Compactness,initial,f2,clean,bb3ffbb8f9f3198c60733dd55a486be3
data/audio/samples/B2_mcadams/loss_3b094f21dc2d442dab8171b6a257ffa5.wav,loss,laws,loss,1.0,1,Voicing,final,f1,B2_mcadams,1492b506a6c5548e26484198e087a670
data/audio/samples/B3_sttts/pond_fea4eb31b2434d6195a6255650be6898.wav,pond,bond,bond,0.787931203842163,0,Voicing,initial,f1,B3_sttts,94860dd1630faca403102e9072c7641b
data/audio/samples/B4_nac/wad_bbb49c26024d4262a86da1572e6e9f97.wav,wad,rod,wad,0.999999403953552,1,Graveness,initial,f2,B4_nac,e8f984e2583b183e3be469d10a11fcf7
data/audio/samples/B5_asr_bn/screed_0539643caeaf438fb12c9e3e7a2c6a61.wav,screed,screen,screed,1.0,1,Nasality,final,f1,B5_asr_bn,a7118767046c639dbdca962159336a3d
data/audio/samples/clean/English/test-data/fletch_860cb2ec3dbb4599b72983f7db2ea278.wav,fletch,flesh,flesh,0.999993801116943,0,Sustention,final,f1,clean,450b60bdf190c222838ffa25b26ec2be
data/audio/samples/B2_mcadams/trough_caad015c15b945cb920f2c48e66c9500.wav,trough,troth,trough,1.0,1,Graveness,final,f1,B2_mcadams,9df52d1c906371a3b6313742545e1a4a
data/audio/samples/B3_sttts/breathe_4e20d8ded902445cb2cced3025255c69.wav,breathe,breeze,breathe,1.0,1,Sibilation,final,f2,B3_sttts,02c0d18b5e055d28d4f30c26ed047453
data/audio/samples/B4_nac/rue_5ca77775758142a89668dd624e3d9e57.wav,rue,you,rue,1.0,1,Compactness,initial,m2,B4_nac,6fd1d74e8665f9e596ce5203e34b486f
data/audio/samples/B5_asr_bn/calf_14796928aeed4df78cc07fa56ebf136c.wav,calf,cap,calf,1.0,1,Sustention,final,m2,B5_asr_bn,128a51f7e09bbf0b867d0c164defffeb
data/audio/samples/clean/English/test-data/note_f8f0c7fbfacb400694ea111bdb68128a.wav,note,dote,note,1.0,1,Nasality,initial,m2,clean,4f006998ee3f9108a4cc5e95d4aebf76
data/audio/samples/B2_mcadams/boot_ccac4aa065024da8a32ec569ac5cfbba.wav,boot,moot,moot,1.0,0,Nasality,initial,f1,B2_mcadams,c3d8dc9dda12781ac83fd6a89efb3114
data/audio/samples/B3_sttts/go_af965e7eeb1b41708f215761ac41e3aa.wav,go,joe,go,1.0,1,Sibilation,initial,f1,B3_sttts,4288ea9d22bc71d94174fba071ae6e1c
data/audio/samples/B4_nac/sheaf_d1f6c4d75356483f8ab4a942dd7d6b36.wav,sheaf,sheave,sheaf,0.99999988079071,1,Voicing,final,m1,B4_nac,75d262fca68661ccb698795487fdf86f
data/audio/samples/B5_asr_bn/nog_1946d48923fb4ac8b0adbcec9a5f0569.wav,nog,knob,nog,1.0,1,Compactness,final,f2,B5_asr_bn,d92a1b208895538cdf8ba9baf0bacc31
data/audio/samples/TTS_Qwen/rap_Ryan.wav,rap,rat,rap,1.0,1,Graveness,final,TTS_Ryan,TTS_Qwen,a73421f44a3284e20fc1e435a49c26a8
data/audio/samples/clean/English/test-data/keg_19cd5ce4b79149a682f12a795c48ccbc.wav,keg,peg,keg,1.0,1,Compactness,initial,f2,clean,e46c5fe2b392d41e80569fa427b76b1b
data/audio/samples/B2_mcadams/dense_75c6dcbe773245269383dcad58454d8a.wav,dense,tense,tense,0.999447166919708,0,Voicing,initial,f2,B2_mcadams,895c9bc2a54162b38d2e4782d7dc6484
data/audio/samples/B3_sttts/reef_ff45f938d43f46c6b683b802db4b4852.wav,reef,wreath,reef,1.0,1,Graveness,final,m2,B3_sttts,e37eb52c9821406e6241d8392598e05c
data/audio/samples/clean/English/test-data/wield_708f70534882470883c831c1c6ece57c.wav,wield,yield,wield,1.0,1,Compactness,initial,f2,clean,c182c8f1a63743b4e3f51d30f4acf953
data/audio/samples/B2_mcadams/clash_25a1be8940514b49b9027a1b2d21cd1d.wav,clash,class,clash,0.999999165534973,1,Compactness,final,m2,B2_mcadams,80ae37a61b71df4b39fb6f7e806ebe30
data/audio/samples/B3_sttts/gin_a867a2786fd9458daf81d0522b33de4f.wav,gin,chin,gin,1.0,1,Voicing,initial,f1,B3_sttts,882295c159414aa66a765265e359444c
data/audio/samples/B4_nac/fore_bad01b15355d48a0b6db7d78eff9f21e.wav,fore,thor,thor,0.999998569488525,0,Graveness,initial,m1,B4_nac,82e91b7da274fbc2887c4d74cc6c3509
data/audio/samples/B5_asr_bn/peen_230e590d28b44b049d75574e77bc9d9e.wav,peen,bean,peen,1.0,1,Voicing,initial,m1,B5_asr_bn,ab992fea93441be507a71b1789c76ba3
data/audio/samples/TTS_Qwen/sank_Ryan.wav,sank,thank,sank,1.0,1,Sibilation,initial,TTS_Ryan,TTS_Qwen,2b702bd1e757916e42a565783d2bf899
data/audio/samples/clean/English/test-data/strode_90df4077a993463d9e1846b9669a259f.wav,strode,strobe,strode,1.0,1,Graveness,final,m2,clean,2dc78a788788fb7a9c4c2ef8356dff66
data/audio/samples/B2_mcadams/taught_0be195730c7642ba99c983e7e4ff9a38.wav,taught,caught,taught,1.0,1,Compactness,initial,f2,B2_mcadams,c72a6eaee563f1c2bdd53044cfdc2b59
data/audio/samples/B3_sttts/thin_020efda76dad4da88a75d28d257ddfb2.wav,thin,fin,thin,0.999997735023499,1,Graveness,initial,f2,B3_sttts,029abd76b31eaeb732074284e04f0ea1
data/audio/samples/B4_nac/chew_e928713f374c494d94c6d728612ce55e.wav,chew,coo,chew,1.0,1,Sibilation,initial,f1,B4_nac,76bf5acb73bfc1beb034b1b50e8b85aa
data/audio/samples/B5_asr_bn/peak_0f7c91fc91044f70bfa72964b50d7421.wav,peak,teak,peak,1.0,1,Graveness,initial,f1,B5_asr_bn,acaed2628674e223b79606519fa2be41
data/audio/samples/clean/English/test-data/pence_4e5019e282cf4192b390d3d79377adec.wav,pence,fence,pence,1.0,1,Sustention,initial,f2,clean,a1d981f5a0c7d164ed069d74194d439e
data/audio/samples/B2_mcadams/load_e6f18504a5e54d45b3de3c8bd6be6e92.wav,load,loathe,load,1.0,1,Sustention,final,f1,B2_mcadams,640fed88ccf68a9c8f8a9d07bea2eda2
data/audio/samples/B3_sttts/thor_3f0fa58f4b5d4303b147e455f6c75fe5.wav,thor,fore,thor,1.0,1,Graveness,initial,m1,B3_sttts,61ffba2761bf5c0a7c85930855c4eeea
data/audio/samples/B4_nac/class_4dbfdf59ebd2447e9824c6a808b466c2.wav,class,clash,class,1.0,1,Compactness,final,m1,B4_nac,76fb5ab8dd27dcb6e9791824d9eb1b28
data/audio/samples/B5_asr_bn/rue_06cd138a54334d3788a8c735085f8099.wav,rue,you,rue,0.622459352016449,1,Compactness,initial,m1,B5_asr_bn,193d220b97668378d498e5189590856e
data/audio/samples/clean/English/test-data/daunt_87ec154ca7e344aba204672621fb7f22.wav,daunt,taunt,daunt,1.0,1,Voicing,initial,f2,clean,5420acc9c085062359dd271d60b1eabb
data/audio/samples/B2_mcadams/thick_13c9cd2746cb4cd58a1e92464f273f41.wav,thick,tick,thick,0.999999642372131,1,Sustention,initial,f1,B2_mcadams,0554b184ac86f3653d35f8f862b2ea63
data/audio/samples/B3_sttts/rap_6f18b34ff9e745c997a07b7ec9d06e64.wav,rap,rat,rat,0.989013075828552,0,Graveness,final,f1,B3_sttts,e59d73de3b2135a8e4fd30b8636ac09d
data/audio/samples/B4_nac/wed_dd25cd24ae984ecd80ba9c733c5cb68a.wav,wed,web,wed,1.0,1,Graveness,final,f1,B4_nac,a1e79d26b8eb282e460981c616b1204e
data/audio/samples/B5_asr_bn/oat_d7bd854b2c894921a5ea3aa10eb9e11e.wav,oat,oak,oat,1.0,1,Compactness,final,m1,B5_asr_bn,d76d3860c14876471f1c36525104e873
data/audio/samples/clean/English/test-data/hit_8410c5c2c31b4960bfe9196a747ab567.wav,hit,fit,hit,1.0,1,Compactness,initial,f2,clean,f76c50ad9f55d446013f6d8cc9180021
data/audio/samples/B2_mcadams/dan_92227b0cccb54f048281e22d74ee6198.wav,dan,than,dan,1.0,1,Sustention,initial,f2,B2_mcadams,4b4526658735ef040efc249438e1ad15
data/audio/samples/B3_sttts/net_bc5564893576480e9735215e4f27fb41.wav,net,met,net,1.0,1,Graveness,initial,f2,B3_sttts,41dfcb01c8b4943cea3dbe474fa28612
data/audio/samples/clean/English/test-data/care_071e587712534d7b9af0d5c72db14d95.wav,care,chair,care,1.0,1,Sibilation,initial,f2,clean,3cba8679cac35dff5e904e51b865893b
data/audio/samples/B2_mcadams/loathe_5b5d36aa0bfe4877a123a9ede0c083c7.wav,loathe,load,load,1.0,0,Sustention,final,f2,B2_mcadams,6c6ca0bb4737225bb1ba31c390fa69b3
data/audio/samples/B3_sttts/peg_23bcb89c078a42dfb17b80d22da2364a.wav,peg,keg,peg,1.0,1,Compactness,initial,m1,B3_sttts,1a53bb86486e4a0de189aacf91301684
data/audio/samples/B4_nac/coo_4a72f7cf3542496b94e773b6aa17fc98.wav,coo,chew,coo,1.0,1,Sibilation,initial,m1,B4_nac,744ee9bd7219777704e7ec28b1422476
data/audio/samples/B5_asr_bn/joe_9bc10db95dc949fa9ed2834937395d18.wav,joe,go,joe,1.0,1,Sibilation,initial,m2,B5_asr_bn,18a0ac63f7d66b575bf484aa84fcf7a6
data/audio/samples/TTS_Qwen/bib_Ryan.wav,bib,big,bib,1.0,1,Compactness,final,TTS_Ryan,TTS_Qwen,05e684b0d1dbe2e84519e80fec228955
data/audio/samples/clean/English/test-data/goop_37d6965e76044b64ad324821d1a4e1c2.wav,goop,goof,goop,1.0,1,Sustention,final,m1,clean,440fd76a7350879348b35775c1b7fe90
data/audio/samples/B2_mcadams/meat_8e9aed4acedd4417a4f0ebcf66df013c.wav,meat,beat,meat,1.0,1,Nasality,initial,m1,B2_mcadams,0ac128d34aa4b1d2f21082fbc41b44c9
data/audio/samples/B3_sttts/chair_c909ef9800c2476b90238c09093e9841.wav,chair,care,chair,1.0,1,Sibilation,initial,m2,B3_sttts,2b83422335e0e0808b8edd508386ddd6
data/audio/samples/B4_nac/thee_40ae6e93006d4c9ca1813e0870e20a28.wav,thee,zee,thee,1.0,1,Sibilation,initial,m1,B4_nac,27d1f815da06492d1053e63bfe9a2b50
data/audio/samples/B5_asr_bn/lube_db5044a5f81d4710babf97edd2032ce6.wav,lube,loop,lube,1.0,1,Voicing,final,f2,B5_asr_bn,6f43f0bf3c533b74eef2112d43365739
data/audio/samples/clean/English/test-data/ref_2d5112f7c0564e4fa01d9d04872a0206.wav,ref,rev,ref,1.0,1,Voicing,final,f2,clean,222ece84ecf3fbfd93eb9796502d3642
data/audio/samples/B2_mcadams/nude_e877c8f64b4a4af984e5c5dda8b1d0eb.wav,nude,noon,nude,1.0,1,Nasality,final,f1,B2_mcadams,e0208985ef2c1d349057bd22ab606dcb
data/audio/samples/B3_sttts/gross_392494b4862f466d804efeb5d99f59c2.wav,gross,growth,gross,1.0,1,Sibilation,final,m2,B3_sttts,12ea23c534524c7d41baa04fe3ff4370
data/audio/samples/B4_nac/moot_91e3a0c4d099458bbd685f78ad1cb019.wav,moot,boot,moot,1.0,1,Nasality,initial,f2,B4_nac,bf576e0675281aa2b33d7c1d09ab69a8
data/audio/samples/B5_asr_bn/loom_95c760abf5594b2a8825589a9e226f28.wav,loom,loon,loom,0.970687747001648,1,Graveness,final,m1,B5_asr_bn,da13614559835482dc5324836e9f3a0e
data/audio/samples/clean/English/test-data/goof_1cf8d6a6812349e4b27083fb7ff1a8af.wav,goof,goop,goof,1.0,1,Sustention,final,m2,clean,18ac99717b1fac4f335feb78805104b2
data/audio/samples/B2_mcadams/cap_26b9aa8c4fea493cb5223203571beb38.wav,cap,calf,cap,1.0,1,Sustention,final,f1,B2_mcadams,af1e514d4042ab288ba8903aa795583b
data/audio/samples/B3_sttts/chew_b47145c9d6b748e18b720f1840a197b0.wav,chew,coo,chew,1.0,1,Sibilation,initial,m2,B3_sttts,efddf41ee89b8539612e709662a98e0c
data/audio/samples/B4_nac/thank_9091bf0ca90544c98ca5fae604981ae2.wav,thank,sank,sank,0.817574441432953,0,Sibilation,initial,m1,B4_nac,78d223443e48d0ebb9442ed0fccf0e71
data/audio/samples/B5_asr_bn/bag_2d566eee57f349d7b40a6104ade7e920.wav,bag,back,back,1.0,0,Voicing,final,m1,B5_asr_bn,927d7690c8517f096895df3f7988cfd1
data/audio/samples/clean/English/test-data/loathe_52d830f8981d4e7dbe9f2aaaec801b86.wav,loathe,load,loathe,0.999997735023499,1,Sustention,final,f1,clean,6885da91974f6ae8269a86acfb926744
data/audio/samples/B2_mcadams/mode_a896ec7da12b40af90557d04fc3b0e8f.wav,mode,moan,moan,1.0,0,Nasality,final,m2,B2_mcadams,5fa3b728c483c753436f0924658f557f
data/audio/samples/B3_sttts/taught_bb7a0df0c7a64b0db2ab5a63d70c97d0.wav,taught,caught,taught,1.0,1,Compactness,initial,f1,B3_sttts,599e8a1e68a4e07fe44968fe1dde3209
data/audio/samples/clean/English/test-data/class_4dbfdf59ebd2447e9824c6a808b466c2.wav,class,clash,class,1.0,1,Compactness,final,m1,clean,50703b4b9edf2aa4aa3ed9106a08d7ea
data/audio/samples/B2_mcadams/gawp_77ab52d110fc4127901a4220638b380f.wav,gawp,goff,gawp,1.0,1,Sustention,final,m1,B2_mcadams,2fcefa073549ed9d6fefe995360a2776
data/audio/samples/B3_sttts/flawed_b4285b291a6244cc94521646c405f4ff.wav,flawed,flog,flawed,1.0,1,Compactness,final,f1,B3_sttts,718ba2ada3fb174c880236b9a657c2c2
data/audio/samples/B4_nac/clash_1eb36679d5714209aaf48a2def8cfaaa.wav,clash,class,clash,1.0,1,Compactness,final,f1,B4_nac,6e4e01a29cd1ba8b08efe0c8c3a5840e
data/audio/samples/B5_asr_bn/loathe_52d830f8981d4e7dbe9f2aaaec801b86.wav,loathe,load,loathe,1.0,1,Sustention,final,f1,B5_asr_bn,48c5d49823d9fcdd683a213282a063be
data/audio/samples/clean/English/test-data/dote_b8b56dce9ca14640b58a3a17e16ef5cd.wav,dote,note,dote,1.0,1,Nasality,initial,m1,clean,e96c109f7fcf6bb2ec228305ce19abd5
data/audio/samples/B2_mcadams/caught_783b47a233c546b994fd1731f80b47f1.wav,caught,taught,caught,1.0,1,Compactness,initial,m1,B2_mcadams,140dbe11c5cabb1b529c01f232f2ee30
data/audio/samples/B3_sttts/brogue_b2e4780d5e70436090e97daf403218d3.wav,brogue,broke,broke,1.0,0,Voicing,final,f1,B3_sttts,84e8ee1f57a04b15e8b6259559f2552e
data/audio/samples/B4_nac/wield_708f70534882470883c831c1c6ece57c.wav,wield,yield,wield,1.0,1,Compactness,initial,f2,B4_nac,3046d5577566fc2dcea9a4eab6d01211
data/audio/samples/B5_asr_bn/jaws_d1856aa6f2e94245a052e7e053d50f09.wav,jaws,gauze,jaws,1.0,1,Sibilation,initial,f2,B5_asr_bn,4c610e78cfdb2409d2b04a85ce6bd1ab
data/audio/samples/clean/English/test-data/rib_ea0a31cd6b1848ec91d114fc4fc4c2d2.wav,rib,rim,rib,1.0,1,Nasality,final,f2,clean,80788d94b43ec518248e7c7b19d4bb6b
data/audio/samples/B2_mcadams/tick_315efc82dee1494cb87f73de0ce08ef8.wav,tick,thick,tick,1.0,1,Sustention,initial,f2,B2_mcadams,4b4baf661ec2faa825ed64927a25c02c
data/audio/samples/B3_sttts/loom_d50e7fff287d44569fecbc2f47e796aa.wav,loom,loon,loom,0.999569475650787,1,Graveness,final,f1,B3_sttts,223048f358a35a0503152b8bc0f415e9
data/audio/samples/B4_nac/thong_2bbeba044a684510ae6ec89c29de9c7b.wav,thong,tong,tong,1.0,0,Sustention,initial,m1,B4_nac,1e2c935b83b19a71b05e724ca22ee297
data/audio/samples/B5_asr_bn/jeb_bf92d50bb90d41e4aae48e43560d351d.wav,jeb,gem,jeb,1.0,1,Nasality,final,m2,B5_asr_bn,fbab0b37635baf1bab14809747dc9a4b
data/audio/samples/clean/English/test-data/duke_80c908b908a540cfbecd0f8ca5f8386e.wav,duke,dupe,duke,1.0,1,Compactness,final,m2,clean,05476073415f9795061600f282ee6a22
data/audio/samples/B2_mcadams/peg_23bcb89c078a42dfb17b80d22da2364a.wav,peg,keg,keg,1.0,0,Compactness,initial,m1,B2_mcadams,07f27472bfc989d67566bb33b0ee0d86
data/audio/samples/B3_sttts/chew_e928713f374c494d94c6d728612ce55e.wav,chew,coo,chew,0.999664664268494,1,Sibilation,initial,f1,B3_sttts,9f0d097ae74821c67c098aea10a91bf8
data/audio/samples/B4_nac/chin_d2f7c4e5b4704749be530ac2a48c1f35.wav,chin,gin,chin,1.0,1,Voicing,initial,m2,B4_nac,8543127875fb246037e572aab897aa80
data/audio/samples/B5_asr_bn/broke_1fbabe215eb14904bdcb9593aecda906.wav,broke,brogue,broke,1.0,1,Voicing,final,f1,B5_asr_bn,2a0f6c8a0faa6e9d330c0532d1b87766
data/audio/samples/TTS_Qwen/dan_Ryan.wav,dan,than,dan,1.0,1,Sustention,initial,TTS_Ryan,TTS_Qwen,d2d17d66bc638afe09a13fb80e70c2f3
data/audio/samples/clean/English/test-data/zoo_523d2416da264ff9ad0b064ceca9132a.wav,zoo,sue,zoo,1.0,1,Voicing,initial,f1,clean,2a6c388ea4ef3d749e9aae59fd4d139c
data/audio/samples/B2_mcadams/noon_716eec1021f14866a9cef824614f020f.wav,noon,nude,noon,1.0,1,Nasality,final,f2,B2_mcadams,53a655866e24b3a154f7389df1c7fb71
data/audio/samples/B3_sttts/rim_edb9847d0969465a90a4be5c600ba2fb.wav,rim,rib,rim,1.0,1,Nasality,final,m2,B3_sttts,933b9b9f45a3971924819e930a4838a6
data/audio/samples/B2_mcadams/ross_ef48c1ae99d140be81bbe7ab21ed33c1.wav,ross,wroth,ross,0.993307173252106,1,Sibilation,final,f1,B2_mcadams,2bc7f05aca008992d999451d3e125522
data/audio/samples/B3_sttts/chop_1ab113df3278484fa32b0b58d7fa98be.wav,chop,cop,chop,1.0,1,Sibilation,initial,f1,B3_sttts,2a97246eb30d9d83a6f49ce5bef499f3
data/audio/samples/B4_nac/daunt_87ec154ca7e344aba204672621fb7f22.wav,daunt,taunt,daunt,1.0,1,Voicing,initial,f2,B4_nac,06903237e6967c280f24c00af1d10d97
data/audio/samples/B5_asr_bn/gross_f36417006c9a4a0dba1f38d7cf6017fd.wav,gross,growth,gross,1.0,1,Sibilation,final,f1,B5_asr_bn,8c4d9f4ef8143c8b53dbd6b6edb2e1e7
data/audio/samples/clean/English/test-data/thank_9091bf0ca90544c98ca5fae604981ae2.wav,thank,sank,thank,1.0,1,Sibilation,initial,m1,clean,4ab6757168f2bd0e59e802be2c434e5b
data/audio/samples/B2_mcadams/dank_9b6188a26d3d4935af80176a7620559f.wav,dank,bank,dank,0.999796569347382,1,Graveness,initial,m1,B2_mcadams,23abe98730e6c6c961cfb31436b787a6
data/audio/samples/B3_sttts/flog_8f6fd9bce5c94fd28a8feabdea0d85d9.wav,flog,flawed,flog,1.0,1,Compactness,final,m2,B3_sttts,104365f6bcb628ced999f65c87e98a13
data/audio/samples/B4_nac/sank_2c5335ca407143468f85a908048f7970.wav,sank,thank,sank,1.0,1,Sibilation,initial,f2,B4_nac,3124c081f7ebbb723d5912675ad94b32
data/audio/samples/B5_asr_bn/chin_3779dc91e15c4890bac29d3d018eb13d.wav,chin,gin,chin,1.0,1,Voicing,initial,m1,B5_asr_bn,d4e3348adaf308722ba3f02d5930a7c4
data/audio/samples/clean/English/test-data/growth_56d78bf9d9c44385ba223fc2de3b1fd4.wav,growth,gross,growth,1.0,1,Sibilation,final,f1,clean,86d1504520a53a3baa917917cdbe4408
data/audio/samples/B2_mcadams/loop_7cb9a988b95c4569a9125bf1f28a328b.wav,loop,lube,lube,1.0,0,Voicing,final,m1,B2_mcadams,986b37595ff8332ed85b8ed2653adc9e
data/audio/samples/B3_sttts/goof_1cf8d6a6812349e4b27083fb7ff1a8af.wav,goof,goop,goof,1.0,1,Sustention,final,m2,B3_sttts,cd8f3710d3171c47993501fa5a8e8d2a
data/audio/samples/B4_nac/gaff_0a08ae9d27834cb7ab168b72f4dc9a7b.wav,gaff,calf,gaff,1.0,1,Voicing,initial,m1,B4_nac,efc2f0794bcfd44919f3cc2086b190ff
data/audio/samples/B5_asr_bn/bong_239d282cdeec4e5c8e618de968ef0f31.wav,bong,dong,bong,1.0,1,Graveness,initial,f2,B5_asr_bn,c39aa23f71a55a8037c71c63540a09f8
data/audio/samples/TTS_Qwen/seek_Ryan.wav,seek,seep,seek,1.0,1,Compactness,final,TTS_Ryan,TTS_Qwen,febfc9d134acb3ed9b4200d6518c2e57
data/audio/samples/clean/English/test-data/trough_0ace4bb2fdbf44b49902c10cc47317a4.wav,trough,troth,trough,0.999999642372131,1,Graveness,final,f2,clean,64bc4be8b6187d633894fd0c1c2685ee
data/audio/samples/B2_mcadams/sue_f1ca621979f2434694eeedcb688ecbaa.wav,sue,zoo,sue,1.0,1,Voicing,initial,f1,B2_mcadams,86e32d60e4a26ef65c085b9a8c034aa9
data/audio/samples/B3_sttts/sheet_98a4454953904ab8a42fafbc1f9dd728.wav,sheet,cheat,cheat,0.982013761997223,0,Sustention,initial,m2,B3_sttts,0818299644089887782e0e06fbff6312
data/audio/samples/B4_nac/oat_61cd96da9ced499b9779c816cc38daea.wav,oat,oak,oat,0.99999988079071,1,Compactness,final,f2,B4_nac,801550e8619a0567fb2566a7b6a70de3
data/audio/samples/B5_asr_bn/moot_201176bda1224f538da772474ee36a7f.wav,moot,boot,moot,1.0,1,Nasality,initial,m2,B5_asr_bn,29ee8a4aad68cb0eecd8bfb10c0baa68
data/audio/samples/clean/English/test-data/rap_6f18b34ff9e745c997a07b7ec9d06e64.wav,rap,rat,rap,1.0,1,Graveness,final,f1,clean,dae29eff9b71c440e75f0c301d54ef0a
data/audio/samples/B2_mcadams/patch_8995cb0db7ed4d6c9d432ebe8dad79ed.wav,patch,pack,patch,1.0,1,Sibilation,final,f2,B2_mcadams,2c6c6138b566e958d080cac3b1be30bb
data/audio/samples/B3_sttts/mad_2543c04302a247c7ba5b1884f1663fb9.wav,mad,bad,mad,1.0,1,Nasality,initial,m2,B3_sttts,0c3a81a1146dc976031b3dea499c74cc
data/audio/samples/B4_nac/strobe_135050c696f648209e64141d587a58a7.wav,strobe,strode,strobe,1.0,1,Graveness,final,f1,B4_nac,a1c5f9c3263c8b42a4183351acf13953
data/audio/samples/B3_sttts/slob_064ca35cc2654000ae9279787a5f9469.wav,slob,slav,slob,0.999999165534973,1,Sustention,final,m1,B3_sttts,5f7b52e18b5c7086fadcf00a3f12204b
data/audio/samples/B4_nac/trough_caad015c15b945cb920f2c48e66c9500.wav,trough,troth,trough,0.999999165534973,1,Graveness,final,f1,B4_nac,c124bae96b891a47e975294b4b20354f
data/audio/samples/B5_asr_bn/bomb_90c7097cb95a465aa09181f11c807310.wav,bomb,bob,bomb,1.0,1,Nasality,final,m1,B5_asr_bn,d647c4a8ecd375ed82140d082427e01b
data/audio/samples/clean/English/test-data/bong_bd255a77cdd84b1287dbf0ebd9ed02c3.wav,bong,dong,bong,1.0,1,Graveness,initial,m1,clean,db8351424b8770d3daae4dd1abc81fb5
data/audio/samples/B2_mcadams/loon_5c2a7fbeb077445192b11a10b6abee4b.wav,loon,loom,loon,0.982013761997223,1,Graveness,final,f2,B2_mcadams,48abce45694d27e97172ac376a5d8ec2
data/audio/samples/B3_sttts/go_4ee8b772f6984de784dc796f2db01f0e.wav,go,joe,go,1.0,1,Sibilation,initial,m1,B3_sttts,b03595fbd0b0c9181c8586fdce611a5a
data/audio/samples/B4_nac/than_77c83e59d6d74759bdba60d7097987ee.wav,than,dan,than,1.0,1,Sustention,initial,m2,B4_nac,3c214df0130b9ce02d2a6cfd9603a97c
data/audio/samples/B5_asr_bn/thank_0a0d0155f8184d7289eb2b8177cc4e65.wav,thank,sank,sank,0.924141824245453,0,Sibilation,initial,f2,B5_asr_bn,5384b50142caaf3cd7a2c9204bf137c6
data/audio/samples/TTS_Qwen/nip_Ryan.wav,nip,dip,nip,1.0,1,Nasality,initial,TTS_Ryan,TTS_Qwen,b35275e8ecf1eb0eb1c97c69cb4975b9
data/audio/samples/clean/English/test-data/loom_d50e7fff287d44569fecbc2f47e796aa.wav,loom,loon,loom,1.0,1,Graveness,final,f1,clean,6350c607cae2450a24e8984e64658f40
data/audio/samples/B2_mcadams/mode_13d4a4873bc241d38235333f2a570a0c.wav,mode,moan,mode,1.0,1,Nasality,final,f1,B2_mcadams,1314fc50dafa5c09cceffbc6dfb10c65
data/audio/samples/B3_sttts/cap_d8b3ab2e6e2e43f492dd9cef0f9f64b8.wav,cap,calf,cap,1.0,1,Sustention,final,m2,B3_sttts,ec5cdfcb785c8080edb558387c5acec3
data/audio/samples/B4_nac/zee_236be66a9c8c470e97843f32b393c664.wav,zee,thee,thee,0.996827304363251,0,Sibilation,initial,f2,B4_nac,b173143450ace76a9bf0153618bcebe2
data/audio/samples/B5_asr_bn/though_b76b3b94cf76470c9e87e924283ef600.wav,though,dough,dough,1.0,0,Sustention,initial,f1,B5_asr_bn,127e19c99ae573b997d667f852d0c5f0
data/audio/samples/clean/English/test-data/bad_9d706e028f9848fea4ffc2c3cdf9f1e6.wav,bad,mad,bad,1.0,1,Nasality,initial,m1,clean,3c238da113c47f0488d815e4b3d72d60
data/audio/samples/B2_mcadams/sheaf_b250367fc957406dad178efd6222880a.wav,sheaf,sheave,sheave,0.5,0,Voicing,final,f2,B2_mcadams,055bde198e49a90d8ffb878eb646e542
data/audio/samples/B3_sttts/yield_ea829693e3b7497ca5b32d39210db467.wav,yield,wield,yield,1.0,1,Compactness,initial,m1,B3_sttts,6b51255d9e5273ab38422a9ac1333f80
data/audio/samples/B4_nac/knob_1be75002bfb04ca8b58a65255ff06d5a.wav,knob,nog,knob,1.0,1,Compactness,final,m1,B4_nac,140be4da7aabaaaf933feb49edb88ad0
data/audio/samples/B5_asr_bn/gawp_493a28125071412ba5c0d5674b1c2fdd.wav,gawp,goff,gawp,1.0,1,Sustention,final,f1,B5_asr_bn,e1fd8c1ab6cad7d35677dd8782b63eca
data/audio/samples/clean/English/test-data/thick_2dd33d0db1cc4f7fb3ffd5eccea41dd4.wav,thick,tick,thick,1.0,1,Sustention,initial,m1,clean,ff2a9a353dde4d01d02db2f7b41f4b9b
data/audio/samples/B2_mcadams/seep_6301ab4ed58440c88d70352f74e1f848.wav,seep,seek,seep,0.999999761581421,1,Compactness,final,m2,B2_mcadams,367b56a9abeea3224a5586307ecde23b
data/audio/samples/B3_sttts/than_c417129666584a8592a71b318ae38150.wav,than,dan,than,1.0,1,Sustention,initial,f1,B3_sttts,f0dee0832011e89de4ff3a996583e875
data/audio/samples/B4_nac/fore_a99b8fb0147e47f2b0eff7bcd14e0320.wav,fore,thor,thor,0.999999165534973,0,Graveness,initial,f1,B4_nac,50fbfad88d63abc6e8a2f8e38cd087a6
data/audio/samples/B5_asr_bn/cheat_e58f69ef7ac4436f965f52d9135c54f5.wav,cheat,sheet,sheet,1.0,0,Sustention,initial,m1,B5_asr_bn,78b3638eed57139edc81b996b1615f7b
data/audio/samples/clean/English/test-data/seethe_ad7a400b8f9c4e4bbc92b4cfdd964697.wav,seethe,seed,seed,0.999664664268494,0,Sustention,final,f2,clean,29aaac6db1a0eeb1cd86841a6056bae0
data/audio/samples/B2_mcadams/bed_8eb6bbbf423b41a2a4a41e3ae9fac3fa.wav,bed,beg,bed,1.0,1,Compactness,final,m2,B2_mcadams,81d0601a5ff32d65669df49df0e1a411
data/audio/samples/B3_sttts/fore_a99b8fb0147e47f2b0eff7bcd14e0320.wav,fore,thor,fore,1.0,1,Graveness,initial,f1,B3_sttts,54e3a29f5885310c5f8a7ff2aa27b7b5
data/audio/samples/B4_nac/moot_87e4d3c0bb624a0cbe30aec40c96ad1f.wav,moot,boot,moot,0.999989867210388,1,Nasality,initial,m1,B4_nac,ccb31e4a48375795e9f7d744e2c5e3ef
data/audio/samples/B5_asr_bn/shim_8383037c83fd433f8e9556e6e3534890.wav,shim,shin,shin,0.5,0,Graveness,final,f1,B5_asr_bn,77b90643645b703710a90bcb71f2da41
data/audio/samples/clean/English/test-data/bomb_90c7097cb95a465aa09181f11c807310.wav,bomb,bob,bomb,1.0,1,Nasality,final,m1,clean,5e51d64800d587d2ba456b0cfb078a85
data/audio/samples/B2_mcadams/hit_a4594b84013b4f91a79b1c1f3c6b7a55.wav,hit,fit,hit,1.0,1,Compactness,initial,m1,B2_mcadams,0809f6ce13a3f6a551339692dba120e0
data/audio/samples/B3_sttts/shin_b746d05337d94d43bd26756464e90c29.wav,shin,shim,shin,1.0,1,Graveness,final,m1,B3_sttts,281929737c9638e86e23d5f374071f45
data/audio/samples/B4_nac/dock_12a1793bedb84824a8516a695f2e2b22.wav,dock,knock,dock,1.0,1,Nasality,initial,m1,B4_nac,6a33c9e04161d4139cd52e0f725e23cc
data/audio/samples/B5_asr_bn/patch_e2e3b271d82d4822abf70061fb564b67.wav,patch,pack,patch,1.0,1,Sibilation,final,m1,B5_asr_bn,71e3a46f3ba9040e1dfdcb50cc710cdb
data/audio/samples/clean/English/test-data/goff_91c53a30406e42ce9ba44d43992e78f8.wav,goff,gawp,goff,1.0,1,Sustention,final,f1,clean,f39b599b37c50dbbd8c1452d27c126bf
data/audio/samples/B2_mcadams/bond_bbff1590b3fc44f785046d73763684c1.wav,bond,pond,bond,1.0,1,Voicing,initial,f2,B2_mcadams,12ce79ef46ca077bee73de1398029e88
data/audio/samples/B3_sttts/rod_2172afb9e44d44dca9ad4cc6f9ea1690.wav,rod,wad,wad,1.0,0,Graveness,initial,m2,B3_sttts,d3aa9fff1b856c013b38ad8186894929
data/audio/samples/B4_nac/bomb_90c7097cb95a465aa09181f11c807310.wav,bomb,bob,bomb,1.0,1,Nasality,final,m1,B4_nac,07ca50b4e25a47c5d79f0d280b4d39b2
data/audio/samples/B5_asr_bn/egg_2cd4d1c35b254bcba85a81cc75e4f988.wav,egg,edge,egg,1.0,1,Sibilation,final,f1,B5_asr_bn,6c4555f399fa0ef47bcfc3a97f7602e6
data/audio/samples/clean/English/test-data/loom_c58cbbb86f294f93aa1c661e7e064518.wav,loom,loon,loom,1.0,1,Graveness,final,m2,clean,86ab26120db185d47e306816fb749c2a
data/audio/samples/B2_mcadams/dupe_4f15b7495315406f8735358fd934ac82.wav,dupe,duke,dupe,1.0,1,Compactness,final,f2,B2_mcadams,81fb36342f1c47e608541100ad759ce8
data/audio/samples/B3_sttts/sank_26023953599a413ca76675402368ebd7.wav,sank,thank,sank,1.0,1,Sibilation,initial,f1,B3_sttts,8e00a54add431a22d6083119e2b2bf3e
data/audio/samples/B4_nac/growth_c0adb0283e1f4bb9a69684245504b970.wav,growth,gross,growth,1.0,1,Sibilation,final,m1,B4_nac,f9ff518094f6afd476d58badf0ee5a05
data/audio/samples/B5_asr_bn/load_536014e80656408b96a9043784c7e047.wav,load,loathe,load,1.0,1,Sustention,final,f2,B5_asr_bn,6970eb8c09213d75894d0fb265adced3
data/audio/samples/TTS_Qwen/rich_Ryan.wav,rich,ridge,rich,1.0,1,Voicing,final,TTS_Ryan,TTS_Qwen,ae2605ac6fde50f4c5bc15bd8e69492d
data/audio/samples/clean/English/test-data/zoo_41e8c6202efe453486f18019ce79e1ae.wav,zoo,sue,zoo,1.0,1,Voicing,initial,m1,clean,e9fcd627543ddb396e1781cfe49108dd
data/audio/samples/B2_mcadams/cop_f95fcf37b83b4be181eeb55ab6dec842.wav,cop,chop,chop,0.999996304512024,0,Sibilation,initial,f1,B2_mcadams,d5f83955d3fdd9853ee670f32b7067de
data/audio/samples/B3_sttts/dot_ea3f7b7e1dfa4f00bbcbd24c4c71a534.wav,dot,got,dot,1.0,1,Compactness,initial,f1,B3_sttts,74617e88cea3e04054fc6da8c68662c4
data/audio/samples/B3_sttts/thick_13c9cd2746cb4cd58a1e92464f273f41.wav,thick,tick,thick,0.993307173252106,1,Sustention,initial,f1,B3_sttts,c9a6d2ef2e50c9288101bdc4f9c90984
data/audio/samples/B4_nac/teak_9f5729a206db48a39e8a38e6bf2c6d5e.wav,teak,peak,teak,1.0,1,Graveness,initial,m1,B4_nac,b060cdacd5ad7dca96f23a683ce60560
data/audio/samples/B5_asr_bn/tong_8a9cf6e82dd34cc69fb4912d303cacc7.wav,tong,thong,tong,1.0,1,Sustention,initial,f2,B5_asr_bn,cf13484ab5bbab4db8e1cf519fd6b9d2
data/audio/samples/clean/English/test-data/knob_577dae61f05c4e9b8df94671082e4a75.wav,knob,nog,knob,0.999447166919708,1,Compactness,final,f2,clean,81d63b590bcb65f7d673b8dbe4604074
data/audio/samples/B2_mcadams/peg_97a444ff73bb4a8091e315e36bcf9688.wav,peg,keg,peg,1.0,1,Compactness,initial,f2,B2_mcadams,f4d51d5a14de9fd3d8b1b53eb60b9bf5
data/audio/samples/B3_sttts/moot_87e4d3c0bb624a0cbe30aec40c96ad1f.wav,moot,boot,moot,1.0,1,Nasality,initial,m1,B3_sttts,52b1609dc9c7541511b7d725e91ab8ef
data/audio/samples/B4_nac/care_874797485aa4408ab4e944e759a8b375.wav,care,chair,care,1.0,1,Sibilation,initial,f1,B4_nac,d3e6832f7631ddbb1e905eb24a3c0c2f
data/audio/samples/B5_asr_bn/bed_2f0f611c0eac4fa59916464bcc2e9913.wav,bed,beg,bed,1.0,1,Compactness,final,f1,B5_asr_bn,20934330e227178c5ac550641b220157
data/audio/samples/TTS_Qwen/dough_Ryan.wav,dough,though,dough,1.0,1,Sustention,initial,TTS_Ryan,TTS_Qwen,e28e64202f7b3e1ed726ee35186f44ad
data/audio/samples/clean/English/test-data/thong_8b0363cc5b1f4f02a0872a07cf5a02b2.wav,thong,tong,thong,1.0,1,Sustention,initial,m2,clean,d7eb6f8d4820073033b70116ec24585a
data/audio/samples/B2_mcadams/nog_1ab963b79e834ab5b8ae822668e767a3.wav,nog,knob,nog,1.0,1,Compactness,final,f1,B2_mcadams,9820ad8aad32a23c924e5561d4d15e92
data/audio/samples/B3_sttts/ref_9ef8308c7f71422c85c1d74c327517a4.wav,ref,rev,ref,1.0,1,Voicing,final,m1,B3_sttts,d12176fd99a2d13366f378f265178c49
data/audio/samples/B4_nac/dough_7e614e3d88ea4c9f8be1f5be3b2e0e10.wav,dough,though,dough,1.0,1,Sustention,initial,f1,B4_nac,0de8a7c2085443a3b2199fa6cb32593a
data/audio/samples/B5_asr_bn/fletch_8d1d6b914c6e4fcebd48a9b57e9bffcb.wav,fletch,flesh,fletch,0.997527420520782,1,Sustention,final,m2,B5_asr_bn,a0389009eb3f5db7f36eec8dbf69076f
data/audio/samples/clean/English/test-data/vole_cf8e8eb56fd0408880ae2eb5a0d47b66.wav,vole,foal,vole,1.0,1,Voicing,initial,f2,clean,2f9a06537124da2a3f4821a75dfd1651
data/audio/samples/B2_mcadams/rue_51f651093e474a13976c07c405093cb5.wav,rue,you,rue,0.99999988079071,1,Compactness,initial,f1,B2_mcadams,6b928598c69ec7863b4bc37cbbb3fdd7
data/audio/samples/B3_sttts/jaws_d1856aa6f2e94245a052e7e053d50f09.wav,jaws,gauze,jaws,1.0,1,Sibilation,initial,f2,B3_sttts,499f3e7683cc31b1b3ad8e815301a847
data/audio/samples/B4_nac/cap_26b9aa8c4fea493cb5223203571beb38.wav,cap,calf,cap,1.0,1,Sustention,final,f1,B4_nac,f224038c6a6ffbdc5d92943466b85346
data/audio/samples/B5_asr_bn/caught_c82fca1a2c124081a02ef9811e0a30a2.wav,caught,taught,taught,0.999876618385315,0,Compactness,initial,m2,B5_asr_bn,3395fe02025c48b05a5e970b5f6dbc21
data/audio/samples/clean/English/test-data/back_d031b13b50d545d1af27396b3c80022c.wav,back,bag,back,1.0,1,Voicing,final,m1,clean,6312e9ca5ae1b7071bf57bd520c873ce
data/audio/samples/B2_mcadams/hop_2f6072a53da84d37a84d750a65d3353d.wav,hop,hot,hop,1.0,1,Graveness,final,m1,B2_mcadams,6b12fa10f43e7b2505b14f7b3bf22020
data/audio/samples/B3_sttts/goop_37d6965e76044b64ad324821d1a4e1c2.wav,goop,goof,goop,1.0,1,Sustention,final,m1,B3_sttts,038a46348346106fecc376a049821122
data/audio/samples/B4_nac/fit_677c5454e71a4ba0aec3fe339c12911a.wav,fit,hit,fit,1.0,1,Compactness,initial,m1,B4_nac,b01722125ce6642fa0c5fe50711cbd9f
data/audio/samples/B5_asr_bn/screen_0992e57077fb4792a8e24a2db2a504c0.wav,screen,screed,screed,1.0,0,Nasality,final,m2,B5_asr_bn,bd6ae21a83e8f98174c7426271161526
data/audio/samples/B4_nac/pool_663eabfc169946d5911343db6b632188.wav,pool,tool,pool,1.0,1,Graveness,initial,m1,B4_nac,8f5b58632a41f7bfb74721be74e6846a
data/audio/samples/B5_asr_bn/care_a521cbf444bf4d68aaacae8c1b65bab2.wav,care,chair,care,1.0,1,Sibilation,initial,m2,B5_asr_bn,d6075652419098e022e23c0a56828974
data/audio/samples/clean/English/test-data/shim_815cc25dc68447a5aee8d12b74453296.wav,shim,shin,shim,1.0,1,Graveness,final,m1,clean,9f798ea497f638d57950d8649b3424fe
data/audio/samples/B2_mcadams/shim_815cc25dc68447a5aee8d12b74453296.wav,shim,shin,shin,1.0,0,Graveness,final,m1,B2_mcadams,c21ce98599c72133bad9b40a1ea03209
data/audio/samples/B3_sttts/bad_9d706e028f9848fea4ffc2c3cdf9f1e6.wav,bad,mad,bad,1.0,1,Nasality,initial,m1,B3_sttts,2c0560d87ea1444c287f555f69dda9a3
data/audio/samples/B4_nac/mad_2543c04302a247c7ba5b1884f1663fb9.wav,mad,bad,mad,1.0,1,Nasality,initial,m2,B4_nac,f5b7505b94704bd347e02513ab310f69
data/audio/samples/B5_asr_bn/fore_b9654f39133e410babaa286bcd3aee05.wav,fore,thor,thor,1.0,0,Graveness,initial,m2,B5_asr_bn,ec7d7d7cedede271fc5227ed56f01af9
data/audio/samples/clean/English/test-data/fin_293e06ea815b471ca453224c943d586a.wav,fin,thin,fin,1.0,1,Graveness,initial,m2,clean,c0d7bfd53295f4c2a5981df9623ad6aa
data/audio/samples/B2_mcadams/meat_9b00f6e943424464afd847e2f7551c28.wav,meat,beat,meat,1.0,1,Nasality,initial,f2,B2_mcadams,3f0b512278f8a378b46b26872e1b19ff
data/audio/samples/B3_sttts/bob_218f369775444adfa9b343fd6f5256f4.wav,bob,bomb,bob,1.0,1,Nasality,final,m2,B3_sttts,e4cbf6d04d6baf18eb1dcd59537d6021
data/audio/samples/B4_nac/knock_cdda1155bef54063936f5bbd78546aef.wav,knock,notch,knock,1.0,1,Sibilation,final,f1,B4_nac,e8e4af158b4ef4d88a35376956beb5d5
data/audio/samples/B5_asr_bn/boss_f70f1ada6946470f8324ac489f1cfabb.wav,boss,moss,boss,1.0,1,Nasality,initial,f1,B5_asr_bn,42515e19e7dca988b5b4d72ce5c58e69
data/audio/samples/clean/English/test-data/meat_8e9aed4acedd4417a4f0ebcf66df013c.wav,meat,beat,meat,1.0,1,Nasality,initial,m1,clean,11691764e4bd93100001a1a0ccabb012
data/audio/samples/B2_mcadams/bad_934363b93be24ee682e48e5118af2020.wav,bad,mad,bad,1.0,1,Nasality,initial,f1,B2_mcadams,3139eba13c3edbf6a490da859b84929c
data/audio/samples/B3_sttts/net_9d3b5c664aef4065bb15678057f1e0bb.wav,net,met,net,1.0,1,Graveness,initial,m2,B3_sttts,5db39fa0bde4c02dc1b5579085b2f66e
data/audio/samples/B4_nac/moot_201176bda1224f538da772474ee36a7f.wav,moot,boot,moot,1.0,1,Nasality,initial,m2,B4_nac,839d743edc3f4edc2a62c4bc25c8c542
data/audio/samples/B5_asr_bn/gauze_6ecab558698649edac4de34be9915d72.wav,gauze,jaws,gauze,1.0,1,Sibilation,initial,m2,B5_asr_bn,2b5c42ee54ddd553184ada8decac0944
data/audio/samples/TTS_Qwen/gauze_Ryan.wav,gauze,jaws,gauze,1.0,1,Sibilation,initial,TTS_Ryan,TTS_Qwen,7f03ea06ab58c7c90662d3db72b551db
data/audio/samples/clean/English/test-data/met_1a2d6f71a0a64d3aad0e9882cecea5b8.wav,met,net,met,1.0,1,Graveness,initial,m1,clean,939cc9d9363cf473d2eb7ad71cc82f05
data/audio/samples/B2_mcadams/dote_5139216f57764d23ac706ede80b7f5e4.wav,dote,note,dote,1.0,1,Nasality,initial,f2,B2_mcadams,effa4a9795648f9b638280102c3198e5
data/audio/samples/B3_sttts/fence_f6f88221e3bb43bb9e8160d9642328f7.wav,fence,pence,fence,1.0,1,Sustention,initial,f2,B3_sttts,befb18bc69d79cae8be1ce64fd28bfd2
data/audio/samples/B4_nac/strode_90df4077a993463d9e1846b9669a259f.wav,strode,strobe,strode,0.999993801116943,1,Graveness,final,m2,B4_nac,01d0590da1ec2a9ecc8a98dd8c59e7cf
data/audio/samples/B5_asr_bn/thee_799653a863094120a3e5d17e226f859a.wav,thee,zee,thee,1.0,1,Sibilation,initial,f1,B5_asr_bn,01eb3e465da125caf9d54b316fb7f41d
data/audio/samples/clean/English/test-data/bed_8eb6bbbf423b41a2a4a41e3ae9fac3fa.wav,bed,beg,bed,1.0,1,Compactness,final,m2,clean,144171696b48bb307d445f6a57919245
data/audio/samples/clean/English/test-data/lib_cc12868019e14f0982d1ee2ec35e6a16.wav,lib,live,live,1.0,0,Sustention,final,f2,clean,9fd140ffc4a35549a6d7e7bb227f7fc2
data/audio/samples/B2_mcadams/cheat_897c69ea88e243f3ad022ed241b36e5e.wav,cheat,sheet,cheat,1.0,1,Sustention,initial,f1,B2_mcadams,2ecea84ed62dc1df531dadebaedac2a6
data/audio/samples/B3_sttts/pond_8c78ec9aca6c44d79c78e26862c3777e.wav,pond,bond,pond,1.0,1,Voicing,initial,m2,B3_sttts,b3c9d0c27489a66b3622a5a8c81e069e
data/audio/samples/B4_nac/trough_658e9ada4c664342962d0584e3c1c5db.wav,trough,troth,trough,1.0,1,Graveness,final,m1,B4_nac,512b79a5b79187f8f90240a898507656
data/audio/samples/B5_asr_bn/knock_cdda1155bef54063936f5bbd78546aef.wav,knock,dock,knock,1.0,1,Nasality,initial,f2,B5_asr_bn,4452e9ab86c6a730aeed5e13b42c476b
data/audio/samples/TTS_Qwen/gaff_Ryan.wav,gaff,calf,gaff,1.0,1,Voicing,initial,TTS_Ryan,TTS_Qwen,aac42db7c28888126c8109ba274396da
data/audio/samples/clean/English/test-data/bean_bd3dae97d09348079da11d779ebe53d1.wav,bean,peen,bean,1.0,1,Voicing,initial,m1,clean,d62be4ad8180c147a99a7c4ed392dbc2
data/audio/samples/B2_mcadams/fit_6384530cf0ed4ff99e0ae6a1f1996b53.wav,fit,hit,fit,1.0,1,Compactness,initial,f2,B2_mcadams,107e3d907cc9fc8d0931115e981159bb
data/audio/samples/B3_sttts/ref_2d5112f7c0564e4fa01d9d04872a0206.wav,ref,rev,ref,1.0,1,Voicing,final,f2,B3_sttts,7de7573a858c436dd20f4fc215074c88
data/audio/samples/B4_nac/moan_8adf981112ce491d9836ef0e5ac8a7e7.wav,moan,mode,moan,1.0,1,Nasality,final,m1,B4_nac,822b057825685d2c1cb844e2e513d7c8
data/audio/samples/B5_asr_bn/wreath_519f3fb74f28449ba560d5823e4b1474.wav,wreath,reef,reef,0.999954581260681,0,Graveness,final,f1,B5_asr_bn,2bb13e3439460b5002277c1f3438b462
data/audio/samples/clean/English/test-data/tense_eae5afc4c0eb4bf9a5ceaa114d257087.wav,tense,dense,tense,1.0,1,Voicing,initial,f2,clean,229f09dcc03650bded616c1cfbf0368b
data/audio/samples/B2_mcadams/sheave_a4bac6dfec6c4413a6a7e7414b9179a9.wav,sheave,sheaf,sheave,1.0,1,Voicing,final,m2,B2_mcadams,73e083bef4eb088347c7e29c7e26566d
data/audio/samples/B3_sttts/ridge_397101941f5b4a0bbb8803e68bb936fa.wav,ridge,rich,ridge,1.0,1,Voicing,final,f2,B3_sttts,26a6dd94b472e1d5af52ecaa9cd24e95
data/audio/samples/B4_nac/breathe_055bd7c98f2245b08a154bf653974fd8.wav,breathe,breeze,breathe,1.0,1,Sibilation,final,m1,B4_nac,35bc10fcfa1a3960ffc3fa7091598477
data/audio/samples/B5_asr_bn/rap_5a75865a26bc4ba3b3ad9bc2ddbdd9ec.wav,rap,rat,rap,1.0,1,Graveness,final,m2,B5_asr_bn,d3b33cb23073eb77e076aa47514b5fee
data/audio/samples/clean/English/test-data/moot_201176bda1224f538da772474ee36a7f.wav,moot,boot,moot,1.0,1,Nasality,initial,m2,clean,ef2363a738a70b942dcfcdc8cedfd491
data/audio/samples/B2_mcadams/dip_24aa9545d468418aa4bfb9a3fb6a50d4.wav,dip,nip,dip,1.0,1,Nasality,initial,f2,B2_mcadams,dc72171244ea45579de0daef7b85b307
data/audio/samples/B3_sttts/hit_43625c73d4dc43edb429f8a9d3248265.wav,hit,fit,hit,1.0,1,Compactness,initial,m2,B3_sttts,c0f7be59b411966b7e5b1fe9e1ac6b37
data/audio/samples/B4_nac/thee_34b10126cd3e4d64a83958ce8789797e.wav,thee,zee,thee,1.0,1,Sibilation,initial,m2,B4_nac,7b0196c0e91cbdf82be5bb33e902811e
data/audio/samples/B5_asr_bn/dan_9b43711399ed41608d75fe5a374bb609.wav,dan,than,than,1.0,0,Sustention,initial,m1,B5_asr_bn,b1444d708415eca691886ef4b8eabd3d
data/audio/samples/clean/English/test-data/edge_d5fd04f17a0f410aab311465841c47b7.wav,edge,egg,edge,1.0,1,Sibilation,final,f1,clean,1554ab422eb189ac4db729af7cccdb4c
data/audio/samples/B2_mcadams/ref_9ef8308c7f71422c85c1d74c327517a4.wav,ref,rev,ref,1.0,1,Voicing,final,m1,B2_mcadams,d721b40936d111587fa135990d993fbf
data/audio/samples/B3_sttts/tool_adbc8e486a484e1c937f8ef09cd3e1b3.wav,tool,pool,pool,0.999447166919708,0,Graveness,initial,f1,B3_sttts,47d7a726431f03ad75fcd3f12e6089fa
data/audio/samples/B3_sttts/wad_bbb49c26024d4262a86da1572e6e9f97.wav,wad,rod,wad,1.0,1,Graveness,initial,f2,B3_sttts,cd4e8eab3c49f43d5916c29f4dbab9c6
data/audio/samples/B4_nac/jeb_2e37fcf30a954440b967c17040b9c5e2.wav,jeb,gem,jeb,1.0,1,Nasality,final,f1,B4_nac,943fbe26467e1980649703cfb3f6b4cd
data/audio/samples/B5_asr_bn/net_bc5564893576480e9735215e4f27fb41.wav,net,met,net,1.0,1,Graveness,initial,f2,B5_asr_bn,9fdaa285fdbd319f6941f6d3754b234f
data/audio/samples/clean/English/test-data/fin_f57e905a6739482c9e092e1f32f81cec.wav,fin,thin,fin,1.0,1,Graveness,initial,f1,clean,afc0ccff10cc0045e4f082667b9b60fb
data/audio/samples/B2_mcadams/goop_37d6965e76044b64ad324821d1a4e1c2.wav,goop,goof,goop,1.0,1,Sustention,final,m1,B2_mcadams,4472d329d144c3ba642d8db6a632a9b5
data/audio/samples/B3_sttts/nog_5ddcffe8b5f44021a47e0c1a8664df54.wav,nog,knob,nog,1.0,1,Compactness,final,m1,B3_sttts,94f64bf085c808a7747900be3c8f13d1
data/audio/samples/B4_nac/fence_f6f88221e3bb43bb9e8160d9642328f7.wav,fence,pence,fence,1.0,1,Sustention,initial,f2,B4_nac,ad142c5e93d45d1a5a24f3655bc809a3
data/audio/samples/B5_asr_bn/dote_5139216f57764d23ac706ede80b7f5e4.wav,dote,note,dote,1.0,1,Nasality,initial,f2,B5_asr_bn,11a6b956e74780ee575bca92d9f595c4
data/audio/samples/TTS_Qwen/knock_Ryan.wav,knock,notch,knock,1.0,1,Sibilation,final,TTS_Ryan,TTS_Qwen,f4cebf71c98645f76c92b2278a45ab32
data/audio/samples/clean/English/test-data/sheave_6666ce8f3dca457a9971878b0e77bb1d.wav,sheave,sheaf,sheave,1.0,1,Voicing,final,m1,clean,c65bdc2983541cfc7eb46cb3d93fc4f2
data/audio/samples/B2_mcadams/hit_43625c73d4dc43edb429f8a9d3248265.wav,hit,fit,hit,1.0,1,Compactness,initial,m2,B2_mcadams,6f16036de9679dbc127448645f430567
data/audio/samples/B3_sttts/so_6f83d7a9137e4ae89b8820fe0ae9c326.wav,so,show,so,1.0,1,Compactness,initial,m2,B3_sttts,37c103ad6cb958416836ed6a09434c11
data/audio/samples/B4_nac/seed_51ca302f05e74d639fea0e224197b98e.wav,seed,seethe,seed,1.0,1,Sustention,final,m2,B4_nac,5216ce9a02d4602a6b0cd7411e864619
data/audio/samples/B5_asr_bn/thin_3ea03fe95aeb46f98de71412308ccd81.wav,thin,fin,fin,1.0,0,Graveness,initial,f1,B5_asr_bn,2607cbc8ae7600ac510aaae3bf1a0a97
data/audio/samples/clean/English/test-data/ross_b33a2aacaffe41518e2d1ad88918f468.wav,ross,wroth,ross,1.0,1,Sibilation,final,f2,clean,87217df072fd00bdeec024badc7e03e3
data/audio/samples/B2_mcadams/vox_c5023bd572734a159a520019bae00b75.wav,vox,box,box,0.5,0,Sustention,initial,m2,B2_mcadams,94378df9ff13225a39ee70da5b18890a
data/audio/samples/B3_sttts/thin_0cf4b27f76e54b6c9e54afe4888c3811.wav,thin,fin,thin,1.0,1,Graveness,initial,m1,B3_sttts,8fcfa31a1b77f453cd3e700d4adf0928
data/audio/samples/B4_nac/pack_2f6e3d91715946358e566d74cba37430.wav,pack,patch,pack,1.0,1,Sibilation,final,f2,B4_nac,2abf85c7f0416ce86a48fac1ae278eb0
data/audio/samples/B5_asr_bn/rue_d39b36c7d40940318b257c6930913143.wav,rue,you,rue,0.995929896831512,1,Compactness,initial,f2,B5_asr_bn,b6fed213f0f1c0bc381006d881cc72f5
data/audio/samples/clean/English/test-data/dank_5119a02cc9544f30955423dc7035a8ae.wav,dank,bank,dank,1.0,1,Graveness,initial,f1,clean,4882fb68809f5e47c806355ae8b1f63c
data/audio/samples/B2_mcadams/go_3d33db9a165e46db8bb8b8297efa025a.wav,go,joe,go,1.0,1,Sibilation,initial,m2,B2_mcadams,f7f85b2c21c961a2ffe20f7962387f19
data/audio/samples/B3_sttts/rev_e14a2ec936f64996b2377cc2cc661eda.wav,rev,ref,ref,1.0,0,Voicing,final,f1,B3_sttts,420dcb1c096d0e0faf2d20aaabcaa6f4
data/audio/samples/B4_nac/dan_9b43711399ed41608d75fe5a374bb609.wav,dan,than,dan,1.0,1,Sustention,initial,m1,B4_nac,0cf2230f2fc114f5e19fc01f5d192a58
data/audio/samples/B5_asr_bn/bag_91563fc06079426f91f6fba93ba67dce.wav,bag,back,bag,0.880797028541565,1,Voicing,final,f2,B5_asr_bn,fc919d310612b3e85398ef30753c508e
data/audio/samples/clean/English/test-data/goff_40e4de4e88034736acfdc0f226d194be.wav,goff,gawp,goff,0.999999642372131,1,Sustention,final,f2,clean,84e5c355aaa603b4eb1623eaf48cd776
data/audio/samples/B2_mcadams/jilt_0560bfccc29c41068767e55f5cca08cb.wav,jilt,guilt,jilt,1.0,1,Sibilation,initial,m1,B2_mcadams,50116fc910c8e448b49707ff5239c5bf
data/audio/samples/B3_sttts/seep_462de9fa82264c2cbc42de6618448981.wav,seep,seek,seep,1.0,1,Compactness,final,f2,B3_sttts,41c29d9fb23b7ca2a39e7ce78ded4d41
data/audio/samples/B4_nac/fad_0409b062ccb84e47a6e8dac8008f11fc.wav,fad,fan,fad,1.0,1,Nasality,final,f1,B4_nac,2aa5bcba1818a3b528703fcab8d3a0ab
data/audio/samples/B5_asr_bn/bat_4817bfe04e9b4e4a940e502369a5d9a2.wav,bat,gat,bat,1.0,1,Compactness,initial,m2,B5_asr_bn,42a444672a27890664366b2e0714e32a
data/audio/samples/clean/English/test-data/hodge_11f2a40377a04c5b917ccde4006cbe9f.wav,hodge,hotch,hodge,1.0,1,Voicing,final,m2,clean,1864c34973f352edb067bf17f8aae40b
data/audio/samples/B2_mcadams/rod_2172afb9e44d44dca9ad4cc6f9ea1690.wav,rod,wad,wad,1.0,0,Graveness,initial,m2,B2_mcadams,c98d07226a7d9317cbd240599e2ecb22
data/audio/samples/B3_sttts/tick_f8f674fd45fa4d6f8cd4734f1d029fff.wav,tick,thick,tick,1.0,1,Sustention,initial,m1,B3_sttts,91c55172cdded7cc7257f726388a7a66
data/audio/samples/B4_nac/miss_62356ec5a7a545a4a84e779787692966.wav,miss,myth,miss,1.0,1,Sibilation,final,f2,B4_nac,6a70b749a3173fd1881a7d8b61418727
data/audio/samples/B5_asr_bn/dock_ae8e7b873bfa40e8bd8f71445c99f0cc.wav,dock,knock,dock,1.0,1,Nasality,initial,f1,B5_asr_bn,9ae4f3daa163c5d527c86c7ba60d7a04
data/audio/samples/clean/English/test-data/caught_d98979a22f8b468a9b8503e4529ae926.wav,caught,taught,caught,1.0,1,Compactness,initial,f1,clean,c325e8a357a7c04a5d6de0a2f73a3334
data/audio/samples/B2_mcadams/shim_263a01e94c3f47909fac288eee4389f3.wav,shim,shin,shim,0.880797028541565,1,Graveness,final,m2,B2_mcadams,626e1fc63d5bf5b3f42b00de388e8cd4
data/audio/samples/B3_sttts/trough_0ace4bb2fdbf44b49902c10cc47317a4.wav,trough,troth,trough,1.0,1,Graveness,final,f2,B3_sttts,4029a79337b0eb0348cf0374cde64042
data/audio/samples/B4_nac/wroth_8b45263a630644af9823123be7b37050.wav,wroth,ross,wroth,0.999664664268494,1,Sibilation,final,m1,B4_nac,e71b9b2f75c138a918ec55da45f36636
data/audio/samples/B5_asr_bn/wad_bbb49c26024d4262a86da1572e6e9f97.wav,wad,rod,wad,1.0,1,Graveness,initial,f2,B5_asr_bn,b97e4d67d338b05da1c7c657151aa6e5
data/audio/samples/clean/English/test-data/tense_df86f4a818a14bd097925a284738cd2a.wav,tense,dense,tense,1.0,1,Voicing,initial,m2,clean,4ac635c5f8979a7ced6e66c84fb27f9d
data/audio/samples/B2_mcadams/loom_c58cbbb86f294f93aa1c661e7e064518.wav,loom,loon,loom,0.999987006187439,1,Graveness,final,m2,B2_mcadams,5b44e7265ecc5f2578d11b54daa8d147
data/audio/samples/B3_sttts/breeze_93e21bf2c89c492daf2ecf26464b799f.wav,breeze,breathe,breeze,1.0,1,Sibilation,final,m2,B3_sttts,ea4bb5f90052061f7c329a1faea26bab
data/audio/samples/B4_nac/ridge_806cb12637b840ec97bb394bb50c69fe.wav,ridge,rich,ridge,1.0,1,Voicing,final,m1,B4_nac,9e34c0c664dca8495b07cb900d19d3cd
data/audio/samples/B5_asr_bn/lib_74fa8049a92c44e7b1cc544b777ec4c8.wav,lib,live,live,0.999925136566162,0,Sustention,final,f1,B5_asr_bn,6b87528e76b60d80dd3c53009856016b
data/audio/samples/TTS_Qwen/tense_Ryan.wav,tense,dense,tense,1.0,1,Voicing,initial,TTS_Ryan,TTS_Qwen,bd0e15b8e065c6f3fdb74d0cb9befebc
data/audio/samples/clean/English/test-data/tool_75ca6c31a5cc49c4a21191f8e2d07a0b.wav,tool,pool,tool,1.0,1,Graveness,initial,m2,clean,78e7d064c24d5343823d3e927c6728e0
data/audio/samples/B2_mcadams/lube_d497d337ee434d30a8a2bc4ef84751bb.wav,lube,loop,lube,1.0,1,Voicing,final,m2,B2_mcadams,10ec0b0147efa1aaddd8368fa70a07c0
data/audio/samples/B3_sttts/deck_5448223dd8e74dc284751553dd0ff372.wav,deck,neck,deck,1.0,1,Nasality,initial,m1,B3_sttts,cd42611f1c5b32dd5dfc5552038240f9
data/audio/samples/B4_nac/mad_224676f482064a3980e460c369b42f21.wav,mad,bad,bad,0.924141824245453,0,Nasality,initial,m1,B4_nac,74b78045a4838320e77d6d2c27494110
data/audio/samples/B5_asr_bn/thin_0cf4b27f76e54b6c9e54afe4888c3811.wav,thin,fin,thin,1.0,1,Graveness,initial,m1,B5_asr_bn,d69ac616b6e34bf1a376f062ce8a4736
data/audio/samples/TTS_Qwen/slob_Ryan.wav,slob,slav,slob,0.999664664268494,1,Sustention,final,TTS_Ryan,TTS_Qwen,4558748ba2f44a66d426b99c2dcd62cd
data/audio/samples/clean/English/test-data/trough_816daaf4e16b4338840358bfdf74fecb.wav,trough,troth,troth,1.0,0,Graveness,final,m2,clean,84da54faf4d59ca75ab26e54d34e0e25
data/audio/samples/B2_mcadams/clash_1eb36679d5714209aaf48a2def8cfaaa.wav,clash,class,clash,0.999664664268494,1,Compactness,final,f1,B2_mcadams,f7197ea27411ceebb8bd7d7cb89463a5
data/audio/samples/B3_sttts/jaws_36adf0f67a3548e4ac99e41536de4401.wav,jaws,gauze,jaws,1.0,1,Sibilation,initial,m1,B3_sttts,67cd66f890b815ca951eb39517c8de60
data/audio/samples/B4_nac/brogue_b2e4780d5e70436090e97daf403218d3.wav,brogue,broke,brogue,1.0,1,Voicing,final,f1,B4_nac,54aca6273e05ed31a89bfbad35c1faa6
data/audio/samples/B5_asr_bn/pence_3077fca93d6a48fa90aa5e6de14d197a.wav,pence,fence,pence,1.0,1,Sustention,initial,f1,B5_asr_bn,6b673ddd8abd423d64370590f4f2834d
data/audio/samples/clean/English/test-data/fletch_8d1d6b914c6e4fcebd48a9b57e9bffcb.wav,fletch,flesh,flesh,1.0,0,Sustention,final,m2,clean,c129026fbfc0980219da31ab7b4a48fb
data/audio/samples/B2_mcadams/gem_8944316b4de74265ba1ccb5890d282ee.wav,gem,jeb,jeb,1.0,0,Nasality,final,f1,B2_mcadams,d5ac69a01dc98e012edd5536e6b8e297
data/audio/samples/B3_sttts/vox_c2e7049060b742f99afd7bd8e6537137.wav,vox,box,box,1.0,0,Sustention,initial,f1,B3_sttts,ccb27abb739dad9bd74ed03145a9ed38
data/audio/samples/B4_nac/knob_0f1afc3318354b29ba4c9b56efee730d.wav,knob,nog,knob,1.0,1,Compactness,final,m2,B4_nac,92dd2309d1fca446271f14dff1ccefd7
data/audio/samples/B5_asr_bn/dupe_410ffc36277e41f386f14cfdc82553d2.wav,dupe,duke,dupe,1.0,1,Compactness,final,f1,B5_asr_bn,516afc7c2d9ebb182f77f888bc623184
data/audio/samples/clean/English/test-data/bed_b7d4fa2b44da4081b8234c3bdb14d43a.wav,bed,beg,bed,1.0,1,Compactness,final,f2,clean,029576153b662d3ece0fd1aa3a5769c6
data/audio/samples/B2_mcadams/moot_91e3a0c4d099458bbd685f78ad1cb019.wav,moot,boot,moot,1.0,1,Nasality,initial,f2,B2_mcadams,bb3bcbd26229d81bba2e000f7d8c6642
data/audio/samples/B3_sttts/meat_79173109967d4f02bfc67aaa20aa5f20.wav,meat,beat,meat,1.0,1,Nasality,initial,f1,B3_sttts,c9d457c95d8f04e864eee6da0c3ee8ed
data/audio/samples/B4_nac/gauze_2d03955042484ac0835fb289fc22bf93.wav,gauze,jaws,gauze,1.0,1,Sibilation,initial,f2,B4_nac,218dc5c25b7f70d1baf84f5289f01dff
data/audio/samples/B5_asr_bn/goop_37d6965e76044b64ad324821d1a4e1c2.wav,goop,goof,goop,1.0,1,Sustention,final,m1,B5_asr_bn,ff8257a6f3cb4da5411d108fcd17e3ec
data/audio/samples/clean/English/test-data/dot_059233f2b72e4a3c82736c7ddf004f48.wav,dot,got,dot,1.0,1,Compactness,initial,m1,clean,3c3dd2cf4a973c83a1fbfad5a297d6a5
data/audio/samples/B2_mcadams/mad_224676f482064a3980e460c369b42f21.wav,mad,bad,mad,1.0,1,Nasality,initial,m1,B2_mcadams,dd2e222ed1a697c6ca3df418e4c49f0c
data/audio/samples/B3_sttts/sank_2c5335ca407143468f85a908048f7970.wav,sank,thank,sank,1.0,1,Sibilation,initial,f2,B3_sttts,c0accd84f7e7add26b49f0135218edb1
data/audio/samples/B4_nac/dupe_0fb5be1340a649b583cab05ba779ef3d.wav,dupe,duke,dupe,1.0,1,Compactness,final,m1,B4_nac,a36f81496fc150940ab1558dc6689783
data/audio/samples/B5_asr_bn/goff_328cdeb36a7d45dbb5d2195da8b609e9.wav,goff,gawp,goff,0.999999523162842,1,Sustention,final,m1,B5_asr_bn,f95d239e30fa33ccf71b1be8080bfb45
data/audio/samples/TTS_Qwen/choose_Ryan.wav,choose,shoes,choose,1.0,1,Sustention,initial,TTS_Ryan,TTS_Qwen,14f1215b5bf41089d36497806996b4b9
data/audio/samples/B4_nac/ridge_397101941f5b4a0bbb8803e68bb936fa.wav,ridge,rich,ridge,1.0,1,Voicing,final,f2,B4_nac,03c22b946b30cf9a28feec86e3d7b2af
data/audio/samples/B5_asr_bn/mad_54f9afd9cde64b75a977c8099606de5b.wav,mad,bad,mad,1.0,1,Nasality,initial,f1,B5_asr_bn,4285c3306fda4ba3c6a4ac7c43798d04
data/audio/samples/TTS_Qwen/fin_Ryan.wav,fin,thin,fin,1.0,1,Graveness,initial,TTS_Ryan,TTS_Qwen,177e8895d52a4550c51dddaf0938834c
data/audio/samples/clean/English/test-data/rue_5ca77775758142a89668dd624e3d9e57.wav,rue,you,rue,1.0,1,Compactness,initial,m2,clean,3d53a29798ad0acd91ced0c1bbbcfa7c
data/audio/samples/B2_mcadams/egg_12b71ef5a4db4ecb8f6d3f387be6dd5a.wav,egg,edge,egg,1.0,1,Sibilation,final,m1,B2_mcadams,f0bad4d303c5e34583e7f0b7e781dac4
data/audio/samples/B3_sttts/got_ee359560daf1416bace3e30543ce4a13.wav,got,dot,got,1.0,1,Compactness,initial,f2,B3_sttts,9dd6a888dec1eb72089e869068576631
data/audio/samples/B4_nac/choose_1e2c60bf5da7489e9ec46e62901b86a4.wav,choose,shoes,choose,1.0,1,Sustention,initial,m2,B4_nac,6d369a8d290775cb4bd2e38c92ce54f9
data/audio/samples/B5_asr_bn/slob_6ed845bdc2524972a196cf0ae04806bc.wav,slob,slav,slav,0.952574133872986,0,Sustention,final,m2,B5_asr_bn,a1ddbe81f8ef319e64ac31b345d1e966
data/audio/samples/clean/English/test-data/peak_0f7c91fc91044f70bfa72964b50d7421.wav,peak,teak,peak,1.0,1,Graveness,initial,f1,clean,0ea2ca6247e262d5664b628b82a11be7
data/audio/samples/B2_mcadams/go_4ee8b772f6984de784dc796f2db01f0e.wav,go,joe,go,0.999089002609253,1,Sibilation,initial,m1,B2_mcadams,15a46008ee3af87e45de354031b2b4c1
data/audio/samples/B3_sttts/strode_d40f298888734fd8a1e8f4a1b71961f5.wav,strode,strobe,strode,0.997527420520782,1,Graveness,final,f1,B3_sttts,b71a54bd6060db0b3b52f15b70ae70c0
data/audio/samples/B4_nac/goop_37d6965e76044b64ad324821d1a4e1c2.wav,goop,goof,goop,1.0,1,Sustention,final,m1,B4_nac,eec9e48ae5ff01f8d8844546b54bcf26
data/audio/samples/B5_asr_bn/nude_763f3dd3ef7e47ed98fa80cd3a3abf2c.wav,nude,noon,nude,1.0,1,Nasality,final,f2,B5_asr_bn,73835424c963cc4fea140450bc0bd380
data/audio/samples/clean/English/test-data/go_af965e7eeb1b41708f215761ac41e3aa.wav,go,joe,go,1.0,1,Sibilation,initial,f1,clean,0c34ed3641884d730921d3cf43ae6793
data/audio/samples/B2_mcadams/duke_b7bcf04e7f884fbaa6ee66112a6f26ac.wav,duke,dupe,duke,1.0,1,Compactness,final,f1,B2_mcadams,f5304b63f9876f843f05358a9a0daba5
data/audio/samples/B3_sttts/bob_70907d472799464e9bed8d1d5baacca1.wav,bob,bomb,bob,1.0,1,Nasality,final,f2,B3_sttts,4a5ce8d89769ef5fb99a1a7f54c7112f
data/audio/samples/B4_nac/fan_588a057464954e45a758a05e07ce87b2.wav,fan,fad,fan,1.0,1,Nasality,final,m1,B4_nac,0d7a97e4d3f2ae034daca71d2d949843
data/audio/samples/B5_asr_bn/calf_14796928aeed4df78cc07fa56ebf136c.wav,calf,gaff,calf,1.0,1,Voicing,initial,m1,B5_asr_bn,128a51f7e09bbf0b867d0c164defffeb
data/audio/samples/clean/English/test-data/so_6f83d7a9137e4ae89b8820fe0ae9c326.wav,so,show,so,1.0,1,Compactness,initial,m2,clean,12151a05cac1deb56afca08e307de131
data/audio/samples/B2_mcadams/dock_12a1793bedb84824a8516a695f2e2b22.wav,dock,knock,dock,1.0,1,Nasality,initial,m1,B2_mcadams,66be38682448da82a7cb56c1978c4394
data/audio/samples/B3_sttts/bank_b443b53916e445fbb7ae686de5395853.wav,bank,dank,bank,1.0,1,Graveness,initial,f2,B3_sttts,3d6087bce613a50e8cacbc2ff8423895
data/audio/samples/B4_nac/moan_9219aac4570c4995aff554e506115e0e.wav,moan,mode,moan,1.0,1,Nasality,final,f2,B4_nac,248672aa1a6fa9a093ea090631d8d650
data/audio/samples/B5_asr_bn/cop_a2c2a94a4c984d04a458bf7dd219483f.wav,cop,chop,cop,0.999998569488525,1,Sibilation,initial,m2,B5_asr_bn,bef425f52a662ebaf91fa42bbd5df8c5
data/audio/samples/TTS_Qwen/chop_Ryan.wav,chop,cop,chop,1.0,1,Sibilation,initial,TTS_Ryan,TTS_Qwen,2eb29208d2c149ddca8aed63c0cd2d0a
data/audio/samples/B3_sttts/screed_4d624c6f908e49359da5d9650d278c2a.wav,screed,screen,screed,1.0,1,Nasality,final,f2,B3_sttts,3baa00dd5176612676b7708e8fea6adb
data/audio/samples/B4_nac/fan_6e93ce054547492381401dcdb854c191.wav,fan,fad,fan,1.0,1,Nasality,final,m2,B4_nac,c53db82da61bbfa5aae6153721d4a370
data/audio/samples/B5_asr_bn/soothe_c00ac2f5d0f74367a34187727128cca6.wav,soothe,sues,soothe,0.982013761997223,1,Sibilation,final,m1,B5_asr_bn,c039e8ad287aa30faba2162574b1b7a2
data/audio/samples/clean/English/test-data/wroth_8b45263a630644af9823123be7b37050.wav,wroth,ross,wroth,1.0,1,Sibilation,final,m1,clean,d20a997419224f07d8c475633ed77315
data/audio/samples/B2_mcadams/egg_1d838ee5b66a40d685765745debf7a01.wav,egg,edge,egg,1.0,1,Sibilation,final,f2,B2_mcadams,e024a4023ba82d41560b78d5fbe53402
data/audio/samples/B3_sttts/sheaf_ca56f14b6e2d44688627198f89aae099.wav,sheaf,sheave,sheave,1.0,0,Voicing,final,f1,B3_sttts,e14b691f1aceaac0d76254ba6fe57363
data/audio/samples/B4_nac/live_a1c6f769c7f94c1cbfd7a1434816939d.wav,live,lib,live,1.0,1,Sustention,final,m2,B4_nac,079973d894d6f111c54465ef667395bf
data/audio/samples/B5_asr_bn/rev_9eefee1e984d449fa3ec2b542a67963a.wav,rev,ref,rev,0.997527420520782,1,Voicing,final,m2,B5_asr_bn,8ece3cc3b8489ea7feb51fc8b3f4c23c
data/audio/samples/TTS_Qwen/bat_Ryan.wav,bat,gat,bat,1.0,1,Compactness,initial,TTS_Ryan,TTS_Qwen,160519c5fb3cff3bccab43924d52fd85
data/audio/samples/clean/English/test-data/wed_dc79e9885bbc40e2ad36cff72664fe5d.wav,wed,web,wed,1.0,1,Graveness,final,m1,clean,add6953cda4844e82227243a6a4b4df5
data/audio/samples/B2_mcadams/wroth_8b45263a630644af9823123be7b37050.wav,wroth,ross,wroth,1.0,1,Sibilation,final,m1,B2_mcadams,85b99372a0755e2ab59f5956d1a3e5a0
data/audio/samples/B3_sttts/web_be519c28f40e43aebf07f377668d16ce.wav,web,wed,web,1.0,1,Graveness,final,f1,B3_sttts,5d1b203bbb995e21f6d9aa4e67d1ad4a
data/audio/samples/B4_nac/hit_43625c73d4dc43edb429f8a9d3248265.wav,hit,fit,hit,1.0,1,Compactness,initial,m2,B4_nac,413acbf0bcbff10d4ddfc453d9cc2a01
data/audio/samples/B5_asr_bn/jaws_36adf0f67a3548e4ac99e41536de4401.wav,jaws,gauze,jaws,1.0,1,Sibilation,initial,m1,B5_asr_bn,9fde75bb80ec6ddf9d070753a554040f
data/audio/samples/clean/English/test-data/slob_f1f1958a5f5345b394c68c223f54b328.wav,slob,slav,slob,0.982013761997223,1,Sustention,final,f2,clean,94bcb0a762dd7a130804401bd5fabe1e
data/audio/samples/B2_mcadams/note_dcd9ded60e024e8b8971070a57a07727.wav,note,dote,note,1.0,1,Nasality,initial,f1,B2_mcadams,352d13e14c93ad086087b303bd904626
data/audio/samples/B3_sttts/loom_95c760abf5594b2a8825589a9e226f28.wav,loom,loon,loom,0.999999403953552,1,Graveness,final,m1,B3_sttts,827d2d3604361ba007a7a7455412e01d
data/audio/samples/B4_nac/rev_b8b47afbc454484e8f5cc43f14bcb59e.wav,rev,ref,ref,1.0,0,Voicing,final,f2,B4_nac,2e549f04b3e8c10a4260f7c34aea026f
data/audio/samples/B5_asr_bn/goop_c2392378a55044c4885fe2e054559389.wav,goop,goof,goop,0.952574133872986,1,Sustention,final,f2,B5_asr_bn,f1205d92c73dda36031718a395197f34
data/audio/samples/clean/English/test-data/web_1b2bfd2e7e3a495781eb3b555e841f66.wav,web,wed,web,1.0,1,Graveness,final,m2,clean,f705488c25ce6812f842404f6691e99b
data/audio/samples/B2_mcadams/chop_b8f934a4213c4490aab90b355c87324a.wav,chop,cop,chop,1.0,1,Sibilation,initial,m2,B2_mcadams,fe7e7bdbf4a7850bedfb53a5b5f854ba
data/audio/samples/B3_sttts/gin_b98cce25d0a14e25a8ff918b303c2f86.wav,gin,chin,gin,0.99999988079071,1,Voicing,initial,f2,B3_sttts,081343e91554378c77a52e1cc3f94f58
data/audio/samples/B4_nac/dote_b8b56dce9ca14640b58a3a17e16ef5cd.wav,dote,note,dote,1.0,1,Nasality,initial,m1,B4_nac,b77a628ae429e4f5b290766e200d0925
data/audio/samples/B5_asr_bn/bank_b443b53916e445fbb7ae686de5395853.wav,bank,dank,bank,1.0,1,Graveness,initial,f2,B5_asr_bn,0d8a891692f175b3783c8ca6f963bf8a
data/audio/samples/B5_asr_bn/miss_62356ec5a7a545a4a84e779787692966.wav,miss,myth,miss,1.0,1,Sibilation,final,f2,B5_asr_bn,e1cd385220178204552ca2e1ff679d51
data/audio/samples/clean/English/test-data/wreath_f3e610a9312943279193ced0ef0fb7c6.wav,wreath,reef,wreath,0.998498797416687,1,Graveness,final,m2,clean,e190e9c3abc6c73de0f146bff65e5501
data/audio/samples/B2_mcadams/notch_13fff3b575cb4ecb8c5b862709ae6c27.wav,notch,knock,notch,1.0,1,Sibilation,final,m2,B2_mcadams,25ad9583ce2edb6b28c380f6e02edc47
data/audio/samples/B3_sttts/note_dcd9ded60e024e8b8971070a57a07727.wav,note,dote,note,1.0,1,Nasality,initial,f1,B3_sttts,3891ff2c76e055b9c051828cc6d5ce14
data/audio/samples/B4_nac/goff_328cdeb36a7d45dbb5d2195da8b609e9.wav,goff,gawp,goff,1.0,1,Sustention,final,m1,B4_nac,2632137449788d19a0a3b524af9239d9
data/audio/samples/B5_asr_bn/strode_58a8009c5ac4405c99d236ed22232676.wav,strode,strobe,strode,1.0,1,Graveness,final,f2,B5_asr_bn,06ce8c1686c47d35b49896a0f85f99a8
data/audio/samples/clean/English/test-data/rich_4ca84a3bba434a579b7c69e174a5cc2d.wav,rich,ridge,rich,1.0,1,Voicing,final,m1,clean,750e86b189987d1adaa3da1edd444ea5
data/audio/samples/B2_mcadams/dong_ffd6353057b9489eaa32b2ccca303fa2.wav,dong,bong,dong,1.0,1,Graveness,initial,m1,B2_mcadams,8222f26a3716e82046968dc70954f57a
data/audio/samples/B3_sttts/note_f8f0c7fbfacb400694ea111bdb68128a.wav,note,dote,note,1.0,1,Nasality,initial,m2,B3_sttts,f73f23695160c84a93558703af2954b3
data/audio/samples/B4_nac/peak_0f7c91fc91044f70bfa72964b50d7421.wav,peak,teak,peak,1.0,1,Graveness,initial,f1,B4_nac,23fc1cd9b62432ff7206af66db67cd63
data/audio/samples/B5_asr_bn/mad_224676f482064a3980e460c369b42f21.wav,mad,bad,mad,1.0,1,Nasality,initial,m1,B5_asr_bn,0a048c49e347c4d7efbd6b2d3f02099f
data/audio/samples/TTS_Qwen/peg_Ryan.wav,peg,keg,peg,1.0,1,Compactness,initial,TTS_Ryan,TTS_Qwen,b21f0fd98b7ac4c6cfa91cd3159823d7
data/audio/samples/clean/English/test-data/oat_d7bd854b2c894921a5ea3aa10eb9e11e.wav,oat,oak,oak,0.999997735023499,0,Compactness,final,m1,clean,4b846ae6527c17a4b415cc6ee69cf5fd
data/audio/samples/B2_mcadams/breathe_74e074c220c64e779634f72a6ce28874.wav,breathe,breeze,breathe,0.999447166919708,1,Sibilation,final,m2,B2_mcadams,32ab9018ca8575319165925db9931bc3
data/audio/samples/B3_sttts/peen_fb6fe35bb3b34ba29efa7540b23c259f.wav,peen,bean,peen,1.0,1,Voicing,initial,m2,B3_sttts,3d81ff299a8852de5595e39fa1318e1f
data/audio/samples/B4_nac/slob_d72836286e404adfa8f5ebd8de251b9f.wav,slob,slav,slob,0.731058537960052,1,Sustention,final,f1,B4_nac,0b1fecbec81ed5abf1c53d96563b5a2e
data/audio/samples/B5_asr_bn/class_d10c0218bedd4818911929a7d3b08960.wav,class,clash,class,1.0,1,Compactness,final,f1,B5_asr_bn,816fd8f1810aa6e61b835c6f4568076f
data/audio/samples/clean/English/test-data/patch_8995cb0db7ed4d6c9d432ebe8dad79ed.wav,patch,pack,patch,1.0,1,Sibilation,final,f2,clean,96d7807f56445304f95aa098877482db
data/audio/samples/B2_mcadams/jilt_889f2a44c7084553914a6944ecb7b7b1.wav,jilt,guilt,jilt,1.0,1,Sibilation,initial,f1,B2_mcadams,15274d9a5cf38b02a5e7cb8e1849f728
data/audio/samples/B3_sttts/brawn_c3d0b1ad304c4ef1b386c132bb351d35.wav,brawn,broad,brawn,1.0,1,Nasality,final,f1,B3_sttts,3d4fda55a25f19f018b0c791e9220f40
data/audio/samples/B4_nac/seek_805a3c426dca4855bbbbab2a8d048d36.wav,seek,seep,seek,1.0,1,Compactness,final,m2,B4_nac,0f242d9c328c378dc366738bf8da0b95
data/audio/samples/B5_asr_bn/bed_8eb6bbbf423b41a2a4a41e3ae9fac3fa.wav,bed,beg,bed,1.0,1,Compactness,final,m2,B5_asr_bn,8affd258989c8a3ee388cd7fc0625449
data/audio/samples/clean/English/test-data/bond_c5f6c38c513d42479dc4c48a01ffa04a.wav,bond,pond,bond,1.0,1,Voicing,initial,m1,clean,3fde773f85848adcf2d7849cbb6c0d48
data/audio/samples/B2_mcadams/rib_ea0a31cd6b1848ec91d114fc4fc4c2d2.wav,rib,rim,rim,0.952574133872986,0,Nasality,final,f2,B2_mcadams,5823a888e69b58fae5d2c468cbd738f9
data/audio/samples/B4_nac/fad_26b81608c13547feb99052bc7cd30260.wav,fad,fan,fan,1.0,0,Nasality,final,f2,B4_nac,e6e471dbfc99666f518d914e093d1df2
data/audio/samples/B5_asr_bn/moss_1a7921e09d324dcfb1913e80d0a6ba9d.wav,moss,boss,moss,1.0,1,Nasality,initial,m2,B5_asr_bn,ced9f98e7d9859deedbcf275b1308827
data/audio/samples/TTS_Qwen/class_Ryan.wav,class,clash,class,1.0,1,Compactness,final,TTS_Ryan,TTS_Qwen,cb83be8c6febc0e746044009b7f8aff4
data/audio/samples/clean/English/test-data/slav_d7be0414b9504ccb9b207903a58dcaed.wav,slav,slob,slav,0.997527420520782,1,Sustention,final,f1,clean,b6d20d82438d0c3a368a63b78f42023b
data/audio/samples/B2_mcadams/gawp_91c8b59acb8e49998aaef670bc87e9c4.wav,gawp,goff,gawp,1.0,1,Sustention,final,f2,B2_mcadams,342d6788aa82837de8652deb0a02b1b3
data/audio/samples/B3_sttts/miss_93eee20346a149afa227a0253046b975.wav,miss,myth,miss,1.0,1,Sibilation,final,m2,B3_sttts,811c42f0af5be9a817c8f099f77504f0
data/audio/samples/B4_nac/cap_dd3483439a4644e68cd271f6af06515c.wav,cap,calf,cap,0.999999642372131,1,Sustention,final,f2,B4_nac,fe7f3c529bf0bc8844cd381a34b419d5
data/audio/samples/B5_asr_bn/loom_d50e7fff287d44569fecbc2f47e796aa.wav,loom,loon,loom,0.880797028541565,1,Graveness,final,f1,B5_asr_bn,dbf3d65125ce1340a44323d913b1d1d5
data/audio/samples/clean/English/test-data/sank_b5c8cd0632d349ea9497acf417ac16a9.wav,sank,thank,sank,1.0,1,Sibilation,initial,m2,clean,58c4dc80b6a99d9337feefb1e061c17f
data/audio/samples/B2_mcadams/tick_7892dc7340eb4952adf2c725bbd7d65a.wav,tick,thick,thick,1.0,0,Sustention,initial,m2,B2_mcadams,112b2b5ebf01eebbb2d0ae2d6e86bc7b
data/audio/samples/B3_sttts/shoes_1be861b0e9584c58b3deb6e72deb8e96.wav,shoes,choose,shoes,1.0,1,Sustention,initial,m1,B3_sttts,4a0e1a64c64c69c183f08c40d253eec3
data/audio/samples/B4_nac/dote_2d063f27772048cc8f1759272d546547.wav,dote,note,dote,1.0,1,Nasality,initial,f1,B4_nac,ac0925508c796ba8f41b2bf749eb7a31
data/audio/samples/B5_asr_bn/tool_adbc8e486a484e1c937f8ef09cd3e1b3.wav,tool,pool,tool,1.0,1,Graveness,initial,f1,B5_asr_bn,184521c7c0e5e2178d604f587ceaa011
data/audio/samples/clean/English/test-data/live_a1c6f769c7f94c1cbfd7a1434816939d.wav,live,lib,live,1.0,1,Sustention,final,m2,clean,b38c33dd4cf19dcf69e05f922d8bc13f
data/audio/samples/B2_mcadams/bond_c5f6c38c513d42479dc4c48a01ffa04a.wav,bond,pond,bond,1.0,1,Voicing,initial,m1,B2_mcadams,9a0a3c6017afeccbc9f429dbb1e9c305
data/audio/samples/B3_sttts/note_f86e8d0f72424709a97d4cfbb8d16137.wav,note,dote,note,1.0,1,Nasality,initial,m1,B3_sttts,91f960d61ed24b51c1f8abbd7e880915
data/audio/samples/B4_nac/oat_9f4d42f3a6cd4e5091d5467983c7c4ce.wav,oat,oak,oat,0.952574133872986,1,Compactness,final,f1,B4_nac,f4715b24474907ef89161ca7b66a7853
data/audio/samples/B5_asr_bn/wield_13edadfd75a147a4b3c125ba6f7ff415.wav,wield,yield,wield,1.0,1,Compactness,initial,m2,B5_asr_bn,c801b10f6012a162c548ac9d53c40ae8
data/audio/samples/clean/English/test-data/egg_1d838ee5b66a40d685765745debf7a01.wav,egg,edge,egg,1.0,1,Sibilation,final,f2,clean,937fbb221e00aac86f9fe1530807beb5
data/audio/samples/B2_mcadams/slob_f1f1958a5f5345b394c68c223f54b328.wav,slob,slav,slob,0.999089002609253,1,Sustention,final,f2,B2_mcadams,5ed0fc894cbaca0032382f2098ee8a0c
data/audio/samples/B3_sttts/gauze_6ecab558698649edac4de34be9915d72.wav,gauze,jaws,jaws,0.970687747001648,0,Sibilation,initial,m2,B3_sttts,fe904adde4d24e4889802b407055c6ae
data/audio/samples/B4_nac/jaws_8087c8562a8d4ff8b0cd6d860896c551.wav,jaws,gauze,jaws,1.0,1,Sibilation,initial,m2,B4_nac,8d1708cc10299e23e3562a93aa04c64e
data/audio/samples/B5_asr_bn/gem_8944316b4de74265ba1ccb5890d282ee.wav,gem,jeb,gem,0.999993801116943,1,Nasality,final,f1,B5_asr_bn,eb07f6aae29b681db3db58e3780713d4
data/audio/samples/TTS_Qwen/deck_Ryan.wav,deck,neck,deck,1.0,1,Nasality,initial,TTS_Ryan,TTS_Qwen,3d593a597f3631fb3cb1cf766fba2a51
data/audio/samples/clean/English/test-data/fore_5dc113cc1e1d42d4aa5b2005895c3adc.wav,fore,thor,thor,0.999999761581421,0,Graveness,initial,f2,clean,71191253018de3849bd0c6340f6424a3
data/audio/samples/B2_mcadams/cop_619bb2aa473943adb3349b20c850ee85.wav,cop,chop,chop,1.0,0,Sibilation,initial,f2,B2_mcadams,70c5701bdcc827b84f7ac204fee1beb4
data/audio/samples/B3_sttts/loss_d95636e41552476994eee08891dcb60f.wav,loss,laws,loss,1.0,1,Voicing,final,f2,B3_sttts,ca3afbc7c7d0fb7548e76533cccadba9
data/audio/samples/B4_nac/fore_5dc113cc1e1d42d4aa5b2005895c3adc.wav,fore,thor,fore,1.0,1,Graveness,initial,f2,B4_nac,264373762ed3ed279e777e14da540e4a
data/audio/samples/B5_asr_bn/gat_809b803afed849448acfd01fdc0b2848.wav,gat,bat,gat,1.0,1,Compactness,initial,f1,B5_asr_bn,0fe3386c233d7bf5dbf053de3f3c3ea2
data/audio/samples/clean/English/test-data/sheave_a4bac6dfec6c4413a6a7e7414b9179a9.wav,sheave,sheaf,sheave,1.0,1,Voicing,final,m2,clean,fc45236fa4a6b5768951236ad6ea59e0
data/audio/samples/B2_mcadams/fin_1ea2f8741b274612a804f329e514ef5b.wav,fin,thin,fin,1.0,1,Graveness,initial,m1,B2_mcadams,702e1c68fa723b3808290bfd5a695936
data/audio/samples/B3_sttts/myth_86b654d56ace41cfbddd4466a0bbf8a3.wav,myth,miss,miss,1.0,0,Sibilation,final,f2,B3_sttts,6f444639f29de2e196847956850c3d16
data/audio/samples/B4_nac/box_1c2814861af04b7cbfa46e15fe15eebf.wav,box,vox,box,1.0,1,Sustention,initial,m2,B4_nac,9b11695e28608e85469a15ba16d008dc
data/audio/samples/B5_asr_bn/pack_7bd46d8e5e914bceb77f3e94197e22f1.wav,pack,patch,pack,1.0,1,Sibilation,final,m2,B5_asr_bn,9f59b4c380f7bf81f4fe4cd27638cc8c
data/audio/samples/clean/English/test-data/moss_1a7921e09d324dcfb1913e80d0a6ba9d.wav,moss,boss,moss,1.0,1,Nasality,initial,m2,clean,c912ec805a29d1737110c7b4e267f01c
data/audio/samples/B2_mcadams/dupe_0fb5be1340a649b583cab05ba779ef3d.wav,dupe,duke,dupe,1.0,1,Compactness,final,m1,B2_mcadams,5782be6ff7267920f7498b7fe5d12a57
data/audio/samples/B3_sttts/wed_dadf4582c31845989dcd61fa384ed7a3.wav,wed,web,wed,1.0,1,Graveness,final,m2,B3_sttts,801f12db5041412e2a02f292d2dfd7ae
data/audio/samples/B4_nac/knock_d57b277f341d4e52b4571ac3353e0c4b.wav,knock,notch,knock,1.0,1,Sibilation,final,m2,B4_nac,ea4dd3d164859d44fd37b3f7b1a1952c
data/audio/samples/B5_asr_bn/beat_4d86f1ee97d843ecb93150ee4e4324aa.wav,beat,meat,beat,1.0,1,Nasality,initial,f2,B5_asr_bn,a3c12c5d1c89469685728dadf32bb59b
data/audio/samples/clean/English/test-data/vole_d6742b5a54d24fe7b0a5b8a9583a46b3.wav,vole,foal,vole,1.0,1,Voicing,initial,m1,clean,bbf94716ddb324c3f65f9b7b6168c511
data/audio/samples/B2_mcadams/thee_34b10126cd3e4d64a83958ce8789797e.wav,thee,zee,thee,1.0,1,Sibilation,initial,m2,B2_mcadams,abbd889172ec6b0a0b6aed7f2b1b3829
data/audio/samples/B3_sttts/brogue_dcda87af16b04bf4ba8aa0627b71da5d.wav,brogue,broke,brogue,1.0,1,Voicing,final,m2,B3_sttts,a906b721c189f03812bda538bb62e30c
data/audio/samples/B4_nac/knock_cdda1155bef54063936f5bbd78546aef.wav,knock,dock,knock,1.0,1,Nasality,initial,f1,B4_nac,e8e4af158b4ef4d88a35376956beb5d5
data/audio/samples/B5_asr_bn/tick_315efc82dee1494cb87f73de0ce08ef8.wav,tick,thick,tick,1.0,1,Sustention,initial,f2,B5_asr_bn,01157f11afe220c151364a8415a47838
data/audio/samples/TTS_Qwen/taught_Ryan.wav,taught,caught,taught,1.0,1,Compactness,initial,TTS_Ryan,TTS_Qwen,1f75eead8e86174be7194be7db6cdc6e
data/audio/samples/clean/English/test-data/vox_e6bc861202c845ae9a691b9bff1b2306.wav,vox,box,vox,1.0,1,Sustention,initial,m1,clean,42845080ed247421e8b94214c5fa7c06
data/audio/samples/B2_mcadams/sank_b5c8cd0632d349ea9497acf417ac16a9.wav,sank,thank,sank,0.999999523162842,1,Sibilation,initial,m2,B2_mcadams,cceb3f4ca522ddc3757553f3628942ce
data/audio/samples/B3_sttts/than_247eeee2f3b2486c861b3ae7f7ae3e0d.wav,than,dan,than,1.0,1,Sustention,initial,f2,B3_sttts,7a6a0d5aff0c40263fa2da5b50997502
data/audio/samples/B4_nac/bob_26619b9f336940ef9df5183ff37cdcd7.wav,bob,bomb,bob,1.0,1,Nasality,final,f1,B4_nac,548f4800355e9494492ed114ae146d95
data/audio/samples/B5_asr_bn/broke_c43cfddf001048f294be91787ccb2e32.wav,broke,brogue,broke,1.0,1,Voicing,final,m2,B5_asr_bn,d283d62cfa415f4099696235382b2d26
data/audio/samples/clean/English/test-data/ridge_0664d410d22b4864bf2aae82e1dbc3e6.wav,ridge,rich,ridge,1.0,1,Voicing,final,f1,clean,767d8096f1023e7e28d8bee6994cd34e
data/audio/samples/B2_mcadams/boss_4d6dd73d395e4681aa36fc28f288a4fd.wav,boss,moss,boss,1.0,1,Nasality,initial,f2,B2_mcadams,a613e0229622af52bced130a49919d47
data/audio/samples/B3_sttts/met_1a2d6f71a0a64d3aad0e9882cecea5b8.wav,met,net,net,0.99999988079071,0,Graveness,initial,m1,B3_sttts,303d58add363b9f470a6ed312d7b3efe
data/audio/samples/B4_nac/peak_badf2221122a4b4bab50441efe342b60.wav,peak,teak,peak,1.0,1,Graveness,initial,m2,B4_nac,ba79215cf686a8892a2f62d90c07a84d
data/audio/samples/B5_asr_bn/web_40eda36e24004a95a76f65acff11eb87.wav,web,wed,wed,0.622459352016449,0,Graveness,final,f2,B5_asr_bn,830370c1984d6f6376480ffa295ae417
data/audio/samples/clean/English/test-data/jilt_0560bfccc29c41068767e55f5cca08cb.wav,jilt,guilt,jilt,1.0,1,Sibilation,initial,m1,clean,64099e7e1cb0ce0a21e590c1ae26409e
data/audio/samples/B2_mcadams/calf_49cd8892384e4279830ade6838bc9988.wav,calf,gaff,calf,1.0,1,Voicing,initial,f2,B2_mcadams,916c01a2d6091ca906c6bc88eb1e0822
data/audio/samples/B3_sttts/daunt_b54387abed6b498095814fec4e04b6ef.wav,daunt,taunt,daunt,1.0,1,Voicing,initial,f1,B3_sttts,d51a3584ab0953708957a197c6ce8d6c
data/audio/samples/B4_nac/box_021177646c7c45348078771d920f0acf.wav,box,vox,box,1.0,1,Sustention,initial,f2,B4_nac,7023f4673f3de87c60151e6914487fea
data/audio/samples/B5_asr_bn/fad_432941384b0949578e4ac9e77a1f91a0.wav,fad,fan,fan,1.0,0,Nasality,final,m1,B5_asr_bn,e9645c14eca90aa30c8c606c8473296b
data/audio/samples/clean/English/test-data/thank_0a0d0155f8184d7289eb2b8177cc4e65.wav,thank,sank,thank,1.0,1,Sibilation,initial,f2,clean,9d81ffe13f6706662029681f82b6e21b
data/audio/samples/B2_mcadams/tool_adbc8e486a484e1c937f8ef09cd3e1b3.wav,tool,pool,tool,0.999998807907104,1,Graveness,initial,f1,B2_mcadams,185910f562a1cd14645ad5da1f1bf949
data/audio/samples/B3_sttts/box_a005f632d18c41d38145ee2785d38fb9.wav,box,vox,box,1.0,1,Sustention,initial,m1,B3_sttts,b988aa8726ce422afaab0233d736fc32
data/audio/samples/B4_nac/flesh_2c0e839ef3824e4e81bbf1c117643fee.wav,flesh,fletch,flesh,1.0,1,Sustention,final,m1,B4_nac,f0dfff0a96e42776c80c24a064d29f84
data/audio/samples/B5_asr_bn/sank_26023953599a413ca76675402368ebd7.wav,sank,thank,sank,1.0,1,Sibilation,initial,f1,B5_asr_bn,a2463e6ad491eb60e192e2f2ee74504f
data/audio/samples/TTS_Qwen/troth_Ryan.wav,troth,trough,troth,1.0,1,Graveness,final,TTS_Ryan,TTS_Qwen,18c049499e10f5b5247ddab7a039aa8b
data/audio/samples/clean/English/test-data/dough_6ec13f67819d4a35ad729ce8bc797bb5.wav,dough,though,dough,1.0,1,Sustention,initial,m2,clean,c3091a2e4051dc52c9848fd1c5d4857e
data/audio/samples/B2_mcadams/rib_eeb062bf1fed4bc9bb8c6c5c1a2adae9.wav,rib,rim,rib,0.999972462654114,1,Nasality,final,m2,B2_mcadams,bd88ac123de34f04e858121d761d2bc4
data/audio/samples/B3_sttts/rat_f83f4988c7d14b69bc304c12ccfb19c6.wav,rat,rap,rat,0.999987006187439,1,Graveness,final,m1,B3_sttts,f971d6841dace454c7bdfd63929fb4c8
data/audio/samples/B4_nac/brogue_d6dcb88b640f4666a5cd34368284f6e5.wav,brogue,broke,brogue,1.0,1,Voicing,final,f2,B4_nac,1d1002e66b33697735f9d627011c064c
data/audio/samples/B5_asr_bn/dan_92227b0cccb54f048281e22d74ee6198.wav,dan,than,dan,1.0,1,Sustention,initial,f2,B5_asr_bn,62534928578c6e50af1c937d50d2780b
data/audio/samples/clean/English/test-data/ross_ef48c1ae99d140be81bbe7ab21ed33c1.wav,ross,wroth,ross,1.0,1,Sibilation,final,f1,clean,bcc83a796d9458730ec46a8352af9d91
data/audio/samples/B4_nac/dote_5139216f57764d23ac706ede80b7f5e4.wav,dote,note,dote,1.0,1,Nasality,initial,f2,B4_nac,d9768ae5ace109d35825560a2bc0e932
data/audio/samples/B5_asr_bn/neck_083964d32f024fb5b49a86e54ceb21a5.wav,neck,deck,neck,1.0,1,Nasality,initial,m2,B5_asr_bn,6c8aac16d716b54c79fec2700d16257d
data/audio/samples/clean/English/test-data/gaff_7e9fa99b2da440b1be30426cac565f11.wav,gaff,calf,gaff,1.0,1,Voicing,initial,m2,clean,63ff2fc406da5e2fc55994a46d26b3bc
data/audio/samples/B2_mcadams/rat_4720bc82ffcc4ee99334d3a3e12df829.wav,rat,rap,rat,0.99999988079071,1,Graveness,final,f2,B2_mcadams,ad2b1b2bfb22d630a23cf84ad33883fa
data/audio/samples/B3_sttts/mad_54f9afd9cde64b75a977c8099606de5b.wav,mad,bad,bad,0.999999403953552,0,Nasality,initial,f1,B3_sttts,64a84901a8a1930319ec03d06eb3c335
data/audio/samples/B4_nac/wad_cc2df68e8cd84d0ea861132f3c68e29f.wav,wad,rod,wad,1.0,1,Graveness,initial,m1,B4_nac,89fb2c19efb39048f31480dcd00cad02
data/audio/samples/B5_asr_bn/seek_b4eaa0a2cad541c1b6fcb1a31bcec500.wav,seek,seep,seek,1.0,1,Compactness,final,m1,B5_asr_bn,c25af1ac8e9648e945cfe4bfe9daac82
data/audio/samples/clean/English/test-data/loathe_995a44bfe3514755b302fcd31b6d2ca5.wav,loathe,load,loathe,1.0,1,Sustention,final,m2,clean,a16fed323e086f46e1adb005b9e6655a
data/audio/samples/B2_mcadams/flog_759d0bb5c5db4a1297b0988fa5ab5cff.wav,flog,flawed,flog,0.989013075828552,1,Compactness,final,f1,B2_mcadams,64dcc1f89a6481e3b07d2ba04978ea8a
data/audio/samples/B3_sttts/thong_2bbeba044a684510ae6ec89c29de9c7b.wav,thong,tong,tong,0.880797028541565,0,Sustention,initial,m1,B3_sttts,4c5c233a4524803f66a5f20e6518a763
data/audio/samples/B4_nac/loathe_995a44bfe3514755b302fcd31b6d2ca5.wav,loathe,load,load,1.0,0,Sustention,final,m2,B4_nac,6c0f26818c5222686bf5f19a70f94abc
data/audio/samples/B5_asr_bn/show_543b0dcb76cc46269165fd235d05fe0b.wav,show,so,show,1.0,1,Compactness,initial,m1,B5_asr_bn,4718bd0bb2fbbe09cb4ac4ba08fca855
data/audio/samples/clean/English/test-data/rat_4720bc82ffcc4ee99334d3a3e12df829.wav,rat,rap,rat,1.0,1,Graveness,final,f2,clean,4dcd15d90251c9b1a677ce5b11af42d4
data/audio/samples/B2_mcadams/box_a005f632d18c41d38145ee2785d38fb9.wav,box,vox,box,1.0,1,Sustention,initial,m1,B2_mcadams,1fa77433291d13c708a3f937d1370804
data/audio/samples/B3_sttts/hot_898a1d7c7e5140ada4a3d84f87b4cb16.wav,hot,hop,hot,1.0,1,Graveness,final,m1,B3_sttts,df0835edad42d1b1208d1d3662280838
data/audio/samples/B4_nac/vox_e6bc861202c845ae9a691b9bff1b2306.wav,vox,box,box,0.999876618385315,0,Sustention,initial,m1,B4_nac,cb16f56dfe5de88ee0333972c19a7cd8
data/audio/samples/B5_asr_bn/dank_5119a02cc9544f30955423dc7035a8ae.wav,dank,bank,dank,1.0,1,Graveness,initial,f1,B5_asr_bn,71c477ef43098e47815463f790fdc40a
data/audio/samples/TTS_Qwen/vole_Ryan.wav,vole,foal,vole,1.0,1,Voicing,initial,TTS_Ryan,TTS_Qwen,a844c0655dabfd4e6fd6a17cc7cda7a9
data/audio/samples/clean/English/test-data/fad_0409b062ccb84e47a6e8dac8008f11fc.wav,fad,fan,fad,1.0,1,Nasality,final,f1,clean,3da3b2cc1dd52e52f063600a2886de18
data/audio/samples/B2_mcadams/shim_55923383294747a6939104d10ec24740.wav,shim,shin,shim,0.982013761997223,1,Graveness,final,f2,B2_mcadams,2e1d5afad3fa0f3e6783bf656d4d3fc1
data/audio/samples/B3_sttts/hotch_21950b2779a84c9080760678bade4565.wav,hotch,hodge,hodge,1.0,0,Voicing,final,f1,B3_sttts,c32b4f9b187b8d430c2cb5d354511e2c
data/audio/samples/B4_nac/gawp_493a28125071412ba5c0d5674b1c2fdd.wav,gawp,goff,gawp,1.0,1,Sustention,final,f1,B4_nac,b0f54969435d1d30b6af842ac26f09eb
data/audio/samples/B5_asr_bn/calf_14796928aeed4df78cc07fa56ebf136c.wav,calf,gaff,calf,1.0,1,Voicing,initial,m2,B5_asr_bn,128a51f7e09bbf0b867d0c164defffeb
data/audio/samples/clean/English/test-data/breeze_ec75765a16c841e2aff5c29c4f300e14.wav,breeze,breathe,breeze,1.0,1,Sibilation,final,f2,clean,6e97dc4bf2069517d181a13053d21acc
data/audio/samples/clean/English/test-data/peak_79cb7604a85b4728a4d3c1ebb902a7ff.wav,peak,teak,peak,1.0,1,Graveness,initial,m1,clean,0eeba9c8cfde40aa20d76cce9903dfa4
data/audio/samples/B2_mcadams/pool_4ef566a6cde144cd9d33d939ca953f02.wav,pool,tool,pool,0.99999988079071,1,Graveness,initial,f2,B2_mcadams,6f4a1f44ebaff6af5e861dcf050d0ffe
data/audio/samples/B3_sttts/rib_ea0a31cd6b1848ec91d114fc4fc4c2d2.wav,rib,rim,rib,1.0,1,Nasality,final,f2,B3_sttts,5c0e5c7fb0bfd32b14b6810b51a531f1
data/audio/samples/B4_nac/tense_eae5afc4c0eb4bf9a5ceaa114d257087.wav,tense,dense,tense,1.0,1,Voicing,initial,f2,B4_nac,363ad59d3dee865c2cac4cf7406473ee
data/audio/samples/B5_asr_bn/dip_24aa9545d468418aa4bfb9a3fb6a50d4.wav,dip,nip,dip,1.0,1,Nasality,initial,f2,B5_asr_bn,1c7d5454665658912f722feead4a1cbb
data/audio/samples/clean/English/test-data/deck_d346d6cc25ee4c1cb7813d79a066a32e.wav,deck,neck,deck,1.0,1,Nasality,initial,m2,clean,763ac6e96451b2d83680e86304745778
data/audio/samples/B2_mcadams/lib_eecb29835e804ab5bb5fc480dd30e6a6.wav,lib,live,live,0.999997735023499,0,Sustention,final,m2,B2_mcadams,97d59929c8690475ea82b27b7a8f8d92
data/audio/samples/B3_sttts/loop_de61ea96593046f3ba2427145dd1ce4a.wav,loop,lube,loop,1.0,1,Voicing,final,m2,B3_sttts,c6512b5e8013fb1a761f49217456a8e3
data/audio/samples/B4_nac/mode_13d4a4873bc241d38235333f2a570a0c.wav,mode,moan,mode,1.0,1,Nasality,final,f1,B4_nac,de99f637688d0ce558d2743b0560c811
data/audio/samples/B5_asr_bn/shoes_3e7374d178914f69b801efa5c04f4d8f.wav,shoes,choose,shoes,1.0,1,Sustention,initial,m2,B5_asr_bn,9bafef5fd70198ff93f81f9e790c9d02
data/audio/samples/clean/English/test-data/big_9c1bfc184ea446088ecc0a987a02526c.wav,big,bib,big,1.0,1,Compactness,final,f2,clean,4a02a4f99e64e46d76d5fc3da1fcf0e3
data/audio/samples/B2_mcadams/dip_c5b58d20eb934cf68d39d7bba1b673df.wav,dip,nip,dip,1.0,1,Nasality,initial,m2,B2_mcadams,e90e5db27bbbefa1dad609552429b023
data/audio/samples/B3_sttts/fan_588a057464954e45a758a05e07ce87b2.wav,fan,fad,fan,1.0,1,Nasality,final,m1,B3_sttts,4b31edbe7b8a9ecdb7ba7d82a5e0afcc
data/audio/samples/B4_nac/web_1b2bfd2e7e3a495781eb3b555e841f66.wav,web,wed,wed,1.0,0,Graveness,final,m2,B4_nac,71b1a4198e971f9b4e6ba9ef50c13b8a
data/audio/samples/B5_asr_bn/flog_759d0bb5c5db4a1297b0988fa5ab5cff.wav,flog,flawed,flog,1.0,1,Compactness,final,f1,B5_asr_bn,29a82de81e9f460e6bc00de8952b79d5
data/audio/samples/clean/English/test-data/screen_cd0db41992d84383ad1e8490be76d657.wav,screen,screed,screen,1.0,1,Nasality,final,m1,clean,fa98cf83698bd560369da74a02169f8b
data/audio/samples/B2_mcadams/daunt_e721074a122f46fb81f5cab409807b1a.wav,daunt,taunt,daunt,0.99999988079071,1,Voicing,initial,m1,B2_mcadams,9af27145922c96a25895a4094553b7bc
data/audio/samples/B3_sttts/fit_677c5454e71a4ba0aec3fe339c12911a.wav,fit,hit,fit,1.0,1,Compactness,initial,m1,B3_sttts,5817e040400a0adfcd1b0b5ecd48c585
data/audio/samples/B4_nac/hodge_422aa5a0fe93473aac82b5462a41b859.wav,hodge,hotch,hodge,1.0,1,Voicing,final,f2,B4_nac,32005b6202df9e6086174f6ac65a0adb
data/audio/samples/B5_asr_bn/hotch_3fa55b038cbe4c84bd93ddc204fe9881.wav,hotch,hodge,hotch,0.999876618385315,1,Voicing,final,f2,B5_asr_bn,dd754b45bba2db8f3402d9d907f56906
data/audio/samples/TTS_Qwen/laws_Ryan.wav,laws,loss,laws,1.0,1,Voicing,final,TTS_Ryan,TTS_Qwen,f40553689abdd402ee501750486d2de5
data/audio/samples/clean/English/test-data/fit_a54e371eeb5c439b812ea237862a1944.wav,fit,hit,fit,1.0,1,Compactness,initial,m2,clean,0ec9eb69ef62a0d8b3f6808ba693a9e4
data/audio/samples/B2_mcadams/wroth_4b484637c9514790a16c4af4a52fe690.wav,wroth,ross,wroth,1.0,1,Sibilation,final,m2,B2_mcadams,82e524be47f49d2d9a24e5443407b5a7
data/audio/samples/B3_sttts/sheet_b55de9d6b1c043a2964e2678eaa54d65.wav,sheet,cheat,cheat,1.0,0,Sustention,initial,f2,B3_sttts,af9924645343ef20c5ad1073bb263b55
data/audio/samples/clean/English/test-data/dot_ea3f7b7e1dfa4f00bbcbd24c4c71a534.wav,dot,got,dot,1.0,1,Compactness,initial,f1,clean,bc737ca94c1d390e3b2ba604797cf01a
data/audio/samples/B2_mcadams/bag_2656e08bc1ca41028e10a50115d647d0.wav,bag,back,bag,0.999664664268494,1,Voicing,final,f1,B2_mcadams,8c2be188a7eeff836ce4c04658616684
data/audio/samples/B3_sttts/seethe_ad7a400b8f9c4e4bbc92b4cfdd964697.wav,seethe,seed,seethe,0.99999988079071,1,Sustention,final,f2,B3_sttts,71103db89b37179e79c8f237c524afe1
data/audio/samples/B4_nac/bat_40d7ce5f5b904e1b871d8e3e29927bbc.wav,bat,gat,gat,0.989013075828552,0,Compactness,initial,m1,B4_nac,b27057e68ed42e1dd90291567d471ce7
data/audio/samples/B5_asr_bn/dank_c706a1dc89fe4ddba4d26c2658a5eea3.wav,dank,bank,dank,1.0,1,Graveness,initial,m2,B5_asr_bn,af5c75323d069b5d0fd5c887cca75d86
data/audio/samples/TTS_Qwen/flawed_Ryan.wav,flawed,flog,flawed,1.0,1,Compactness,final,TTS_Ryan,TTS_Qwen,50986503cfb2b62d99404dadbca35efd
data/audio/samples/clean/English/test-data/pool_663eabfc169946d5911343db6b632188.wav,pool,tool,pool,1.0,1,Graveness,initial,m1,clean,ee4949db208ebf410fda4e6c00d5cd61
data/audio/samples/B2_mcadams/seep_d0c5706cf2bc483889ed1c3c5f5c2232.wav,seep,seek,seep,1.0,1,Compactness,final,f1,B2_mcadams,0d88e2764429bff080acdd91feaa0fe4
data/audio/samples/B3_sttts/wad_71f3a284ada04df1bc9b58bd09a41f45.wav,wad,rod,wad,1.0,1,Graveness,initial,f1,B3_sttts,38670db7d814fd44265a4b0c73ff4327
data/audio/samples/B4_nac/flawed_b8653ea34bb049a7be0b5c0001c609db.wav,flawed,flog,flawed,1.0,1,Compactness,final,f2,B4_nac,960fd0446d622f7f8b65e929a3e36e9a
data/audio/samples/B5_asr_bn/loon_a7f0a12daf0c41f8acecf3fc4541aa34.wav,loon,loom,loon,0.99999988079071,1,Graveness,final,m2,B5_asr_bn,8a2813f3040f0e60f2742481912c4431
data/audio/samples/clean/English/test-data/dock_12a1793bedb84824a8516a695f2e2b22.wav,dock,knock,dock,1.0,1,Nasality,initial,m1,clean,fbe8150cc36f0bd376e5a156f75e1924
data/audio/samples/B2_mcadams/cap_ff90208673704c5cb3b3f32d44b9795d.wav,cap,calf,cap,0.999999642372131,1,Sustention,final,m1,B2_mcadams,977aa257b25bf6321bb9919236a8f62d
data/audio/samples/B3_sttts/though_2dc633d831b2453bbf13ea7bf8cb56c6.wav,though,dough,though,1.0,1,Sustention,initial,m2,B3_sttts,95249092e0f4a780cfb46b391bbd5df6
data/audio/samples/B4_nac/vole_cf8e8eb56fd0408880ae2eb5a0d47b66.wav,vole,foal,vole,1.0,1,Voicing,initial,f2,B4_nac,cef483a51d762702a64f2294887601c1
data/audio/samples/B5_asr_bn/tong_c93d48f8af784520946e86110dded56b.wav,tong,thong,tong,1.0,1,Sustention,initial,m2,B5_asr_bn,66a17300e2043ebe98486a5077a2e399
data/audio/samples/clean/English/test-data/pond_8c78ec9aca6c44d79c78e26862c3777e.wav,pond,bond,pond,1.0,1,Voicing,initial,m2,clean,d7ae7833ddd55897808eee25a303b1bc
data/audio/samples/B2_mcadams/moan_8adf981112ce491d9836ef0e5ac8a7e7.wav,moan,mode,moan,1.0,1,Nasality,final,m1,B2_mcadams,72cd9f54fa7da1db917927d65ba70a12
data/audio/samples/B3_sttts/peak_0f7c91fc91044f70bfa72964b50d7421.wav,peak,teak,teak,1.0,0,Graveness,initial,f1,B3_sttts,4357e5e6a438ba55a811ce436349c076
data/audio/samples/B4_nac/pond_4b8e542f9e374781a79ac52f7a990a25.wav,pond,bond,pond,1.0,1,Voicing,initial,f2,B4_nac,89e1ddbc621b5ac20834a75a19031cf5
data/audio/samples/B5_asr_bn/laws_79819ea5b33246b69c73d57502ac6ebf.wav,laws,loss,laws,1.0,1,Voicing,final,m2,B5_asr_bn,9174c6e23f1321d8c8758602ca3cc0fd
data/audio/samples/clean/English/test-data/shoes_f253a2516943472e896eeb3ff9784453.wav,shoes,choose,shoes,1.0,1,Sustention,initial,f2,clean,e45952180a52cecf61ef0f4242c5e77b
data/audio/samples/B2_mcadams/dough_115bbd400edb43e2a8cf083e97385004.wav,dough,though,dough,1.0,1,Sustention,initial,f2,B2_mcadams,8eacf7bb6915cc76d6f42e592635b3e8
data/audio/samples/B3_sttts/calf_14796928aeed4df78cc07fa56ebf136c.wav,calf,cap,calf,1.0,1,Sustention,final,m1,B3_sttts,d0f010a5336c31198d7709242e70f50a
data/audio/samples/B2_mcadams/got_bb58a0e2508c4111ba5a620fca710ab1.wav,got,dot,got,1.0,1,Compactness,initial,f1,B2_mcadams,845e9ec7fe64a3af37cbc2a4d7c17e39
data/audio/samples/B3_sttts/dense_f1d739a72b364bbcbd826540b8de321f.wav,dense,tense,tense,1.0,0,Voicing,initial,m1,B3_sttts,8f37047f4f539c2a01a4f60636dd0399
data/audio/samples/B4_nac/wreath_df4173d52e914931ae51849e9ee4e008.wav,wreath,reef,wreath,1.0,1,Graveness,final,m1,B4_nac,ab735ef86179c081a9d6cd5f3ccd6f52
data/audio/samples/B5_asr_bn/dense_065a317652194167b6df3d49abbda13d.wav,dense,tense,tense,0.731058537960052,0,Voicing,initial,f1,B5_asr_bn,9448770928fddd7ab1c9ed78c2b2527b
data/audio/samples/clean/English/test-data/duke_b7bcf04e7f884fbaa6ee66112a6f26ac.wav,duke,dupe,duke,1.0,1,Compactness,final,f1,clean,de74d7aa74e741ab5088de944ed33fe5
data/audio/samples/B2_mcadams/oak_93fbbb194eb8449694d2ddecded02b78.wav,oak,oat,oak,1.0,1,Compactness,final,f2,B2_mcadams,3277d9418247d6d264bb4dfdd57f88ea
data/audio/samples/B3_sttts/troth_7918c984123a41d4a717d146bcae5106.wav,troth,trough,trough,0.731058537960052,0,Graveness,final,f1,B3_sttts,866bbe665c74c8ee098ee5a3a7a8385b
data/audio/samples/B4_nac/loon_eba2f21e77f340a18da988d53cd30d1e.wav,loon,loom,loon,1.0,1,Graveness,final,m1,B4_nac,5153a34463a4c7411c9f27c1b93cbfe4
data/audio/samples/B5_asr_bn/thick_13c9cd2746cb4cd58a1e92464f273f41.wav,thick,tick,thick,1.0,1,Sustention,initial,f1,B5_asr_bn,a28616c7fe0c4fdc37f269d4c46a6e45
data/audio/samples/clean/English/test-data/screen_906805d52aee4c0bb268360a3a0ba02d.wav,screen,screed,screen,0.999999642372131,1,Nasality,final,f2,clean,9f81453d4050e4c664bf991924457385
data/audio/samples/B2_mcadams/sank_c55115b3576d4f2296a6a8c7435efaf0.wav,sank,thank,sank,1.0,1,Sibilation,initial,m1,B2_mcadams,be0d179867478b659644df994fcff2f0
data/audio/samples/B3_sttts/screed_37369a9cb8aa4fe2b043d86bcf2e5986.wav,screed,screen,screed,1.0,1,Nasality,final,m2,B3_sttts,4626d9c89683a79cf487332a3bd17967
data/audio/samples/B4_nac/jilt_0560bfccc29c41068767e55f5cca08cb.wav,jilt,guilt,jilt,1.0,1,Sibilation,initial,m1,B4_nac,0ff3656a4471e782a3c0c4728950f973
data/audio/samples/B5_asr_bn/jeb_92392dbd2bdc40698bbeb5aa26b2c500.wav,jeb,gem,jeb,1.0,1,Nasality,final,m1,B5_asr_bn,e18cd007b2efdfeaeed8e4df5a98226e
data/audio/samples/TTS_Qwen/rev_Ryan.wav,rev,ref,rev,1.0,1,Voicing,final,TTS_Ryan,TTS_Qwen,be43dd68368f686ace4fa20a86d65716
data/audio/samples/clean/English/test-data/reef_e51bddeb7562466baf04498bd021c188.wav,reef,wreath,reef,1.0,1,Graveness,final,f1,clean,0f866831eeaeada3f71f199048886a29
data/audio/samples/B2_mcadams/broke_ff083c61255641d0a1b92153a72e6608.wav,broke,brogue,broke,1.0,1,Voicing,final,f2,B2_mcadams,a9090d66bf4c2f25544d9ac2a34f562c
data/audio/samples/B3_sttts/shoes_f253a2516943472e896eeb3ff9784453.wav,shoes,choose,shoes,1.0,1,Sustention,initial,f2,B3_sttts,eb06c25b05ef668d72428e3d1ce39b73
data/audio/samples/B4_nac/gawp_eb2e61c3f836445bbf7efca1de932ccf.wav,gawp,goff,gawp,0.999996304512024,1,Sustention,final,m2,B4_nac,739ede351840ab0875db19d01744fee9
data/audio/samples/B5_asr_bn/lib_eecb29835e804ab5bb5fc480dd30e6a6.wav,lib,live,lib,1.0,1,Sustention,final,m2,B5_asr_bn,0923dc23e7fe8e6154cc0a67e982ff31
data/audio/samples/clean/English/test-data/beg_ac09b2e2f3324a8faadf060024dcf14c.wav,beg,bed,beg,1.0,1,Compactness,final,m1,clean,a8f81df4d68de605af0f1e6f666334a6
data/audio/samples/B2_mcadams/net_18fecf4625584a0d89c731ae420c320b.wav,net,met,net,1.0,1,Graveness,initial,m1,B2_mcadams,daeb2a0e82117bbc73f65aa9511492b4
data/audio/samples/B3_sttts/gem_c2e7c6ad7f7747809bd9889b4094ca12.wav,gem,jeb,jeb,1.0,0,Nasality,final,m1,B3_sttts,30693f3985c14ec416384ad864734746
data/audio/samples/B4_nac/seek_ae9a1a8ec47347d8b4f6c8bddc8bbd3b.wav,seek,seep,seek,1.0,1,Compactness,final,f1,B4_nac,906723964b1bbf6281637db83795b0c4
data/audio/samples/B2_mcadams/strode_d40f298888734fd8a1e8f4a1b71961f5.wav,strode,strobe,strode,0.731058537960052,1,Graveness,final,f1,B2_mcadams,45820bf95171cbec1a507f543aba6a8f
data/audio/samples/B3_sttts/reef_93111543da104151aa8c69de742fec19.wav,reef,wreath,reef,1.0,1,Graveness,final,f2,B3_sttts,b6dd51907f85970f9e632fd783d53623
data/audio/samples/B4_nac/breathe_74e074c220c64e779634f72a6ce28874.wav,breathe,breeze,breeze,0.999954581260681,0,Sibilation,final,m2,B4_nac,20c7bb6647b9169c076a51396295ed6e
data/audio/samples/B5_asr_bn/loss_3b094f21dc2d442dab8171b6a257ffa5.wav,loss,laws,laws,1.0,0,Voicing,final,f1,B5_asr_bn,fac084da6db44cd2af5aeb37191fa2f6
data/audio/samples/clean/English/test-data/wed_dd25cd24ae984ecd80ba9c733c5cb68a.wav,wed,web,wed,1.0,1,Graveness,final,f1,clean,23f137ee5056fb087f2acb90ceb1529d
data/audio/samples/B2_mcadams/wed_877c81420eeb4deb952c1f6bda7a5186.wav,wed,web,wed,0.817574441432953,1,Graveness,final,f2,B2_mcadams,42578a1046b5e14c8ed2059e3c64f3aa
data/audio/samples/B3_sttts/class_14c57bd505024dafb3c01f779d688960.wav,class,clash,class,1.0,1,Compactness,final,m2,B3_sttts,723c3eb223cc7bbc326e65d8470b2efa
data/audio/samples/B4_nac/tense_87cd7d30a5ce47a7ab8eca495352051e.wav,tense,dense,tense,1.0,1,Voicing,initial,f1,B4_nac,243ef8ccbdf2163d9eb5fc03398f8bda
data/audio/samples/B5_asr_bn/gross_392494b4862f466d804efeb5d99f59c2.wav,gross,growth,gross,1.0,1,Sibilation,final,m2,B5_asr_bn,c57531a41c9e69c1f0ab344fa68a7acf
data/audio/samples/clean/English/test-data/gat_532b6674b2d1481fb138ca868b40efd4.wav,gat,bat,gat,1.0,1,Compactness,initial,m2,clean,87bbf84beaf080179b2b2a5529883078
data/audio/samples/B2_mcadams/breathe_055bd7c98f2245b08a154bf653974fd8.wav,breathe,breeze,breeze,1.0,0,Sibilation,final,m1,B2_mcadams,7e6083ac6987e3d043f2a10efb963107
data/audio/samples/B3_sttts/you_fc3a4edad1f54b3fbfc18f9efcb317af.wav,you,rue,you,1.0,1,Compactness,initial,f2,B3_sttts,8e864555398ea8a1e6cf09f1b02f0633
data/audio/samples/B4_nac/brawn_3e8c8859153545e59d7ecbed60ee4984.wav,brawn,broad,brawn,1.0,1,Nasality,final,f2,B4_nac,fc6d0725fc2acd3a840158cd751425cc
data/audio/samples/B5_asr_bn/boot_ccac4aa065024da8a32ec569ac5cfbba.wav,boot,moot,boot,0.999997735023499,1,Nasality,initial,f1,B5_asr_bn,c8c34743fc5cd28f49e13207b6aee804
data/audio/samples/TTS_Qwen/sheet_Ryan.wav,sheet,cheat,sheet,1.0,1,Sustention,initial,TTS_Ryan,TTS_Qwen,5c5a504a780cdc2f2160dc4e27932346
data/audio/samples/clean/English/test-data/rib_826af399e5d54c709c397e403b84e4d1.wav,rib,rim,rib,1.0,1,Nasality,final,m1,clean,c9d5f5204385f2d84c58f852c82eb65e
data/audio/samples/B2_mcadams/fore_b9654f39133e410babaa286bcd3aee05.wav,fore,thor,fore,1.0,1,Graveness,initial,m2,B2_mcadams,6f88cc34f206018b387158e3cb8a814c
data/audio/samples/B3_sttts/dong_dc58a70197804e81becf49e41bd2cd65.wav,dong,bong,bong,1.0,0,Graveness,initial,f2,B3_sttts,80dda0d2825da581b990de0d89a908a2
data/audio/samples/B4_nac/jeb_206806747934448e9f34f8d315d23ea9.wav,jeb,gem,jeb,1.0,1,Nasality,final,f2,B4_nac,a5799e771b1a14c79d3f65630eb2b46d
data/audio/samples/B5_asr_bn/foal_431b7edf360e4107a036051a576b5716.wav,foal,vole,foal,1.0,1,Voicing,initial,m2,B5_asr_bn,0526e5a84ee14559b1f854eb40b2bb22
data/audio/samples/clean/English/test-data/wad_bbb49c26024d4262a86da1572e6e9f97.wav,wad,rod,wad,1.0,1,Graveness,initial,f2,clean,a2bace130283e52dff36f8a48ee57a0c
data/audio/samples/B2_mcadams/gin_a867a2786fd9458daf81d0522b33de4f.wav,gin,chin,gin,1.0,1,Voicing,initial,f1,B2_mcadams,9d280fd214b66637f38713e1d504f715
data/audio/samples/B3_sttts/rib_826af399e5d54c709c397e403b84e4d1.wav,rib,rim,rib,0.880797028541565,1,Nasality,final,m1,B3_sttts,9efee07d46f14970ff1c21b1a281687c
data/audio/samples/B4_nac/soothe_0c91b201cefa4c1cbc45bcba84adee99.wav,soothe,sues,soothe,0.999999165534973,1,Sibilation,final,m2,B4_nac,bf26c62a3e7cee2d9b9179c84284b092
data/audio/samples/B5_asr_bn/dough_6ec13f67819d4a35ad729ce8bc797bb5.wav,dough,though,dough,1.0,1,Sustention,initial,m2,B5_asr_bn,361cccd7c3d2f2254f09831fbbdd214f
data/audio/samples/clean/English/test-data/boss_4d6dd73d395e4681aa36fc28f288a4fd.wav,boss,moss,boss,1.0,1,Nasality,initial,f2,clean,6c4e637e91ba90e43b0dd24694b52ab1
data/audio/samples/B2_mcadams/knob_577dae61f05c4e9b8df94671082e4a75.wav,knob,nog,nog,1.0,0,Compactness,final,f2,B2_mcadams,f383477e2ddbf29710b2e4d9550e1233
data/audio/samples/B3_sttts/slob_6ed845bdc2524972a196cf0ae04806bc.wav,slob,slav,slob,0.999999165534973,1,Sustention,final,m2,B3_sttts,4c480f78551ec5b0298797db7516fd59
data/audio/samples/B4_nac/bank_647db771f4fa43e9ab5b463ddc5ee07d.wav,bank,dank,bank,1.0,1,Graveness,initial,m2,B4_nac,9af6836cc40f6c311cfec8e93f27e232
data/audio/samples/B5_asr_bn/oak_93fbbb194eb8449694d2ddecded02b78.wav,oak,oat,oak,1.0,1,Compactness,final,f2,B5_asr_bn,e5efc9853e7833c48d85c274819d0362
data/audio/samples/clean/English/test-data/yield_886c6c9812514b9e9f8a648011fdc931.wav,yield,wield,yield,1.0,1,Compactness,initial,m2,clean,7c837876a84f785a2f830eda2e86a64a
data/audio/samples/B2_mcadams/screed_0539643caeaf438fb12c9e3e7a2c6a61.wav,screed,screen,screed,1.0,1,Nasality,final,f1,B2_mcadams,c1bcf3d098a44cef5668f1f12e8f649b
data/audio/samples/B3_sttts/thee_799653a863094120a3e5d17e226f859a.wav,thee,zee,thee,1.0,1,Sibilation,initial,f1,B3_sttts,6eab0e14064f129d00b5ccd442b30a32
data/audio/samples/B4_nac/keg_f829945690974e9f95a30b9d71c6ee80.wav,keg,peg,keg,1.0,1,Compactness,initial,m2,B4_nac,98532e2f5e19112d7879ff646913bceb
data/audio/samples/B5_asr_bn/shin_f0bb50cf526d469981fef86ea9795c17.wav,shin,shim,shin,1.0,1,Graveness,final,f2,B5_asr_bn,cc12b94badba379cad20c54c6c3fe936
data/audio/samples/TTS_Qwen/duke_Ryan.wav,duke,dupe,dupe,0.880797028541565,0,Compactness,final,TTS_Ryan,TTS_Qwen,3c720e4956e367a8531ec54f0a2f1407
data/audio/samples/clean/English/test-data/broke_ff083c61255641d0a1b92153a72e6608.wav,broke,brogue,broke,1.0,1,Voicing,final,f2,clean,c52b65433aac1657c3f35711c5beecd7
data/audio/samples/B2_mcadams/gaff_5ef2d47e55b84b33b33e0bd3c180ddc7.wav,gaff,calf,gaff,1.0,1,Voicing,initial,f1,B2_mcadams,968eb6c85c64a2910795412290eec5bd
data/audio/samples/B3_sttts/sue_b6a2b40046574a3c97b9c0036bb91dba.wav,sue,zoo,sue,1.0,1,Voicing,initial,f2,B3_sttts,7915c004fa3f6efbc148ecc685c2a161
data/audio/samples/B4_nac/dot_ea3f7b7e1dfa4f00bbcbd24c4c71a534.wav,dot,got,dot,1.0,1,Compactness,initial,f1,B4_nac,626ae58adf0e9d38c9f9f0159b5224cb
data/audio/samples/B5_asr_bn/hop_2f6072a53da84d37a84d750a65d3353d.wav,hop,hot,hop,1.0,1,Graveness,final,m1,B5_asr_bn,881e1c829a811cb6138a3862f7a16cb7
data/audio/samples/clean/English/test-data/gem_e088f668a70342dd8e1d33e40bb9e577.wav,gem,jeb,gem,1.0,1,Nasality,final,m2,clean,7ca0738f3398e5737552599ff64a66a7
data/audio/samples/B2_mcadams/deck_31b9a76a2ac145c392dad18883906e8f.wav,deck,neck,deck,1.0,1,Nasality,initial,f1,B2_mcadams,6f46ffb52978deb6bf49018f7f5f6e6c
data/audio/samples/B3_sttts/keg_19cd5ce4b79149a682f12a795c48ccbc.wav,keg,peg,keg,1.0,1,Compactness,initial,f2,B3_sttts,e75594197f14006c22d1f4e6dd270481
data/audio/samples/B4_nac/cap_d8b3ab2e6e2e43f492dd9cef0f9f64b8.wav,cap,calf,cap,1.0,1,Sustention,final,m2,B4_nac,923c02007fddaddc25e32dcf947ee19c
data/audio/samples/B5_asr_bn/sheaf_d04a6c0befd64306aff3d7cca5456298.wav,sheaf,sheave,sheaf,0.999983310699463,1,Voicing,final,m2,B5_asr_bn,51288bd35246c026fdc7f800785661a0
data/audio/samples/clean/English/test-data/calf_49cd8892384e4279830ade6838bc9988.wav,calf,cap,calf,1.0,1,Sustention,final,f1,clean,c9ad06d938ad3c01514295f0a9b9f738
data/audio/samples/B2_mcadams/pool_663eabfc169946d5911343db6b632188.wav,pool,tool,tool,1.0,0,Graveness,initial,m1,B2_mcadams,1de06c55ce9420b8c54dc2cfa21a7b51
data/audio/samples/B5_asr_bn/rib_826af399e5d54c709c397e403b84e4d1.wav,rib,rim,rim,0.731058537960052,0,Nasality,final,m1,B5_asr_bn,3ece8e468ba1d6af1122590bc100a0e1
data/audio/samples/clean/English/test-data/cop_f95fcf37b83b4be181eeb55ab6dec842.wav,cop,chop,cop,1.0,1,Sibilation,initial,f1,clean,373e5db566d726e06167b258145aeb34
data/audio/samples/B2_mcadams/broad_3b811d49d6b24faba991a1cc8893cc44.wav,broad,brawn,broad,1.0,1,Nasality,final,m2,B2_mcadams,9c6737eb9bd3c296d8683c781ea30fef
data/audio/samples/B3_sttts/loop_7c72ef2d26de4debb727207e3e074057.wav,loop,lube,loop,0.995929896831512,1,Voicing,final,f2,B3_sttts,34cc351018e5a60e1da0dd0d0ed930f2
data/audio/samples/B4_nac/peen_230e590d28b44b049d75574e77bc9d9e.wav,peen,bean,peen,1.0,1,Voicing,initial,m1,B4_nac,2174fdc7971e944fe1a390e91413c14b
data/audio/samples/B5_asr_bn/meat_7c55d8c6e87042ebb12461e28a71a0d5.wav,meat,beat,meat,1.0,1,Nasality,initial,m2,B5_asr_bn,cbb293073c3aa8ea001a7de5184a65c3
data/audio/samples/clean/English/test-data/tong_08af086967aa4fe489b0b440d015ea1d.wav,tong,thong,tong,1.0,1,Sustention,initial,f1,clean,9b2a320c1a200b2c6541c375831932ab
data/audio/samples/B2_mcadams/boot_6aaf29cf1f7243e885a45c45cac1ffd0.wav,boot,moot,moot,1.0,0,Nasality,initial,m1,B2_mcadams,08258adf11b3290d0ec41887fbb5945f
data/audio/samples/B3_sttts/bong_bd255a77cdd84b1287dbf0ebd9ed02c3.wav,bong,dong,bong,1.0,1,Graveness,initial,m1,B3_sttts,cba3da5fb5e62ab9fd6fa2abcb7c3bc5
data/audio/samples/B4_nac/go_4ee8b772f6984de784dc796f2db01f0e.wav,go,joe,go,1.0,1,Sibilation,initial,m1,B4_nac,161c4ecbde407083db348ba3ecaff74f
data/audio/samples/B5_asr_bn/thick_2c94109ad2bf4273b5da8a8832dfd87a.wav,thick,tick,thick,1.0,1,Sustention,initial,m2,B5_asr_bn,57db229bfdcf8b1ade85b395c1093c7a
data/audio/samples/TTS_Qwen/guilt_Ryan.wav,guilt,jilt,guilt,1.0,1,Sibilation,initial,TTS_Ryan,TTS_Qwen,aa3c307781a7b1dafb9a93623cb67ed0
data/audio/samples/clean/English/test-data/bob_218f369775444adfa9b343fd6f5256f4.wav,bob,bomb,bob,1.0,1,Nasality,final,m2,clean,39c2707e1f97e65f0e4ad295f730a9a0
data/audio/samples/B2_mcadams/shoes_3e7374d178914f69b801efa5c04f4d8f.wav,shoes,choose,shoes,1.0,1,Sustention,initial,m2,B2_mcadams,bba3a5be3ee731144c045cfb4f13c8b4
data/audio/samples/B3_sttts/jeb_bf92d50bb90d41e4aae48e43560d351d.wav,jeb,gem,jeb,1.0,1,Nasality,final,m2,B3_sttts,cca2b4028399b81502a088daa8290513
data/audio/samples/B4_nac/met_bcdd636243124a49b408ed7d7e3deadf.wav,met,net,met,1.0,1,Graveness,initial,m2,B4_nac,5b47bc6c32d9141be8e9b1c6cf3b36d3
data/audio/samples/B5_asr_bn/notch_6d29b00ef1e84314856eaa2903bd8214.wav,notch,knock,notch,1.0,1,Sibilation,final,f1,B5_asr_bn,5427364784259e275669807333b7aad6
data/audio/samples/clean/English/test-data/box_4ed9a1f7bd034604aba842c306479186.wav,box,vox,box,1.0,1,Sustention,initial,f1,clean,e08a0f867acebebef9ca6e0e21e02e9d
data/audio/samples/B2_mcadams/big_f74fa7550c8a49298ce63eca16461e4f.wav,big,bib,big,1.0,1,Compactness,final,f1,B2_mcadams,360c7b7e468fdc41cfe02042125e94b3
data/audio/samples/B3_sttts/loathe_995a44bfe3514755b302fcd31b6d2ca5.wav,loathe,load,loathe,0.982013761997223,1,Sustention,final,m2,B3_sttts,7816ce9d3dd2c5d9b2a9971c6ec6e8e8
data/audio/samples/B4_nac/sheaf_ca56f14b6e2d44688627198f89aae099.wav,sheaf,sheave,sheave,0.999876618385315,0,Voicing,final,f1,B4_nac,563957db8542f7aaffa23435e4d86fc8
data/audio/samples/B5_asr_bn/pool_4ef566a6cde144cd9d33d939ca953f02.wav,pool,tool,tool,0.999796569347382,0,Graveness,initial,f2,B5_asr_bn,f0d1bd3653f8dc239b82e75cc90d4ba1
data/audio/samples/clean/English/test-data/sank_26023953599a413ca76675402368ebd7.wav,sank,thank,sank,1.0,1,Sibilation,initial,f1,clean,3e436e30a0e586c120fa66107a42d865
data/audio/samples/B2_mcadams/bomb_8dc6271be1324d1fbf688fe1d3537351.wav,bomb,bob,bob,0.99999988079071,0,Nasality,final,f1,B2_mcadams,ae4b871bb7b00589dee358d0bf542162
data/audio/samples/B5_asr_bn/moan_7bcd3ff8e78940d49ff353095df2e0d6.wav,moan,mode,moan,1.0,1,Nasality,final,m2,B5_asr_bn,c940d28448628bef5fc4edfbb751b606
data/audio/samples/clean/English/test-data/thong_2bbeba044a684510ae6ec89c29de9c7b.wav,thong,tong,tong,0.999664664268494,0,Sustention,initial,m1,clean,1d940b86e21a42ad6641c7795d9b9669
data/audio/samples/B2_mcadams/big_a40aa5aecfdc4cbfa681a703e1ca8499.wav,big,bib,big,1.0,1,Compactness,final,m1,B2_mcadams,0f8169273ddf9412fdb15b1319c78abe
data/audio/samples/B3_sttts/keg_fabb9691a3c349e0bf9ff316d3de669a.wav,keg,peg,keg,1.0,1,Compactness,initial,f1,B3_sttts,f6ba82c9014f095eb2a901620617719d
data/audio/samples/B4_nac/bean_8e60819a5f184bb28d077363a3f3d6d7.wav,bean,peen,bean,1.0,1,Voicing,initial,f2,B4_nac,c700f3e4cb196637be172e24ed5be720
data/audio/samples/B5_asr_bn/cheat_897c69ea88e243f3ad022ed241b36e5e.wav,cheat,sheet,cheat,1.0,1,Sustention,initial,f1,B5_asr_bn,c0b4ed60a720e3f2c2ab1b92f77a3002
data/audio/samples/clean/English/test-data/shim_263a01e94c3f47909fac288eee4389f3.wav,shim,shin,shim,1.0,1,Graveness,final,m2,clean,385deeccc656da2f41a4700c89f33062
data/audio/samples/B2_mcadams/tong_c93d48f8af784520946e86110dded56b.wav,tong,thong,tong,1.0,1,Sustention,initial,m2,B2_mcadams,f1e57b5c2e1f8a3be55434086bf78174
data/audio/samples/B3_sttts/trough_816daaf4e16b4338840358bfdf74fecb.wav,trough,troth,trough,0.999925136566162,1,Graveness,final,m2,B3_sttts,91622c7ca16844d1f0d097a146d1f9bd
data/audio/samples/B4_nac/rich_8e7e18741d8745a7901b1411c0766dbf.wav,rich,ridge,rich,1.0,1,Voicing,final,m2,B4_nac,10c5eb05de8b56c48a4623dac0be0933
data/audio/samples/B5_asr_bn/joe_dc295996e50447e6aa3ef36dfaf8eabd.wav,joe,go,joe,1.0,1,Sibilation,initial,f2,B5_asr_bn,f7ff4733db8041d4b82a81c91c57437b
data/audio/samples/TTS_Qwen/broad_Ryan.wav,broad,brawn,broad,1.0,1,Nasality,final,TTS_Ryan,TTS_Qwen,1b8407a9faa9b120ce62a9abe93263a1
data/audio/samples/clean/English/test-data/bed_2f0f611c0eac4fa59916464bcc2e9913.wav,bed,beg,bed,1.0,1,Compactness,final,f1,clean,2c7eef8f1590267b623b5bbe5899c18f
data/audio/samples/B2_mcadams/oak_c67ff6ea14f64391b3cf6ca542f352a5.wav,oak,oat,oak,1.0,1,Compactness,final,m1,B2_mcadams,e5ddb842e3825b96ca5a0c929e23d2c4
data/audio/samples/B3_sttts/loss_eb1e42ffd1c946b7bdcbc032c63cfe26.wav,loss,laws,loss,1.0,1,Voicing,final,m1,B3_sttts,187452171857b4c3a989838116e895ea
data/audio/samples/B4_nac/thick_65777ebc253b4fd784f2ed5fdce9f8ce.wav,thick,tick,thick,1.0,1,Sustention,initial,f2,B4_nac,8c326e33cbf051d632ea8823a0bc573c
data/audio/samples/B5_asr_bn/peak_badf2221122a4b4bab50441efe342b60.wav,peak,teak,peak,1.0,1,Graveness,initial,m2,B5_asr_bn,06bd5af3ebbfbcc57bc8df976c5f628d
data/audio/samples/clean/English/test-data/loathe_5b5d36aa0bfe4877a123a9ede0c083c7.wav,loathe,load,loathe,0.999972462654114,1,Sustention,final,f2,clean,8c193109b1122bd76df60ebf3acf06ae
data/audio/samples/B2_mcadams/bean_8e60819a5f184bb28d077363a3f3d6d7.wav,bean,peen,bean,1.0,1,Voicing,initial,f2,B2_mcadams,63e58ad8c17b56e237ee8fe80b917ca7
data/audio/samples/B3_sttts/dank_9b6188a26d3d4935af80176a7620559f.wav,dank,bank,dank,1.0,1,Graveness,initial,m1,B3_sttts,5d6155e37edc2812586b24f3892f1e5e
data/audio/samples/B4_nac/broke_5366b71ca5074acfad99ac191efac3e4.wav,broke,brogue,broke,1.0,1,Voicing,final,m1,B4_nac,3341a3e84f87a43dea05d20d815cae67
data/audio/samples/B5_asr_bn/keg_f2e272cabe68446e9e0ffda16036ec99.wav,keg,peg,keg,1.0,1,Compactness,initial,m1,B5_asr_bn,e7b107e85e13989edffa187a43ce6694
data/audio/samples/clean/English/test-data/brogue_b2e4780d5e70436090e97daf403218d3.wav,brogue,broke,brogue,1.0,1,Voicing,final,f1,clean,17f901757644c5e9cde8a3bf10eef113
data/audio/samples/B2_mcadams/goff_91c53a30406e42ce9ba44d43992e78f8.wav,goff,gawp,goff,0.999876618385315,1,Sustention,final,f1,B2_mcadams,481a6ddfdfb7ff69543ec7555705c942
data/audio/samples/B5_asr_bn/loathe_995a44bfe3514755b302fcd31b6d2ca5.wav,loathe,load,loathe,0.989013075828552,1,Sustention,final,m2,B5_asr_bn,06c590e1fd78be39c434086bf91da38a
data/audio/samples/clean/English/test-data/brawn_3e8c8859153545e59d7ecbed60ee4984.wav,brawn,broad,brawn,1.0,1,Nasality,final,f2,clean,800febc871bdfa2f314aa5544b8ff00a
data/audio/samples/B2_mcadams/bed_e27ce4c1e13741b09ab63cecfca64022.wav,bed,beg,bed,1.0,1,Compactness,final,m1,B2_mcadams,f058dfffbf215bf282e7a0c6e0fadaa5
data/audio/samples/B3_sttts/wreath_df4173d52e914931ae51849e9ee4e008.wav,wreath,reef,reef,1.0,0,Graveness,final,m1,B3_sttts,d33bde4cdf934807a15f1298086276e3
data/audio/samples/B4_nac/loss_eb1e42ffd1c946b7bdcbc032c63cfe26.wav,loss,laws,loss,1.0,1,Voicing,final,m1,B4_nac,89f3b880b233ec90cf4a3467d8a2fd4b
data/audio/samples/B5_asr_bn/strode_90df4077a993463d9e1846b9669a259f.wav,strode,strobe,strode,0.99999988079071,1,Graveness,final,m2,B5_asr_bn,e6b6cbbeb9b57c8695d49d08b5b7f235
data/audio/samples/clean/English/test-data/strode_58a8009c5ac4405c99d236ed22232676.wav,strode,strobe,strode,0.999664664268494,1,Graveness,final,f2,clean,4d897bb3528c3e5a1b7922980b1c0ec4
data/audio/samples/B2_mcadams/soothe_c00ac2f5d0f74367a34187727128cca6.wav,soothe,sues,soothe,0.731058537960052,1,Sibilation,final,m1,B2_mcadams,a9d2faf0dd7278872cc4d974e9424f7b
data/audio/samples/B3_sttts/strobe_0e6b19b9557f47b79c7fb0bf2474f9a4.wav,strobe,strode,strobe,0.952574133872986,1,Graveness,final,m1,B3_sttts,c233a72b50d1ba0b88c47ad2a2288e01
data/audio/samples/B4_nac/loop_358fa7b44aae44c48589187a7010bdfe.wav,loop,lube,loop,1.0,1,Voicing,final,f1,B4_nac,c4d2edb768604f1153a0a84a5e63f34a
data/audio/samples/B5_asr_bn/nip_b1287f3bf55a4efc98922f5bc07735f6.wav,nip,dip,nip,1.0,1,Nasality,initial,m2,B5_asr_bn,65544cbe82db7ff1fc43c47610736554
data/audio/samples/TTS_Qwen/fore_Ryan.wav,fore,thor,fore,1.0,1,Graveness,initial,TTS_Ryan,TTS_Qwen,7b4f22792ef1f6f2972b23d15f1ead56
data/audio/samples/clean/English/test-data/troth_92731af20a9f4589a711fbf95835defc.wav,troth,trough,troth,0.999983310699463,1,Graveness,final,m1,clean,312f65147fedb56cc4c604744f6dd332
data/audio/samples/B2_mcadams/brogue_dcda87af16b04bf4ba8aa0627b71da5d.wav,brogue,broke,brogue,1.0,1,Voicing,final,m2,B2_mcadams,b0480bafe45bc12ccbac96e8914e199b
data/audio/samples/B3_sttts/dough_7e614e3d88ea4c9f8be1f5be3b2e0e10.wav,dough,though,dough,1.0,1,Sustention,initial,f1,B3_sttts,30afd6fdbf64efab957275cc1fd3feae
data/audio/samples/B4_nac/met_28927f06f13a40cd8cee04abb66a5ef0.wav,met,net,met,1.0,1,Graveness,initial,f2,B4_nac,bc373351899782e75cb161c5a8e5ff2c
data/audio/samples/B5_asr_bn/troth_fed7d66f85c14d60a5eaef5a112f2f9b.wav,troth,trough,troth,0.999997735023499,1,Graveness,final,m2,B5_asr_bn,9cbb2fdc58a6a6e431f374e535220b4e
data/audio/samples/clean/English/test-data/loathe_e686fb156c004ea094084f87792254d0.wav,loathe,load,loathe,0.999796569347382,1,Sustention,final,m1,clean,892f3dc0730b8ded518c33564d285fd3
data/audio/samples/B2_mcadams/seethe_ad7a400b8f9c4e4bbc92b4cfdd964697.wav,seethe,seed,seed,0.999664664268494,0,Sustention,final,f2,B2_mcadams,436d3c4844141ecdcb9a19abc5af2991
data/audio/samples/B3_sttts/brogue_dc347801c56f4ed0a203eb71d0f02a82.wav,brogue,broke,broke,1.0,0,Voicing,final,m1,B3_sttts,6b7af4a177634b574c8f0f8a6fa0c385
data/audio/samples/B4_nac/strobe_fa64b35715e14d429da656a9cbe13573.wav,strobe,strode,strobe,0.99999988079071,1,Graveness,final,f2,B4_nac,13630af54b0435617e69d9cdffb2c14d
data/audio/samples/B5_asr_bn/reef_ff45f938d43f46c6b683b802db4b4852.wav,reef,wreath,reef,1.0,1,Graveness,final,m2,B5_asr_bn,46133a8c05548f2954587d57daf2b306
data/audio/samples/clean/English/test-data/note_a55d801980114296a52fc03ac0bcf087.wav,note,dote,note,1.0,1,Nasality,initial,f2,clean,10d946d315e3c84409417197d94b5016
data/audio/samples/B2_mcadams/loss_d95636e41552476994eee08891dcb60f.wav,loss,laws,loss,1.0,1,Voicing,final,f2,B2_mcadams,db52518dcf35636200b69c870f5afe82
data/audio/samples/B2_mcadams/wield_0b99fbcc0871465487b6c624b5d85161.wav,wield,yield,wield,1.0,1,Compactness,initial,f1,B2_mcadams,a34e424e425c39fd8c8039938b797ab9
data/audio/samples/B3_sttts/knob_577dae61f05c4e9b8df94671082e4a75.wav,knob,nog,knob,0.999998569488525,1,Compactness,final,f2,B3_sttts,930d2515305c27e32adf05c4dd2f8e7f
data/audio/samples/B4_nac/neck_8f56e8bbf7c24840989a473e4a786224.wav,neck,deck,neck,1.0,1,Nasality,initial,m1,B4_nac,516f42a26b49347b997b1e276acea865
data/audio/samples/B5_asr_bn/pence_be9ea67383d04fa4946a547799e10911.wav,pence,fence,fence,0.731058537960052,0,Sustention,initial,m1,B5_asr_bn,a45fc1df7ab38e18a59f5e151a84fa53
data/audio/samples/clean/English/test-data/shim_55923383294747a6939104d10ec24740.wav,shim,shin,shim,1.0,1,Graveness,final,f2,clean,1f58f8233cb2eaf4cb691448a6608997
data/audio/samples/B2_mcadams/dong_3d6868ed4c3b4595ad1809829630f9f3.wav,dong,bong,dong,1.0,1,Graveness,initial,f1,B2_mcadams,b06c546eb81eac2590bf33315f6dad7d
data/audio/samples/B3_sttts/notch_fa3c3425065140199f620dbbbac73f82.wav,notch,knock,notch,1.0,1,Sibilation,final,f2,B3_sttts,f604710aeb1e32aee039a65ad3aad06f
data/audio/samples/B4_nac/chair_edcb61c6709842368f50b7d5a0b61139.wav,chair,care,chair,1.0,1,Sibilation,initial,m1,B4_nac,b2043266bb3b186af5278cef963b36e8
data/audio/samples/B5_asr_bn/net_f570135e40d54c5096e085a3c2a6bf29.wav,net,met,net,1.0,1,Graveness,initial,f1,B5_asr_bn,0fd3e5290d2630cfcee9dd081c366def
data/audio/samples/clean/English/test-data/neck_8a8c3eb3b8ac46b19c335ec8bc6c5368.wav,neck,deck,neck,1.0,1,Nasality,initial,f1,clean,8bb8d1eda71ab8ab83a8ec778b38d4e6
data/audio/samples/B2_mcadams/shim_8383037c83fd433f8e9556e6e3534890.wav,shim,shin,shim,0.999796569347382,1,Graveness,final,f1,B2_mcadams,b494453bb2907298b5c182c0c0cfca99
data/audio/samples/B3_sttts/dan_9b43711399ed41608d75fe5a374bb609.wav,dan,than,than,1.0,0,Sustention,initial,m1,B3_sttts,62d69ce2ff15dbee3a187893cbadd71e
data/audio/samples/B4_nac/daunt_b54387abed6b498095814fec4e04b6ef.wav,daunt,taunt,daunt,1.0,1,Voicing,initial,f1,B4_nac,7f6bc7b671498082d95246586050b9a4
data/audio/samples/B5_asr_bn/thank_89b55114e6a248cd8adc716a5f2d7df2.wav,thank,sank,thank,1.0,1,Sibilation,initial,m2,B5_asr_bn,3d0ddf7a1190fad2f01cd6fa40114ed7
data/audio/samples/TTS_Qwen/load_Ryan.wav,load,loathe,load,1.0,1,Sustention,final,TTS_Ryan,TTS_Qwen,d8b4f95b0994a7eea93255528d1f0b63
data/audio/samples/clean/English/test-data/gauze_fc6f1f13c26b46329b8cb60ad2566940.wav,gauze,jaws,gauze,1.0,1,Sibilation,initial,f1,clean,ebaf7ef25791dfd3adbf77cd9fd0275c
data/audio/samples/B2_mcadams/go_af965e7eeb1b41708f215761ac41e3aa.wav,go,joe,go,1.0,1,Sibilation,initial,f1,B2_mcadams,5067624b011e3da924acce0e1ae99579
data/audio/samples/B3_sttts/gin_716891477d90490ca0b75294d9ccc371.wav,gin,chin,chin,0.993307173252106,0,Voicing,initial,m2,B3_sttts,d16b5699595f383938d615e9529ab73c
data/audio/samples/B4_nac/screed_97ac8c3938934e41bcdf5a8d8c6ff522.wav,screed,screen,screed,1.0,1,Nasality,final,m1,B4_nac,bd569e32f86fa7156a9ef3fa9a5e72db
data/audio/samples/B5_asr_bn/wreath_df4173d52e914931ae51849e9ee4e008.wav,wreath,reef,reef,0.999993801116943,0,Graveness,final,m1,B5_asr_bn,6473b2548a689531c1abfbf3873e16db
data/audio/samples/clean/English/test-data/wed_877c81420eeb4deb952c1f6bda7a5186.wav,wed,web,wed,1.0,1,Graveness,final,f2,clean,31f152034ac713f1083e3113c8bd2f26
data/audio/samples/B2_mcadams/meat_7c55d8c6e87042ebb12461e28a71a0d5.wav,meat,beat,meat,1.0,1,Nasality,initial,m2,B2_mcadams,3f5708dffeab7fd575e1844ac8e27b3f
data/audio/samples/B3_sttts/tense_87cd7d30a5ce47a7ab8eca495352051e.wav,tense,dense,tense,1.0,1,Voicing,initial,f1,B3_sttts,053ed5fcd99084d760c7d61ead405c76
data/audio/samples/B4_nac/dan_92227b0cccb54f048281e22d74ee6198.wav,dan,than,dan,1.0,1,Sustention,initial,f2,B4_nac,dedb2427bf556aee9bae2f33a510f1ec
data/audio/samples/B2_mcadams/sheet_b55de9d6b1c043a2964e2678eaa54d65.wav,sheet,cheat,sheet,1.0,1,Sustention,initial,f2,B2_mcadams,d65424945a4352484734080b4e6bbb2f
data/audio/samples/B3_sttts/zoo_41e8c6202efe453486f18019ce79e1ae.wav,zoo,sue,sue,1.0,0,Voicing,initial,m1,B3_sttts,94444869de500b31e3d0410511087dba
data/audio/samples/B4_nac/pool_0ba897b69be74f26a283c6c32ebb79de.wav,pool,tool,pool,0.99999988079071,1,Graveness,initial,f1,B4_nac,4b53adb5ec10031ccf03cb1ea515a0c3
data/audio/samples/B5_asr_bn/chop_d53d686c556142558c0be189e519807f.wav,chop,cop,chop,1.0,1,Sibilation,initial,f2,B5_asr_bn,89cb8835cf4bb4f35ed97ad049b125c7
data/audio/samples/clean/English/test-data/broad_330072ded24046fdb8cc507ba64e0fb9.wav,broad,brawn,broad,1.0,1,Nasality,final,m1,clean,119efaaea1f0b8324641dde4db15f764
data/audio/samples/B2_mcadams/wield_708f70534882470883c831c1c6ece57c.wav,wield,yield,wield,1.0,1,Compactness,initial,f2,B2_mcadams,d91dea8f924138ff078ee14e9ed7457f
data/audio/samples/B3_sttts/fad_0409b062ccb84e47a6e8dac8008f11fc.wav,fad,fan,fad,1.0,1,Nasality,final,f1,B3_sttts,a9f6e575811bf9f7f61009bc84857968
data/audio/samples/B4_nac/bed_8eb6bbbf423b41a2a4a41e3ae9fac3fa.wav,bed,beg,bed,1.0,1,Compactness,final,m2,B4_nac,eca9b14ed06c19d59637f05657f82205
data/audio/samples/B5_asr_bn/got_0719d6ca240346498ce3ae62f0897765.wav,got,dot,got,1.0,1,Compactness,initial,m2,B5_asr_bn,04834f19c30b5b144adb5463112e0d59
data/audio/samples/clean/English/test-data/dank_9b6188a26d3d4935af80176a7620559f.wav,dank,bank,dank,1.0,1,Graveness,initial,m1,clean,a8e39864082856f30837df3b0ce6899f
data/audio/samples/B2_mcadams/loathe_995a44bfe3514755b302fcd31b6d2ca5.wav,loathe,load,load,1.0,0,Sustention,final,m2,B2_mcadams,25b5aca46678617cbc58efe9aa5d751e
data/audio/samples/B3_sttts/gawp_77ab52d110fc4127901a4220638b380f.wav,gawp,goff,gawp,0.999999165534973,1,Sustention,final,m1,B3_sttts,f7de27fe693116735b77292365986ed5
data/audio/samples/B4_nac/trough_816daaf4e16b4338840358bfdf74fecb.wav,trough,troth,trough,0.999983310699463,1,Graveness,final,m2,B4_nac,49cea0c960818ac171a25ed3dbf2ac08
data/audio/samples/B5_asr_bn/goff_ec54a21fb2a24946b78b227c3c64f446.wav,goff,gawp,goff,1.0,1,Sustention,final,m2,B5_asr_bn,ce2eb917bab5fc47c0f2ca840cd4010b
data/audio/samples/TTS_Qwen/lib_Ryan.wav,lib,live,live,1.0,0,Sustention,final,TTS_Ryan,TTS_Qwen,94731bb8a6170eea0d314f5b9d6cd8a9
data/audio/samples/clean/English/test-data/seep_f487bf134fb24b76853aed4b89e9b6cd.wav,seep,seek,seep,1.0,1,Compactness,final,m1,clean,d2c3b98b1946a1f728f9205b28037845
data/audio/samples/B2_mcadams/load_15c2ab160a8b43b490c05d4204d44449.wav,load,loathe,load,1.0,1,Sustention,final,m1,B2_mcadams,cc0b8d81cf98b64573edf38bba6d051f
data/audio/samples/B3_sttts/miss_e4dc1895ece343f08644c1f6ebbac15a.wav,miss,myth,miss,1.0,1,Sibilation,final,m1,B3_sttts,57067bd7a7329232103fb5467a72eaad
data/audio/samples/B4_nac/chop_d53d686c556142558c0be189e519807f.wav,chop,cop,chop,1.0,1,Sibilation,initial,f2,B4_nac,9d08f4008627726605953438dce2ba37
data/audio/samples/B5_asr_bn/fit_6384530cf0ed4ff99e0ae6a1f1996b53.wav,fit,hit,fit,1.0,1,Compactness,initial,f2,B5_asr_bn,77b71e5018eb7d0b9f80cab965b3d6fc
data/audio/samples/clean/English/test-data/nude_941938a8700f4a64b38bb8dd9fbd1d53.wav,nude,noon,nude,1.0,1,Nasality,final,m1,clean,f319e88bf8894dbe3485d28e4b978732
data/audio/samples/B2_mcadams/trough_0ace4bb2fdbf44b49902c10cc47317a4.wav,trough,troth,trough,0.999664664268494,1,Graveness,final,f2,B2_mcadams,c1ca20e1afbe1532d53cf7a91c65767f
data/audio/samples/B3_sttts/dip_3cacd90a8c4d459399697c2a65eb315b.wav,dip,nip,dip,1.0,1,Nasality,initial,f1,B3_sttts,d6312eaded37728a28057237bd3ae527
data/audio/samples/B4_nac/tense_df86f4a818a14bd097925a284738cd2a.wav,tense,dense,tense,1.0,1,Voicing,initial,m2,B4_nac,a0abcff9e54bdae9dc4d3056d3f65138
data/audio/samples/B5_asr_bn/class_1f26d250011547e1987773adce9254f0.wav,class,clash,class,1.0,1,Compactness,final,f2,B5_asr_bn,af5d11ab6dbd4f210a90b16e30eba11b
data/audio/samples/clean/English/test-data/wad_e3c72211920b4abd9a2f766828058581.wav,wad,rod,wad,1.0,1,Graveness,initial,m2,clean,6f08079ba706f20e6efbdc5c21d9941f
data/audio/samples/B2_mcadams/zoo_cef9197ef22b4c0eac85aa839c95b150.wav,zoo,sue,zoo,0.999999761581421,1,Voicing,initial,f2,B2_mcadams,13a7d2646d2a764c0210acdcdb077366
data/audio/samples/B3_sttts/egg_1d838ee5b66a40d685765745debf7a01.wav,egg,edge,egg,1.0,1,Sibilation,final,f2,B3_sttts,af35bac756fc8ec3d28b39c2d9101273
data/audio/samples/B4_nac/tong_c93d48f8af784520946e86110dded56b.wav,tong,thong,tong,1.0,1,Sustention,initial,m2,B4_nac,466265cc7c7529cac58f8fb88218c0ec
data/audio/samples/B5_asr_bn/egg_12b71ef5a4db4ecb8f6d3f387be6dd5a.wav,egg,edge,egg,1.0,1,Sibilation,final,m1,B5_asr_bn,4896699a7461568d00e8895e89ed418b
data/audio/samples/clean/English/test-data/loss_71cd1cd8483940f0a5eec389d90e0356.wav,loss,laws,loss,1.0,1,Voicing,final,m2,clean,a9c34dadd138d4850d42b717e3e4638b
data/audio/samples/B2_mcadams/fad_432941384b0949578e4ac9e77a1f91a0.wav,fad,fan,fan,1.0,0,Nasality,final,m1,B2_mcadams,ceb01b145582d71b16d196d2325223c4
data/audio/samples/B3_sttts/dot_08d39c684e744e7a94b005d0d4d65658.wav,dot,got,dot,1.0,1,Compactness,initial,m2,B3_sttts,c947f149bec6dea4ab529c1688a3321a
data/audio/samples/B4_nac/oat_d7bd854b2c894921a5ea3aa10eb9e11e.wav,oat,oak,oat,0.999089002609253,1,Compactness,final,m1,B4_nac,c140a182677ceed4cf459c6fbcdd3ada
data/audio/samples/B5_asr_bn/troth_92731af20a9f4589a711fbf95835defc.wav,troth,trough,troth,0.999997735023499,1,Graveness,final,m1,B5_asr_bn,bef06381018ddff5cdd9c02bf48eedc2
data/audio/samples/TTS_Qwen/joe_Ryan.wav,joe,go,joe,1.0,1,Sibilation,initial,TTS_Ryan,TTS_Qwen,678a4bc9cb89d189e9c6dbf04ce138ae
data/audio/samples/clean/English/test-data/fin_c72fb371fb4f4e40a52c516e82de859b.wav,fin,thin,fin,0.999999165534973,1,Graveness,initial,f2,clean,268d0a04bf0b8ec32404956d2964d512
data/audio/samples/B2_mcadams/brawn_9d6a20d14f35495680dd403518774197.wav,brawn,broad,brawn,1.0,1,Nasality,final,m1,B2_mcadams,afbfee1636e3e5424a6914630ca8e598
data/audio/samples/B3_sttts/taunt_28d351ab8dfb4baeb17e07c18cc13fb0.wav,taunt,daunt,taunt,1.0,1,Voicing,initial,m2,B3_sttts,1e46aa428a62429ba56c8a3570200861
data/audio/samples/B4_nac/wed_dc79e9885bbc40e2ad36cff72664fe5d.wav,wed,web,wed,1.0,1,Graveness,final,m1,B4_nac,658eb040e8d1b101d1a4ce62b18103fe
data/audio/samples/B5_asr_bn/got_bb58a0e2508c4111ba5a620fca710ab1.wav,got,dot,got,1.0,1,Compactness,initial,f1,B5_asr_bn,e2b158214facbdfaabc065802242c462
data/audio/samples/clean/English/test-data/flawed_f107360eeb4c4938a18816883e81043e.wav,flawed,flog,flawed,1.0,1,Compactness,final,m2,clean,e5b1eb6abb079bb0555645f7b2e1d595
data/audio/samples/B2_mcadams/dip_571a9d0995ae4a779dd05d1b860ae20c.wav,dip,nip,dip,1.0,1,Nasality,initial,m1,B2_mcadams,731471bd2c422cb972ad7ea78045b04f
data/audio/samples/B3_sttts/gross_fc49fcacb8ec43cab040cc8537cf572e.wav,gross,growth,gross,1.0,1,Sibilation,final,m1,B3_sttts,fd5af4bc5775559803933037bad94125
data/audio/samples/B4_nac/wroth_0a136556ee5f4f9e97ed5a25bef5f39b.wav,wroth,ross,wroth,1.0,1,Sibilation,final,f2,B4_nac,666e261fccee8d8ab833ff27bc71f788
data/audio/samples/B5_asr_bn/caught_d98979a22f8b468a9b8503e4529ae926.wav,caught,taught,taught,1.0,0,Compactness,initial,f1,B5_asr_bn,ad1c0425773c331b8e42a466d73cfa7e
data/audio/samples/clean/English/test-data/knock_d57b277f341d4e52b4571ac3353e0c4b.wav,knock,dock,knock,1.0,1,Nasality,initial,m2,clean,7e14e677f125d07c314b787fe322eede
data/audio/samples/B2_mcadams/lib_cc12868019e14f0982d1ee2ec35e6a16.wav,lib,live,live,0.999996304512024,0,Sustention,final,f2,B2_mcadams,a1a0b79d55b6c5533af484313dfeb135
data/audio/samples/clean/English/test-data/cap_dd3483439a4644e68cd271f6af06515c.wav,cap,calf,cap,1.0,1,Sustention,final,f2,clean,d75b432666d9dd24993c3146488eeff9
data/audio/samples/B2_mcadams/wed_dadf4582c31845989dcd61fa384ed7a3.wav,wed,web,wed,1.0,1,Graveness,final,m2,B2_mcadams,420ac4eee8393b3ddb0293886dab1c5e
data/audio/samples/B3_sttts/rod_9dcbad7e13a2417f97a300473f550910.wav,rod,wad,rod,1.0,1,Graveness,initial,m1,B3_sttts,3b4366aa27fdb13febe2258c6c1760da
data/audio/samples/B4_nac/loathe_e686fb156c004ea094084f87792254d0.wav,loathe,load,loathe,0.622459352016449,1,Sustention,final,m1,B4_nac,f353080a200c306ba8429c8f5adfa387
data/audio/samples/B5_asr_bn/shoes_b6603fd287c5476d8584847eaa0b7bbf.wav,shoes,choose,shoes,1.0,1,Sustention,initial,f1,B5_asr_bn,38f19f23e235b0a4e1ca9a00dcbde1e6
data/audio/samples/TTS_Qwen/nog_Ryan.wav,nog,knob,nog,1.0,1,Compactness,final,TTS_Ryan,TTS_Qwen,63037fc778524bc89a3f59c1d3870b19
data/audio/samples/clean/English/test-data/gin_716891477d90490ca0b75294d9ccc371.wav,gin,chin,gin,1.0,1,Voicing,initial,m2,clean,119869583f2565b07755e6a4922c9f9e
data/audio/samples/B2_mcadams/wield_2fdf684074b74754997fd8a5116af2fa.wav,wield,yield,wield,1.0,1,Compactness,initial,m1,B2_mcadams,c4753b10e252b6bb4f0364c81c70d0b8
data/audio/samples/B3_sttts/noon_716eec1021f14866a9cef824614f020f.wav,noon,nude,noon,0.999998569488525,1,Nasality,final,f2,B3_sttts,735becca29a59229db9e12303c6ada5b
data/audio/samples/B4_nac/growth_507e4546a0b54125af0b05e95a107f6f.wav,growth,gross,growth,1.0,1,Sibilation,final,f2,B4_nac,a550817d60ceb185681dfbc615031f33
data/audio/samples/B5_asr_bn/chair_3726fb3a32c24fe7be0baaa22a35cc98.wav,chair,care,chair,1.0,1,Sibilation,initial,f2,B5_asr_bn,7c15c17fcd0d16100ca54c69bdaba7c6
data/audio/samples/clean/English/test-data/slob_064ca35cc2654000ae9279787a5f9469.wav,slob,slav,slob,0.997527420520782,1,Sustention,final,m1,clean,112743280655865f980626a3417aca1a
data/audio/samples/B2_mcadams/keg_f829945690974e9f95a30b9d71c6ee80.wav,keg,peg,keg,1.0,1,Compactness,initial,m2,B2_mcadams,3f1763635f6aef70df67a11e30cc30b1
data/audio/samples/B3_sttts/bond_c5f6c38c513d42479dc4c48a01ffa04a.wav,bond,pond,bond,1.0,1,Voicing,initial,m1,B3_sttts,b5cccb4f9108721a732a48800676c930
data/audio/samples/B4_nac/seed_73f02ce3786741d08a5bc4e439078ca1.wav,seed,seethe,seed,1.0,1,Sustention,final,f1,B4_nac,6dc1ab1b013aadc4ca57927c8e1b741c
data/audio/samples/B5_asr_bn/nude_e877c8f64b4a4af984e5c5dda8b1d0eb.wav,nude,noon,nude,1.0,1,Nasality,final,f1,B5_asr_bn,e20d4783e8b826fad7ffd81a7270b77f
data/audio/samples/clean/English/test-data/meat_79173109967d4f02bfc67aaa20aa5f20.wav,meat,beat,meat,1.0,1,Nasality,initial,f1,clean,db126b9a4f722123b53b774ccd0c56dc
data/audio/samples/B2_mcadams/mode_1d2234c4360f44579ed9c6aeb98d0721.wav,mode,moan,mode,0.982013761997223,1,Nasality,final,f2,B2_mcadams,c8e37a6ebdb6e39576367478a100d4f1
data/audio/samples/B3_sttts/patch_e2e3b271d82d4822abf70061fb564b67.wav,patch,pack,pack,0.952574133872986,0,Sibilation,final,m1,B3_sttts,c9927fcdf904ced096d43f21e5ddf571
data/audio/samples/B4_nac/shim_815cc25dc68447a5aee8d12b74453296.wav,shim,shin,shim,1.0,1,Graveness,final,m1,B4_nac,9c7e8bf04740ce9e2d718415b405531b
data/audio/samples/B5_asr_bn/rim_edb9847d0969465a90a4be5c600ba2fb.wav,rim,rib,rim,1.0,1,Nasality,final,m2,B5_asr_bn,f32aa148d315ac6c6c8d9d31a8ed35f6
data/audio/samples/clean/English/test-data/gaff_0a08ae9d27834cb7ab168b72f4dc9a7b.wav,gaff,calf,gaff,1.0,1,Voicing,initial,m1,clean,8c1217dfb156d23b6ae67fc5c9d48c01
data/audio/samples/B2_mcadams/seep_f487bf134fb24b76853aed4b89e9b6cd.wav,seep,seek,seep,0.999925136566162,1,Compactness,final,m1,B2_mcadams,d54d84b1de22465299dbcf046f3babad
data/audio/samples/B3_sttts/pence_8da9885e0d3842a1afddbe699b7998f6.wav,pence,fence,pence,1.0,1,Sustention,initial,m2,B3_sttts,bf5406b8050b1185100851dca36a8090
data/audio/samples/B4_nac/screen_0992e57077fb4792a8e24a2db2a504c0.wav,screen,screed,screen,1.0,1,Nasality,final,m2,B4_nac,038ad382cb408ff43e6831e4669956a5
data/audio/samples/B5_asr_bn/live_34bb0fedcaa74f2b836c8bf91a8bc952.wav,live,lib,live,1.0,1,Sustention,final,m1,B5_asr_bn,1fbcd408a82a8e7cce10adb945d2b001
data/audio/samples/TTS_Qwen/care_Ryan.wav,care,chair,care,1.0,1,Sibilation,initial,TTS_Ryan,TTS_Qwen,5ac0c5f7f8427400ea59fa265e67c90c
data/audio/samples/clean/English/test-data/brogue_dc347801c56f4ed0a203eb71d0f02a82.wav,brogue,broke,brogue,1.0,1,Voicing,final,m1,clean,df405f4e473c12726c9c6034de48f4c2
data/audio/samples/B2_mcadams/cheat_e58f69ef7ac4436f965f52d9135c54f5.wav,cheat,sheet,cheat,1.0,1,Sustention,initial,m1,B2_mcadams,c7e0220a3271a39818a3e06810ad7f3a
data/audio/samples/B3_sttts/shoes_3e7374d178914f69b801efa5c04f4d8f.wav,shoes,choose,shoes,1.0,1,Sustention,initial,m2,B3_sttts,7794859cbc14265ab5d08398e08feaf6
data/audio/samples/B4_nac/gin_b98cce25d0a14e25a8ff918b303c2f86.wav,gin,chin,chin,1.0,0,Voicing,initial,f2,B4_nac,8a5310ff453d2923c2a77ac65dc3845b
data/audio/samples/B5_asr_bn/hot_42f41921b1984719aad9a3c7d811ca60.wav,hot,hop,hot,1.0,1,Graveness,final,m2,B5_asr_bn,68c84fff906855459433344841b906e2
data/audio/samples/clean/English/test-data/joe_dc295996e50447e6aa3ef36dfaf8eabd.wav,joe,go,joe,1.0,1,Sibilation,initial,f2,clean,1e34602365befd8ec1f3b1dd8269768c
data/audio/samples/B2_mcadams/broad_58825e560e8d45d09fa0f3133b496c58.wav,broad,brawn,broad,1.0,1,Nasality,final,f2,B2_mcadams,6bda3cb3f33652f9735d97f80301c1c7
data/audio/samples/B3_sttts/taunt_6e82d9e76a1247c098c14f4be9ec6dd5.wav,taunt,daunt,taunt,1.0,1,Voicing,initial,f2,B3_sttts,d8f47416d4854cabda8fdb14148bcf37
data/audio/samples/B4_nac/taught_0be195730c7642ba99c983e7e4ff9a38.wav,taught,caught,taught,1.0,1,Compactness,initial,f2,B4_nac,82403238ff0270f26e74d63ba4940482
data/audio/samples/B5_asr_bn/sheave_6666ce8f3dca457a9971878b0e77bb1d.wav,sheave,sheaf,sheave,1.0,1,Voicing,final,m1,B5_asr_bn,beb494102ea494293df67f05193fc101
data/audio/samples/clean/English/test-data/bad_f8fd76c3ff254910b80b4269daa95c34.wav,bad,mad,bad,1.0,1,Nasality,initial,f2,clean,c04c16b8755c42f25851e76ce1f21760
data/audio/samples/B2_mcadams/nip_c40c1168ce10478795c0d7372c0a67ed.wav,nip,dip,dip,1.0,0,Nasality,initial,f1,B2_mcadams,864322806295f78dc06255c9db3fbc80
data/audio/samples/B3_sttts/seep_f487bf134fb24b76853aed4b89e9b6cd.wav,seep,seek,seep,1.0,1,Compactness,final,m1,B3_sttts,db32b63bc4feeb0332e999bd59e8d5b3
data/audio/samples/B4_nac/vox_c2e7049060b742f99afd7bd8e6537137.wav,vox,box,vox,1.0,1,Sustention,initial,f1,B4_nac,9cdb06f8ce1f3a96ffbfa3f23aca2dff
data/audio/samples/B5_asr_bn/gin_a867a2786fd9458daf81d0522b33de4f.wav,gin,chin,gin,1.0,1,Voicing,initial,f1,B5_asr_bn,8ba293858bdf444cf49302a897d2a1a7
data/audio/samples/clean/English/test-data/knock_cdda1155bef54063936f5bbd78546aef.wav,knock,dock,knock,1.0,1,Nasality,initial,f2,clean,a17f878132f100158afee5a55d5d111e
data/audio/samples/B2_mcadams/breathe_4e20d8ded902445cb2cced3025255c69.wav,breathe,breeze,breathe,0.999876618385315,1,Sibilation,final,f2,B2_mcadams,5d53af2a6b09a58229e627e0e58a9568
data/audio/samples/B3_sttts/gawp_91c8b59acb8e49998aaef670bc87e9c4.wav,gawp,goff,goff,1.0,0,Sustention,final,f2,B3_sttts,2660d593a436bfbbdf9b56234fa95e9a
data/audio/samples/B4_nac/taunt_3d6f92c23f6042a7890a51434ffcf291.wav,taunt,daunt,taunt,1.0,1,Voicing,initial,m1,B4_nac,ec7ce191af3193c116e1a27555bc980a
data/audio/samples/B5_asr_bn/bank_5466577f012942b4a7a879acb4363113.wav,bank,dank,bank,1.0,1,Graveness,initial,m1,B5_asr_bn,9dfe562448834a3cf3fc1f361471b795
data/audio/samples/TTS_Qwen/bank_Ryan.wav,bank,dank,bank,1.0,1,Graveness,initial,TTS_Ryan,TTS_Qwen,f16fc7cc5e71ac90bedb9d8f777fab30
data/audio/samples/B4_nac/neck_48bec704b21f4b5faa739f26f3c1ca98.wav,neck,deck,neck,1.0,1,Nasality,initial,f2,B4_nac,f24ca197ea361c67f498c70f7e2dec87
data/audio/samples/B5_asr_bn/bean_f782611c4074454bb40657523294be04.wav,bean,peen,bean,1.0,1,Voicing,initial,m2,B5_asr_bn,e6ec56295d5267b3fe755ceb8681ed8e
data/audio/samples/TTS_Qwen/zoo_Ryan.wav,zoo,sue,zoo,1.0,1,Voicing,initial,TTS_Ryan,TTS_Qwen,29c6f6a5e361b31cad72611004996f9c
data/audio/samples/clean/English/test-data/seek_1fbea61f7a6c4c2697a30859f980fe43.wav,seek,seep,seek,0.999996304512024,1,Compactness,final,f2,clean,ba77ef733dc6ab8eec7e8c9418851351
data/audio/samples/B2_mcadams/chair_c909ef9800c2476b90238c09093e9841.wav,chair,care,chair,1.0,1,Sibilation,initial,m2,B2_mcadams,dac0b20367d8d3c37ac4110b5e4f183f
data/audio/samples/B3_sttts/guilt_3e46b98f3c604afd983121aeb6d7c6a7.wav,guilt,jilt,guilt,1.0,1,Sibilation,initial,m1,B3_sttts,e61cc75a30e12b25f1bedcf61ff0beb6
data/audio/samples/B4_nac/flog_8f6fd9bce5c94fd28a8feabdea0d85d9.wav,flog,flawed,flog,1.0,1,Compactness,final,m2,B4_nac,32adbee7d46e493446c76d6ea1d9f2fd
data/audio/samples/B5_asr_bn/breathe_74e074c220c64e779634f72a6ce28874.wav,breathe,breeze,breeze,1.0,0,Sibilation,final,m2,B5_asr_bn,71355b7a48673ca7b2f4ee431c9ed5f2
data/audio/samples/clean/English/test-data/peg_8cdc01c6b98d4d79955d1f3b4a941874.wav,peg,keg,peg,1.0,1,Compactness,initial,m2,clean,cb67a990c0291c7c48a18a941da79ab4
data/audio/samples/B2_mcadams/flog_26d6cdc4faa3429abf594205601750c2.wav,flog,flawed,flawed,0.982013761997223,0,Compactness,final,f2,B2_mcadams,280f099206eca62908e35a3a362ffe25
data/audio/samples/B3_sttts/chair_edcb61c6709842368f50b7d5a0b61139.wav,chair,care,chair,1.0,1,Sibilation,initial,m1,B3_sttts,f0863e4ec4c015561e5eb385e4fb75a9
data/audio/samples/B4_nac/ref_0652e919f32b4cdaa31905e2439dae1f.wav,ref,rev,ref,0.99999988079071,1,Voicing,final,f1,B4_nac,fa9176e1d3c2fe01620c0b069e6f5557
data/audio/samples/B5_asr_bn/web_be519c28f40e43aebf07f377668d16ce.wav,web,wed,web,1.0,1,Graveness,final,f1,B5_asr_bn,4a1d4bd78ada7043d97ae31b7bd7e5de
data/audio/samples/clean/English/test-data/jilt_889f2a44c7084553914a6944ecb7b7b1.wav,jilt,guilt,jilt,1.0,1,Sibilation,initial,f1,clean,2d2dbfe4f308e9c4a703f532f669c8b5
data/audio/samples/B2_mcadams/loon_eba2f21e77f340a18da988d53cd30d1e.wav,loon,loom,loon,0.999999642372131,1,Graveness,final,m1,B2_mcadams,a02cd0644bb0730994750ee4b0202422
data/audio/samples/B3_sttts/bad_f8fd76c3ff254910b80b4269daa95c34.wav,bad,mad,bad,1.0,1,Nasality,initial,f2,B3_sttts,f39e3cf15152d25f229185190787b869
data/audio/samples/B4_nac/show_543b0dcb76cc46269165fd235d05fe0b.wav,show,so,show,1.0,1,Compactness,initial,m1,B4_nac,fc9b9d23d8d2c8aa6a7058a66f71237d
data/audio/samples/B5_asr_bn/pond_fea4eb31b2434d6195a6255650be6898.wav,pond,bond,pond,1.0,1,Voicing,initial,f1,B5_asr_bn,0f85f25134df26322ab210e786f1dbf1
data/audio/samples/clean/English/test-data/rev_052b702abad544e8a1573f4910b76a64.wav,rev,ref,rev,1.0,1,Voicing,final,m1,clean,4e421d0c299865977e3c66bf9d4f06f6
data/audio/samples/B2_mcadams/choose_f99c880df72549ea9e92eee7cc5872f3.wav,choose,shoes,shoes,1.0,0,Sustention,initial,m1,B2_mcadams,504cc3fc1a0a16d1d17931c37fa49641
data/audio/samples/B3_sttts/growth_56d78bf9d9c44385ba223fc2de3b1fd4.wav,growth,gross,growth,0.999796569347382,1,Sibilation,final,f1,B3_sttts,20cb3bfd302f395fad5a9c9e7c43aabf
data/audio/samples/B4_nac/duke_80c908b908a540cfbecd0f8ca5f8386e.wav,duke,dupe,duke,1.0,1,Compactness,final,m2,B4_nac,96cbb2386dedef293b009b4fa6e99f77
data/audio/samples/B5_asr_bn/seed_51ca302f05e74d639fea0e224197b98e.wav,seed,seethe,seed,0.999989867210388,1,Sustention,final,m2,B5_asr_bn,b5aa69870b99065e36eb574749588d3a
data/audio/samples/TTS_Qwen/brogue_Ryan.wav,brogue,broke,brogue,1.0,1,Voicing,final,TTS_Ryan,TTS_Qwen,53e937c741b144fb14a8e4d5f8744c0c
data/audio/samples/clean/English/test-data/cop_38bffd08c8524f52b08afeacd7fdcbcb.wav,cop,chop,chop,0.970687747001648,0,Sibilation,initial,m1,clean,9deebff91b48a561048bf046ddb3fbb6
data/audio/samples/B2_mcadams/gauze_fc6f1f13c26b46329b8cb60ad2566940.wav,gauze,jaws,gauze,1.0,1,Sibilation,initial,f1,B2_mcadams,b66220cd21de16e7483f9ecf87af960a
data/audio/samples/B3_sttts/wed_877c81420eeb4deb952c1f6bda7a5186.wav,wed,web,wed,1.0,1,Graveness,final,f2,B3_sttts,53675e2dbef6b92e966ddc3d3899ae2c
data/audio/samples/B4_nac/mad_33892441e87f46238933009af1b2b89b.wav,mad,bad,mad,1.0,1,Nasality,initial,f2,B4_nac,b7680cd07468ba52f32c3e47a298c148
data/audio/samples/B5_asr_bn/gaff_5ef2d47e55b84b33b33e0bd3c180ddc7.wav,gaff,calf,gaff,1.0,1,Voicing,initial,f1,B5_asr_bn,6bafd7e412402f658e3485237dcea3da
data/audio/samples/TTS_Qwen/goff_Ryan.wav,goff,gawp,goff,1.0,1,Sustention,final,TTS_Ryan,TTS_Qwen,643c7aa458bee2dc290188ea398eba52
data/audio/samples/clean/English/test-data/boot_ccac4aa065024da8a32ec569ac5cfbba.wav,boot,moot,boot,1.0,1,Nasality,initial,f1,clean,7ed1b166b63f129e100a605e5b2cd122
data/audio/samples/B2_mcadams/met_bcdd636243124a49b408ed7d7e3deadf.wav,met,net,met,0.999999761581421,1,Graveness,initial,m2,B2_mcadams,0262d231fd799e02f01b066f7118a389
data/audio/samples/B3_sttts/teak_b114a6d0185e4dafba0eac190cead014.wav,teak,peak,teak,1.0,1,Graveness,initial,m2,B3_sttts,ea767e9639357ba81e193ced7128dc3c
data/audio/samples/B4_nac/fin_f57e905a6739482c9e092e1f32f81cec.wav,fin,thin,fin,0.99999988079071,1,Graveness,initial,f1,B4_nac,83b8570f44c37f2b65999e27b22e6aa9
data/audio/samples/B5_asr_bn/notch_13fff3b575cb4ecb8c5b862709ae6c27.wav,notch,knock,knock,1.0,0,Sibilation,final,m2,B5_asr_bn,0e180eac45ed97f507da4a258ca770be
data/audio/samples/clean/English/test-data/myth_7ddab5a0627345c6907c53369d9ddbb2.wav,myth,miss,myth,1.0,1,Sibilation,final,m2,clean,db499798d704058fdd45e7b25e7fcb33
data/audio/samples/B2_mcadams/dock_5b95873528c34f5eba7b48278dae7e40.wav,dock,knock,dock,1.0,1,Nasality,initial,m2,B2_mcadams,a97fa73049dbef1adda511216540e5a4
data/audio/samples/B3_sttts/fore_b9654f39133e410babaa286bcd3aee05.wav,fore,thor,fore,0.997527420520782,1,Graveness,initial,m2,B3_sttts,92ad38846a6deed614d2dea30763410f
data/audio/samples/B4_nac/you_bda1a81a82334d2db0c27551d216f815.wav,you,rue,you,1.0,1,Compactness,initial,f1,B4_nac,ec609bbf9f75a8462a6d1d1b464952d0
data/audio/samples/B5_asr_bn/got_eea5384f918540939b71d5d5cbb5baca.wav,got,dot,got,0.999999761581421,1,Compactness,initial,m1,B5_asr_bn,fa2ef50a0ba3acce90e15e740516d53f
data/audio/samples/clean/English/test-data/nip_b1287f3bf55a4efc98922f5bc07735f6.wav,nip,dip,nip,1.0,1,Nasality,initial,m2,clean,d6e93df691fdb9ef7828fdf6b0a1e0ff
data/audio/samples/B2_mcadams/you_5d65575d297a456a86f8ffd4e760889d.wav,you,rue,you,1.0,1,Compactness,initial,m1,B2_mcadams,62d7292b147aa4a5cd1afbcdd4c66210
data/audio/samples/B3_sttts/ridge_e3b83da0ae1d47b393f8868692091cd4.wav,ridge,rich,ridge,1.0,1,Voicing,final,m2,B3_sttts,54275709871576d2d2ef96b940447823
data/audio/samples/B4_nac/clash_25a1be8940514b49b9027a1b2d21cd1d.wav,clash,class,clash,1.0,1,Compactness,final,m2,B4_nac,b864ec956a5b399484f67e70725e0257
data/audio/samples/B5_asr_bn/fence_c59ca901ae304b82a21c5452fa51b994.wav,fence,pence,fence,1.0,1,Sustention,initial,m2,B5_asr_bn,0dd3fdac53283000d368e41ce7dba732
data/audio/samples/clean/English/test-data/sheave_7f50268e1b5046c5b7531d27325fcef7.wav,sheave,sheaf,sheave,1.0,1,Voicing,final,f2,clean,dab5641ad3fff9d00df0216c360f487f
data/audio/samples/B2_mcadams/than_c417129666584a8592a71b318ae38150.wav,than,dan,dan,0.952574133872986,0,Sustention,initial,f1,B2_mcadams,e713f69b8dc7ce01518050bb24d70c98
data/audio/samples/B3_sttts/joe_dc295996e50447e6aa3ef36dfaf8eabd.wav,joe,go,joe,1.0,1,Sibilation,initial,f2,B3_sttts,b1d5b515393ca561ed94fafb1287d5db
data/audio/samples/B4_nac/sank_b5c8cd0632d349ea9497acf417ac16a9.wav,sank,thank,sank,1.0,1,Sibilation,initial,m2,B4_nac,f831db36bc87d1d48baf728545777cb2
data/audio/samples/B5_asr_bn/screen_906805d52aee4c0bb268360a3a0ba02d.wav,screen,screed,screen,1.0,1,Nasality,final,f2,B5_asr_bn,fedbe281424e164d28d20a9b5c5870c4
data/audio/samples/TTS_Qwen/hot_Ryan.wav,hot,hop,hot,1.0,1,Graveness,final,TTS_Ryan,TTS_Qwen,5f12dd12e4e9a9164c9da46ca665b2eb
data/audio/samples/clean/English/test-data/jaws_8087c8562a8d4ff8b0cd6d860896c551.wav,jaws,gauze,jaws,1.0,1,Sibilation,initial,m2,clean,de849be301f590e903897b151ed295d0
data/audio/samples/B2_mcadams/coo_4a72f7cf3542496b94e773b6aa17fc98.wav,coo,chew,coo,1.0,1,Sibilation,initial,m1,B2_mcadams,c8c631a8a0d9c0715485a63259219fcd
data/audio/samples/B3_sttts/pond_4b8e542f9e374781a79ac52f7a990a25.wav,pond,bond,pond,1.0,1,Voicing,initial,f2,B3_sttts,592b96f3c72d32a89d93732a19b94188
data/audio/samples/B4_nac/chop_83876092acc64d51aa41b11e53858304.wav,chop,cop,chop,1.0,1,Sibilation,initial,m1,B4_nac,4442e61ff3bb1843cb04ebd10a451030
data/audio/samples/B5_asr_bn/edge_c07e06cdb9af4e538bdb1ea1960771bf.wav,edge,egg,edge,1.0,1,Sibilation,final,m2,B5_asr_bn,a3c72f0866ab3d63cdec1dccb76c2514
data/audio/samples/clean/English/test-data/brawn_03b395509002401da843b9af5c197aff.wav,brawn,broad,brawn,1.0,1,Nasality,final,m2,clean,2c735bd0548b35079f07ae3e14ca7300
data/audio/samples/B2_mcadams/neck_48bec704b21f4b5faa739f26f3c1ca98.wav,neck,deck,neck,0.904650509357452,1,Nasality,initial,f2,B2_mcadams,a0a15135ed2a5b59a2c03f9137c0d4dc
data/audio/samples/B3_sttts/dock_ca0f191f215d4961b09480ceeb13dd5e.wav,dock,knock,knock,1.0,0,Nasality,initial,f2,B3_sttts,55d33a854a75725c454ee305a7ba985d
data/audio/samples/B4_nac/brawn_9d6a20d14f35495680dd403518774197.wav,brawn,broad,brawn,1.0,1,Nasality,final,m1,B4_nac,730129b30c133578b77cdc50261654d2
data/audio/samples/B5_asr_bn/fad_26b81608c13547feb99052bc7cd30260.wav,fad,fan,fad,0.999999761581421,1,Nasality,final,f2,B5_asr_bn,a5a604fed4e42f1b1da29561fb8b9c15
data/audio/samples/clean/English/test-data/loss_eb1e42ffd1c946b7bdcbc032c63cfe26.wav,loss,laws,loss,1.0,1,Voicing,final,m1,clean,95beaa11df9ddee49286320f608187f9
data/audio/samples/B2_mcadams/hot_42f41921b1984719aad9a3c7d811ca60.wav,hot,hop,hot,1.0,1,Graveness,final,m2,B2_mcadams,c758207aa9972c18075caef3b78bc82b
data/audio/samples/B3_sttts/show_543b0dcb76cc46269165fd235d05fe0b.wav,show,so,show,1.0,1,Compactness,initial,m1,B3_sttts,6db484694a28b80bb7dc23fed848f785
data/audio/samples/B4_nac/dong_7e06b37d7963439b866931ae60571b94.wav,dong,bong,dong,1.0,1,Graveness,initial,m2,B4_nac,4b4f7fdf7b1c266e0b118eba9d143a98
data/audio/samples/B5_asr_bn/wield_0b99fbcc0871465487b6c624b5d85161.wav,wield,yield,wield,1.0,1,Compactness,initial,f1,B5_asr_bn,8937c38e31b8e3778625ad697ee4a924
data/audio/samples/clean/English/test-data/breathe_74e074c220c64e779634f72a6ce28874.wav,breathe,breeze,breathe,1.0,1,Sibilation,final,m2,clean,3c64cf3d00691af386fbcfd1c6da13de
data/audio/samples/B2_mcadams/notch_cadddfe62d7d4069869726d13a60a489.wav,notch,knock,notch,1.0,1,Sibilation,final,m1,B2_mcadams,db8cdff14a9049c523d1d39c8d9e8b8b
data/audio/samples/B3_sttts/egg_2cd4d1c35b254bcba85a81cc75e4f988.wav,egg,edge,egg,1.0,1,Sibilation,final,f1,B3_sttts,bbe20bdac23f62efa1258ac08532855e
data/audio/samples/B4_nac/care_071e587712534d7b9af0d5c72db14d95.wav,care,chair,care,1.0,1,Sibilation,initial,f2,B4_nac,6270c344772d94edaff98dd9c51fdccf
data/audio/samples/B5_asr_bn/brawn_3e8c8859153545e59d7ecbed60ee4984.wav,brawn,broad,brawn,0.999089002609253,1,Nasality,final,f2,B5_asr_bn,0faeb74be8ac6785f0a29bad4c601324
data/audio/samples/TTS_Qwen/wroth_Ryan.wav,wroth,ross,wroth,1.0,1,Sibilation,final,TTS_Ryan,TTS_Qwen,e2d6df5050a1b6b32bca474b8a757347
data/audio/samples/B4_nac/loathe_52d830f8981d4e7dbe9f2aaaec801b86.wav,loathe,load,loathe,1.0,1,Sustention,final,f1,B4_nac,f1bfa7f036208b2cd0e5c2ed1bbbd2a8
data/audio/samples/B5_asr_bn/moot_91e3a0c4d099458bbd685f78ad1cb019.wav,moot,boot,moot,1.0,1,Nasality,initial,f2,B5_asr_bn,58182c6ce3921efd2d0a4daa37a697c7
data/audio/samples/clean/English/test-data/zee_e25426511b4b4da6a2bccb1ebfc3e5f0.wav,zee,thee,zee,1.0,1,Sibilation,initial,m2,clean,f963b359c2e5726d0f5f7a97f09dfdd7
data/audio/samples/B2_mcadams/loop_7c72ef2d26de4debb727207e3e074057.wav,loop,lube,lube,1.0,0,Voicing,final,f2,B2_mcadams,5a2448eebd01b3873d4b09e6323c32a9
data/audio/samples/B3_sttts/dong_7e06b37d7963439b866931ae60571b94.wav,dong,bong,dong,1.0,1,Graveness,initial,m2,B3_sttts,6de307c1ec8838d25507d00ee291fe05
data/audio/samples/B4_nac/rap_ef20f4900cc44ba3ae7223af57c8b44b.wav,rap,rat,rap,1.0,1,Graveness,final,f2,B4_nac,37a55ff9aa1080e31fc4f6a401bef81a
data/audio/samples/B5_asr_bn/bean_8e60819a5f184bb28d077363a3f3d6d7.wav,bean,peen,bean,1.0,1,Voicing,initial,f2,B5_asr_bn,4c2f6988cf086682814bb77972b2bf21
data/audio/samples/clean/English/test-data/thick_65777ebc253b4fd784f2ed5fdce9f8ce.wav,thick,tick,thick,1.0,1,Sustention,initial,f2,clean,b8e8471ca991500a3de2cf35451a0354
data/audio/samples/B2_mcadams/rap_6408127f141244abbf79d33dc212719b.wav,rap,rat,rap,1.0,1,Graveness,final,m1,B2_mcadams,b3d11e234c5daf1f12a72e4ca586281d
data/audio/samples/B3_sttts/hot_42f41921b1984719aad9a3c7d811ca60.wav,hot,hop,hot,1.0,1,Graveness,final,m2,B3_sttts,df577c1f9c07b9717bb4267e6acff479
data/audio/samples/B4_nac/bean_e8526cf4519e4e1184c6bceb644ed2b9.wav,bean,peen,peen,0.999903917312622,0,Voicing,initial,f1,B4_nac,d330858fc22f6703e78b95b301d03773
data/audio/samples/B5_asr_bn/oat_7ed759ee40f245c99db3d14aef5cf71d.wav,oat,oak,oak,1.0,0,Compactness,final,m2,B5_asr_bn,7d7b06880e7f1e44a38f9a55a3193c79
data/audio/samples/clean/English/test-data/calf_14796928aeed4df78cc07fa56ebf136c.wav,calf,cap,calf,1.0,1,Sustention,final,m2,clean,78f2d1c2bef04020d5aa426713fc3a1d
data/audio/samples/B2_mcadams/sue_12f04b3fd3da4484a52b23c8066acac3.wav,sue,zoo,sue,1.0,1,Voicing,initial,m2,B2_mcadams,9ee497dd89bba74636f56941bcc23105
data/audio/samples/B3_sttts/rue_06cd138a54334d3788a8c735085f8099.wav,rue,you,rue,0.999996304512024,1,Compactness,initial,m1,B3_sttts,b10e660ad67b7669261bace3fdae91f3
data/audio/samples/B4_nac/loss_71cd1cd8483940f0a5eec389d90e0356.wav,loss,laws,loss,1.0,1,Voicing,final,m2,B4_nac,91d707242d1382a082f1763c3063b4bc
data/audio/samples/B5_asr_bn/foal_6ea3f62546d649e0aaacacf7ca0a3056.wav,foal,vole,vole,0.982013761997223,0,Voicing,initial,f2,B5_asr_bn,53466580721547b6a850cc66839c9d21
data/audio/samples/TTS_Qwen/oak_Ryan.wav,oak,oat,oak,1.0,1,Compactness,final,TTS_Ryan,TTS_Qwen,bcbf162fb3c56a08b90804350f5a710a
data/audio/samples/clean/English/test-data/gauze_2d03955042484ac0835fb289fc22bf93.wav,gauze,jaws,gauze,1.0,1,Sibilation,initial,f2,clean,2c24b8beaf5b4d6f2cad1aa7de50e9c2
data/audio/samples/B2_mcadams/fence_c59ca901ae304b82a21c5452fa51b994.wav,fence,pence,fence,1.0,1,Sustention,initial,m2,B2_mcadams,2cf2cbfb29074ca7d2d56a6e4e33b864
data/audio/samples/B3_sttts/peen_1835bff2493647f58a1c9934085f869c.wav,peen,bean,peen,1.0,1,Voicing,initial,f2,B3_sttts,859485a951f80e3815ed1cad25afe996
data/audio/samples/B4_nac/dank_5119a02cc9544f30955423dc7035a8ae.wav,dank,bank,dank,1.0,1,Graveness,initial,f1,B4_nac,177363a6083657f82d53bb806b12174a
data/audio/samples/B5_asr_bn/sheaf_ca56f14b6e2d44688627198f89aae099.wav,sheaf,sheave,sheave,0.99999988079071,0,Voicing,final,f1,B5_asr_bn,e5a176851cc6453f606afa57467240e7
data/audio/samples/clean/English/test-data/rap_5a75865a26bc4ba3b3ad9bc2ddbdd9ec.wav,rap,rat,rap,1.0,1,Graveness,final,m2,clean,ec33a5554133d94506a972cf030dc240
data/audio/samples/clean/English/test-data/met_af2cd281c39341059e07d3d0466a182d.wav,met,net,met,1.0,1,Graveness,initial,f1,clean,7199a3dc110394e92b6f5a4c8d3b651b
data/audio/samples/B2_mcadams/wad_71f3a284ada04df1bc9b58bd09a41f45.wav,wad,rod,wad,1.0,1,Graveness,initial,f1,B2_mcadams,705ca01fc8c7ef726fd7bb14cb34598f
data/audio/samples/B3_sttts/rev_9eefee1e984d449fa3ec2b542a67963a.wav,rev,ref,rev,0.999290347099304,1,Voicing,final,m2,B3_sttts,9f67b52675c99162fefe628dfe528a69
data/audio/samples/B4_nac/taunt_28d351ab8dfb4baeb17e07c18cc13fb0.wav,taunt,daunt,taunt,1.0,1,Voicing,initial,m2,B4_nac,d399b4e6e4427d0b6bec5493702de6f1
data/audio/samples/B5_asr_bn/bib_2e3ec2548eaa4c4e919bfb40b91348f7.wav,bib,big,big,1.0,0,Compactness,final,f1,B5_asr_bn,f1b24531ddd6bb986db752e2876dd5e0
data/audio/samples/TTS_Qwen/miss_Ryan.wav,miss,myth,miss,1.0,1,Sibilation,final,TTS_Ryan,TTS_Qwen,06e79fe43bb330781aa22a02984223b1
data/audio/samples/clean/English/test-data/shoes_b6603fd287c5476d8584847eaa0b7bbf.wav,shoes,choose,shoes,1.0,1,Sustention,initial,f1,clean,036c6f351385153a3650f488b6c7b934
data/audio/samples/B2_mcadams/rich_38b66b7b00c64b52920ed5b59c077a39.wav,rich,ridge,rich,1.0,1,Voicing,final,f1,B2_mcadams,6bfd3aacab6cd42c927f1b0a53074e03
data/audio/samples/B3_sttts/note_a55d801980114296a52fc03ac0bcf087.wav,note,dote,note,1.0,1,Nasality,initial,f2,B3_sttts,c884cd9266993c0ed6cdb4a03b32c373
data/audio/samples/B4_nac/hot_7a634270242a4d7e815e24de3f1e9220.wav,hot,hop,hot,1.0,1,Graveness,final,f1,B4_nac,39f9293f999c6a36e505e8c8fb1c0e07
data/audio/samples/B5_asr_bn/coo_89c2df3cf9bb44db918026956a783104.wav,coo,chew,coo,1.0,1,Sibilation,initial,f1,B5_asr_bn,db9cea8b0d918361b954279dbdea4a7b
data/audio/samples/clean/English/test-data/sheet_98a4454953904ab8a42fafbc1f9dd728.wav,sheet,cheat,sheet,1.0,1,Sustention,initial,m2,clean,c0f74e24067218a8476cf469a065f872
data/audio/samples/B2_mcadams/go_b12d1b28017647e58b1627ff3f0ae344.wav,go,joe,go,1.0,1,Sibilation,initial,f2,B2_mcadams,8b70925a9e9b8fbcdbd0c6225e1f0879
data/audio/samples/B3_sttts/mode_13d4a4873bc241d38235333f2a570a0c.wav,mode,moan,mode,1.0,1,Nasality,final,f1,B3_sttts,14d9dacbf8ad5598defde7af57d2400b
data/audio/samples/B4_nac/hodge_78b3fbb934734210aa6e74c9706d1944.wav,hodge,hotch,hodge,1.0,1,Voicing,final,f1,B4_nac,273283cde5b22d41ac8dcf304bae0d68
data/audio/samples/B5_asr_bn/vox_c5023bd572734a159a520019bae00b75.wav,vox,box,vox,0.999999642372131,1,Sustention,initial,m2,B5_asr_bn,7a921bb019e89ed5f0114d97526a6bcf
data/audio/samples/clean/English/test-data/rib_eeb062bf1fed4bc9bb8c6c5c1a2adae9.wav,rib,rim,rib,1.0,1,Nasality,final,m2,clean,e1dc3f177adf18cf21f2d80472830c21
data/audio/samples/B2_mcadams/gawp_eb2e61c3f836445bbf7efca1de932ccf.wav,gawp,goff,gawp,1.0,1,Sustention,final,m2,B2_mcadams,0ecabb2820a1ae04ceed10f344c0a8c7
data/audio/samples/B3_sttts/oak_2470b53a71a24b04a5fa62419a00f4cf.wav,oak,oat,oak,1.0,1,Compactness,final,m2,B3_sttts,7332aa8bbd4f02004a9e31e6332608aa
data/audio/samples/B4_nac/rev_052b702abad544e8a1573f4910b76a64.wav,rev,ref,ref,0.999876618385315,0,Voicing,final,m1,B4_nac,bdbaed6dec8557ed0aa22e8f04057d9b
data/audio/samples/B5_asr_bn/ref_0652e919f32b4cdaa31905e2439dae1f.wav,ref,rev,ref,0.999664664268494,1,Voicing,final,f1,B5_asr_bn,e9611c7332833128aab85f5559a168be
data/audio/samples/clean/English/test-data/mode_13d4a4873bc241d38235333f2a570a0c.wav,mode,moan,mode,1.0,1,Nasality,final,f1,clean,62c2b2dca59bf5dfc71bf87f15e2ffad
data/audio/samples/B2_mcadams/shoes_f253a2516943472e896eeb3ff9784453.wav,shoes,choose,shoes,1.0,1,Sustention,initial,f2,B2_mcadams,f5023e1b9ee84126dd1dc4d35388568d
data/audio/samples/B3_sttts/tong_08af086967aa4fe489b0b440d015ea1d.wav,tong,thong,thong,0.880797028541565,0,Sustention,initial,f1,B3_sttts,da998e45ec4a51837c96be71a8f428c4
data/audio/samples/B4_nac/cap_ff90208673704c5cb3b3f32d44b9795d.wav,cap,calf,cap,1.0,1,Sustention,final,m1,B4_nac,ad77e46d5692b2b125740441627f1546
data/audio/samples/B5_asr_bn/slav_d7be0414b9504ccb9b207903a58dcaed.wav,slav,slob,slav,0.999664664268494,1,Sustention,final,f1,B5_asr_bn,7a16bc4c0f65d2ef2cf32e56668a0f51
data/audio/samples/clean/English/test-data/screed_37369a9cb8aa4fe2b043d86bcf2e5986.wav,screed,screen,screed,1.0,1,Nasality,final,m2,clean,13509425832c889dc0825e320e81bd8e
data/audio/samples/B2_mcadams/boss_f70f1ada6946470f8324ac489f1cfabb.wav,boss,moss,boss,1.0,1,Nasality,initial,f1,B2_mcadams,e5aa0bae4fb58be8d28e7677d353e43b
data/audio/samples/B3_sttts/gawp_eb2e61c3f836445bbf7efca1de932ccf.wav,gawp,goff,gawp,0.999972462654114,1,Sustention,final,m2,B3_sttts,cf276fd0410850affee91f2b35315453
data/audio/samples/B4_nac/big_f74fa7550c8a49298ce63eca16461e4f.wav,big,bib,big,1.0,1,Compactness,final,f1,B4_nac,831015d1de26886f70feded074263183
data/audio/samples/B5_asr_bn/trough_caad015c15b945cb920f2c48e66c9500.wav,trough,troth,troth,0.997527420520782,0,Graveness,final,f1,B5_asr_bn,c79e519b75517b9fa0442da9c738dae3
data/audio/samples/clean/English/test-data/slob_6ed845bdc2524972a196cf0ae04806bc.wav,slob,slav,slob,0.731058537960052,1,Sustention,final,m2,clean,784c34f2afba2a721d6a48eea378c0a5
data/audio/samples/B2_mcadams/hotch_327ff5412f564d3e82107fc8f10ffa8a.wav,hotch,hodge,hotch,1.0,1,Voicing,final,m2,B2_mcadams,66f150d55760fbedcb5e3f1b27f5bc8b
data/audio/samples/B3_sttts/lib_6922aa6b229c4f1bac7dd62bcfd755d9.wav,lib,live,live,1.0,0,Sustention,final,m1,B3_sttts,6f0bdb772d7704fb9df877557f317398
data/audio/samples/B4_nac/loss_d95636e41552476994eee08891dcb60f.wav,loss,laws,loss,1.0,1,Voicing,final,f2,B4_nac,a5ac9631c6baf81aaea9c32f4c0ebf09
data/audio/samples/B5_asr_bn/chew_b47145c9d6b748e18b720f1840a197b0.wav,chew,coo,chew,1.0,1,Sibilation,initial,m2,B5_asr_bn,2641d21c28d283888c60ca59b945c2e4
data/audio/samples/clean/English/test-data/knock_cdda1155bef54063936f5bbd78546aef.wav,knock,dock,knock,1.0,1,Nasality,initial,f1,clean,a17f878132f100158afee5a55d5d111e
data/audio/samples/B2_mcadams/wreath_f3e610a9312943279193ced0ef0fb7c6.wav,wreath,reef,reef,0.880797028541565,0,Graveness,final,m2,B2_mcadams,1882efa520b6b825c2cd960f37ded176
data/audio/samples/B3_sttts/strode_90df4077a993463d9e1846b9669a259f.wav,strode,strobe,strode,0.999993801116943,1,Graveness,final,m2,B3_sttts,2b87cc6ab189685140b2d052e3aabfd4
data/audio/samples/B4_nac/seethe_ad7a400b8f9c4e4bbc92b4cfdd964697.wav,seethe,seed,seethe,1.0,1,Sustention,final,f2,B4_nac,e279a6c58c0f0b049ec30e06722ae6f6
data/audio/samples/B5_asr_bn/gem_cf26c333815347798224b6191e9c5067.wav,gem,jeb,jeb,1.0,0,Nasality,final,f2,B5_asr_bn,c2ee749d82cb3bb53c044379b234a2c1
data/audio/samples/TTS_Qwen/loom_Ryan.wav,loom,loon,loom,1.0,1,Graveness,final,TTS_Ryan,TTS_Qwen,699136e55f7320fcbaaa36ca809ac745
data/audio/samples/clean/English/test-data/thin_0cf4b27f76e54b6c9e54afe4888c3811.wav,thin,fin,thin,1.0,1,Graveness,initial,m1,clean,20af08c830db2d6427c2ca79b49e39d0
data/audio/samples/B2_mcadams/bomb_273d2f833c2b44aead98e0852da2dd72.wav,bomb,bob,bomb,0.999876618385315,1,Nasality,final,f2,B2_mcadams,605b67426ec3a6a5a0097420147e5076
data/audio/samples/B3_sttts/box_1c2814861af04b7cbfa46e15fe15eebf.wav,box,vox,box,1.0,1,Sustention,initial,m2,B3_sttts,20d236778c195b63bb27259fe4df0120
data/audio/samples/B4_nac/dense_f1d739a72b364bbcbd826540b8de321f.wav,dense,tense,tense,1.0,0,Voicing,initial,m1,B4_nac,6a728f0f62c4ab10e92c482f8a61e42d
data/audio/samples/B5_asr_bn/loon_5c2a7fbeb077445192b11a10b6abee4b.wav,loon,loom,loon,1.0,1,Graveness,final,f2,B5_asr_bn,f26a9461504bcbf0e14bd9125cfa3a5f
data/audio/samples/clean/English/test-data/ross_d85ffc3d29374002a7d20fd8c99f2ef8.wav,ross,wroth,ross,1.0,1,Sibilation,final,m2,clean,2e919b828cfe8352fe464745d50a4685
data/audio/samples/B4_nac/big_638598dcbca24a2d872610ea02a992c3.wav,big,bib,big,1.0,1,Compactness,final,m2,B4_nac,78486c3a251496fcef4b4bf3207f2c4f
data/audio/samples/B5_asr_bn/big_638598dcbca24a2d872610ea02a992c3.wav,big,bib,big,1.0,1,Compactness,final,m2,B5_asr_bn,c4fc6cf6b06a504d0b7a0a21a08734e7
data/audio/samples/clean/English/test-data/bean_8e60819a5f184bb28d077363a3f3d6d7.wav,bean,peen,bean,1.0,1,Voicing,initial,f2,clean,c1d239c89cfa0b48dfc37964933f0449
data/audio/samples/B2_mcadams/seep_462de9fa82264c2cbc42de6618448981.wav,seep,seek,seep,0.999997735023499,1,Compactness,final,f2,B2_mcadams,148d660179a0e5fc0c44b134f07c980b
data/audio/samples/B3_sttts/nude_ba4484ecabc5408485d6559852f0a6d4.wav,nude,noon,nude,1.0,1,Nasality,final,m2,B3_sttts,e6f00ea3e8dddefd29095604d1e3deab
data/audio/samples/B4_nac/dank_9b6188a26d3d4935af80176a7620559f.wav,dank,bank,dank,0.999999642372131,1,Graveness,initial,m1,B4_nac,fb183ef5c5336573a0bf7bfcac9ddd61
data/audio/samples/B5_asr_bn/myth_7ddab5a0627345c6907c53369d9ddbb2.wav,myth,miss,myth,0.999925136566162,1,Sibilation,final,m2,B5_asr_bn,0b0ba515e75e0d969312039b5deee201
data/audio/samples/clean/English/test-data/taunt_3d6f92c23f6042a7890a51434ffcf291.wav,taunt,daunt,taunt,1.0,1,Voicing,initial,m1,clean,f93f18dd81eaa471ca5895b2863df12f
data/audio/samples/B2_mcadams/chair_0d4ca068af7847ea921b804e732e7c06.wav,chair,care,chair,1.0,1,Sibilation,initial,f1,B2_mcadams,faa627446fe84ffc6e9c72f00d8f1c75
data/audio/samples/B3_sttts/flesh_ce032e5ecf76427b854fa1c396de1f0e.wav,flesh,fletch,flesh,1.0,1,Sustention,final,f2,B3_sttts,443d96d26f4d3bd701667ee4fea0b936
data/audio/samples/B4_nac/loom_d50e7fff287d44569fecbc2f47e796aa.wav,loom,loon,loom,1.0,1,Graveness,final,f1,B4_nac,56f6d4cb14234f5eb5ac8868c9622d75
data/audio/samples/B5_asr_bn/rib_ea0a31cd6b1848ec91d114fc4fc4c2d2.wav,rib,rim,rib,1.0,1,Nasality,final,f2,B5_asr_bn,c56b27a5ed042c3714b199c90f1244d6
data/audio/samples/clean/English/test-data/growth_507e4546a0b54125af0b05e95a107f6f.wav,growth,gross,growth,1.0,1,Sibilation,final,f2,clean,31563a19db37b874943c6056bf7312fb
data/audio/samples/B2_mcadams/dense_f1d739a72b364bbcbd826540b8de321f.wav,dense,tense,tense,0.999999165534973,0,Voicing,initial,m1,B2_mcadams,f17549bb0e763b6fd62dfe059a174a46
data/audio/samples/B3_sttts/coo_12aa201c92ae44b285855d6d12a76c18.wav,coo,chew,coo,1.0,1,Sibilation,initial,f2,B3_sttts,ee5b1e3ca540cb253d3b35f447aad577
data/audio/samples/B4_nac/fence_5736960ba5bb46619d234951bb4728a4.wav,fence,pence,pence,0.622459352016449,0,Sustention,initial,f1,B4_nac,4c0e8428ec04642ca0b3284bcd97db40
data/audio/samples/B5_asr_bn/dote_b8b56dce9ca14640b58a3a17e16ef5cd.wav,dote,note,dote,1.0,1,Nasality,initial,m1,B5_asr_bn,c924635dc9be526ba0eb31601c30363f
data/audio/samples/TTS_Qwen/hotch_Ryan.wav,hotch,hodge,hotch,0.993307173252106,1,Voicing,final,TTS_Ryan,TTS_Qwen,c82cbf453ddd50b9a2a981dbf3ea1396
data/audio/samples/clean/English/test-data/flog_ae71a3fbd9604c6dbc6e077a2d01ec80.wav,flog,flawed,flog,1.0,1,Compactness,final,m1,clean,1dfa2c337dac07acfdf05f02927602a2
data/audio/samples/B2_mcadams/than_7bf640553364485bb0342abfa26d8778.wav,than,dan,than,1.0,1,Sustention,initial,m1,B2_mcadams,df9d81dffcfc39a765b43ec0830da17a
data/audio/samples/B3_sttts/flog_26d6cdc4faa3429abf594205601750c2.wav,flog,flawed,flog,0.999876618385315,1,Compactness,final,f2,B3_sttts,7535bf8827764ea2a428657c5f42d836
data/audio/samples/B4_nac/broad_3b811d49d6b24faba991a1cc8893cc44.wav,broad,brawn,broad,1.0,1,Nasality,final,m2,B4_nac,2e008f45cf08b9e0dcc0a658785bcd25
data/audio/samples/B5_asr_bn/hodge_11f2a40377a04c5b917ccde4006cbe9f.wav,hodge,hotch,hodge,1.0,1,Voicing,final,m2,B5_asr_bn,0954775fa144297d2fa8fd7c7680de17
data/audio/samples/clean/English/test-data/bong_cdaa8130f3e5430bbe6baefc310062ed.wav,bong,dong,bong,1.0,1,Graveness,initial,f1,clean,994577c6eb22e87641360f04afd3e920
data/audio/samples/B4_nac/bat_4817bfe04e9b4e4a940e502369a5d9a2.wav,bat,gat,bat,1.0,1,Compactness,initial,m2,B4_nac,7ae765aab0c0df2f705bc29c321c99a9
data/audio/samples/B5_asr_bn/net_9d3b5c664aef4065bb15678057f1e0bb.wav,net,met,net,1.0,1,Graveness,initial,m2,B5_asr_bn,adf5134b8405927056682e31ab26b488
data/audio/samples/clean/English/test-data/though_49b6dcadda6948e988158c9acfd474d2.wav,though,dough,dough,1.0,0,Sustention,initial,f2,clean,b418ec7537fbd7782d88673ce3c01a25
data/audio/samples/B2_mcadams/pond_fea4eb31b2434d6195a6255650be6898.wav,pond,bond,pond,1.0,1,Voicing,initial,f1,B2_mcadams,9915e01ac0516a756da573dc016bee9b
data/audio/samples/B3_sttts/joe_9bc10db95dc949fa9ed2834937395d18.wav,joe,go,joe,1.0,1,Sibilation,initial,m2,B3_sttts,a15d8461eb57f2a779f1db37aa44377d
data/audio/samples/B4_nac/bat_85b91317e7dd42829168d3c7958a5078.wav,bat,gat,bat,1.0,1,Compactness,initial,f2,B4_nac,f84fbe7afe9b2c615a466cdc7b6d3b3e
data/audio/samples/B5_asr_bn/seed_73f02ce3786741d08a5bc4e439078ca1.wav,seed,seethe,seed,0.999993801116943,1,Sustention,final,f1,B5_asr_bn,561ea03ee6c56ed472dc63332a3081b6
data/audio/samples/clean/English/test-data/boss_f70f1ada6946470f8324ac489f1cfabb.wav,boss,moss,boss,1.0,1,Nasality,initial,f1,clean,f6f15a2729717dedc6b962a6a1094f86
data/audio/samples/B2_mcadams/flog_ae71a3fbd9604c6dbc6e077a2d01ec80.wav,flog,flawed,flawed,1.0,0,Compactness,final,m1,B2_mcadams,fe2a11414a1c6b62a6d38433d39748a0
data/audio/samples/B3_sttts/nip_2499cfbcae6e4ce99b8003d731510a44.wav,nip,dip,dip,1.0,0,Nasality,initial,m1,B3_sttts,a67cb9738962a5abbced2b2778fa290b
data/audio/samples/B4_nac/sue_c4930207480f49908f93b9862aaf48a6.wav,sue,zoo,sue,1.0,1,Voicing,initial,m1,B4_nac,a5053bf8d72cde5012d5d632328dc9d7
data/audio/samples/B5_asr_bn/caught_783b47a233c546b994fd1731f80b47f1.wav,caught,taught,caught,1.0,1,Compactness,initial,m1,B5_asr_bn,b8503e818f90b3e09ee691035d84d9da
data/audio/samples/clean/English/test-data/gaff_68b4d05846004c3f98c3707e4539a5de.wav,gaff,calf,gaff,1.0,1,Voicing,initial,f2,clean,8ebb4f5d9a6800fb243b7625b75109d8
data/audio/samples/B2_mcadams/jaws_8087c8562a8d4ff8b0cd6d860896c551.wav,jaws,gauze,jaws,1.0,1,Sibilation,initial,m2,B2_mcadams,eea54f19b4b09a0c6fc6db130235a644
data/audio/samples/B3_sttts/bob_9becd5c237c9434aa94c66bea05a1ecf.wav,bob,bomb,bob,1.0,1,Nasality,final,m1,B3_sttts,b0999a59d198d155e6fdc4a33657ed2e
data/audio/samples/B4_nac/gauze_fc6f1f13c26b46329b8cb60ad2566940.wav,gauze,jaws,gauze,1.0,1,Sibilation,initial,f1,B4_nac,8c206e65e80d6f9b02ae99d2f86c4e13
data/audio/samples/B5_asr_bn/bat_40d7ce5f5b904e1b871d8e3e29927bbc.wav,bat,gat,bat,1.0,1,Compactness,initial,m1,B5_asr_bn,770613eb8aa2ceee611eddf4182d55fe
data/audio/samples/TTS_Qwen/bean_Ryan.wav,bean,peen,bean,1.0,1,Voicing,initial,TTS_Ryan,TTS_Qwen,f35dc2f39fa234b3b3fb434f70104506
data/audio/samples/clean/English/test-data/keg_f2e272cabe68446e9e0ffda16036ec99.wav,keg,peg,keg,1.0,1,Compactness,initial,m1,clean,f18c0df44675a415cd9e6e238486e7a1
data/audio/samples/B2_mcadams/miss_93eee20346a149afa227a0253046b975.wav,miss,myth,miss,1.0,1,Sibilation,final,m2,B2_mcadams,8f4fb8612323f6256fd0b83f07f1b211
data/audio/samples/B3_sttts/rich_4ca84a3bba434a579b7c69e174a5cc2d.wav,rich,ridge,rich,1.0,1,Voicing,final,m1,B3_sttts,6d205f02d5dc3faf8dd5369531cda64d
data/audio/samples/B4_nac/dough_6ec13f67819d4a35ad729ce8bc797bb5.wav,dough,though,dough,1.0,1,Sustention,initial,m2,B4_nac,fecfbc20a4f2433db3e2ac4db0bd8b22
data/audio/samples/B5_asr_bn/thor_3f0fa58f4b5d4303b147e455f6c75fe5.wav,thor,fore,thor,1.0,1,Graveness,initial,m1,B5_asr_bn,2edb571baa9dd1fee11dde1bbcd4e3f0
data/audio/samples/clean/English/test-data/guilt_9d0a0947c9d5415a8c5513dac4907374.wav,guilt,jilt,guilt,1.0,1,Sibilation,initial,f2,clean,47485f442a5cd13e223b15cfb4fc3c37
data/audio/samples/B3_sttts/nog_1ab963b79e834ab5b8ae822668e767a3.wav,nog,knob,nog,1.0,1,Compactness,final,f1,B3_sttts,60cee82d8b400cc7299726e20b1c897c
data/audio/samples/B4_nac/rue_d39b36c7d40940318b257c6930913143.wav,rue,you,rue,0.999983310699463,1,Compactness,initial,f2,B4_nac,b6b587d88d728880fe812d1cc30df043
data/audio/samples/B5_asr_bn/so_6f83d7a9137e4ae89b8820fe0ae9c326.wav,so,show,so,1.0,1,Compactness,initial,m2,B5_asr_bn,e20a52c70cb1dfc20ffc66a5682e6f27
data/audio/samples/clean/English/test-data/vole_f336cee944444d6497cc5561f014257f.wav,vole,foal,vole,1.0,1,Voicing,initial,f1,clean,5cd8d3d28459c88e3c6c846f9c414774
data/audio/samples/B2_mcadams/box_4ed9a1f7bd034604aba842c306479186.wav,box,vox,box,1.0,1,Sustention,initial,f1,B2_mcadams,d484c2920fde90e4ad7ff1a432c25914
data/audio/samples/B3_sttts/seed_2f67f58366244c4fadfe78e8e341e9eb.wav,seed,seethe,seed,1.0,1,Sustention,final,m1,B3_sttts,84a36dc4ea07f5af03b1b7cee4e4e88d
data/audio/samples/B4_nac/egg_1d838ee5b66a40d685765745debf7a01.wav,egg,edge,egg,1.0,1,Sibilation,final,f2,B4_nac,07cad24298ffecf1b15ef969be1617fa
data/audio/samples/B5_asr_bn/brawn_9d6a20d14f35495680dd403518774197.wav,brawn,broad,brawn,1.0,1,Nasality,final,m1,B5_asr_bn,0eef550d86fd6798d87de0d0c584f795
data/audio/samples/TTS_Qwen/meat_Ryan.wav,meat,beat,meat,1.0,1,Nasality,initial,TTS_Ryan,TTS_Qwen,88987c93ee69551fac3d65495ef4e6ff
data/audio/samples/clean/English/test-data/seed_51ca302f05e74d639fea0e224197b98e.wav,seed,seethe,seed,1.0,1,Sustention,final,m2,clean,5e3e5bc621052d55dd6e4b376b77e1d6
data/audio/samples/B2_mcadams/vox_ac548fb84b42460caa8cf782ceacb5ff.wav,vox,box,vox,1.0,1,Sustention,initial,f2,B2_mcadams,b1f14f68cdca69797a6cc34c33dab06b
data/audio/samples/B3_sttts/lube_9ab2dd6b180c4209afac04ea33184340.wav,lube,loop,loop,1.0,0,Voicing,final,m1,B3_sttts,2cb06867dad5e35efd5bba35491e6f3f
data/audio/samples/B4_nac/rue_06cd138a54334d3788a8c735085f8099.wav,rue,you,rue,1.0,1,Compactness,initial,m1,B4_nac,4331b54b1e43ae4f724705127de42d9c
data/audio/samples/B5_asr_bn/sheet_b55de9d6b1c043a2964e2678eaa54d65.wav,sheet,cheat,cheat,1.0,0,Sustention,initial,f2,B5_asr_bn,17729603a7157b8200d33fda29fce01f
data/audio/samples/clean/English/test-data/loop_7c72ef2d26de4debb727207e3e074057.wav,loop,lube,loop,1.0,1,Voicing,final,f2,clean,b5fe5018e73f236fdca26b40e434dc9f
data/audio/samples/B2_mcadams/chin_d2f7c4e5b4704749be530ac2a48c1f35.wav,chin,gin,chin,1.0,1,Voicing,initial,m2,B2_mcadams,73a7b3f97082e78cbeb039bbdb538631
data/audio/samples/B3_sttts/flesh_4120197ac1634eaba377a5777ce3abab.wav,flesh,fletch,flesh,1.0,1,Sustention,final,m2,B3_sttts,df109a9a52a653b4338a0d4507caa12a
data/audio/samples/B4_nac/rap_5a75865a26bc4ba3b3ad9bc2ddbdd9ec.wav,rap,rat,rap,1.0,1,Graveness,final,m2,B4_nac,694fa15756384351120813b613349907
data/audio/samples/B5_asr_bn/screed_97ac8c3938934e41bcdf5a8d8c6ff522.wav,screed,screen,screen,1.0,0,Nasality,final,m1,B5_asr_bn,bc185978cf640cc2b0461cff8d349534
data/audio/samples/clean/English/test-data/dense_f1d739a72b364bbcbd826540b8de321f.wav,dense,tense,tense,0.995929896831512,0,Voicing,initial,m1,clean,d7d814417d02c17d5dcbe4b6e1058037
data/audio/samples/B2_mcadams/calf_14796928aeed4df78cc07fa56ebf136c.wav,calf,gaff,calf,1.0,1,Voicing,initial,m2,B2_mcadams,fcfd7e428a73f8fb8c59478b2165c045
data/audio/samples/B3_sttts/hodge_11f2a40377a04c5b917ccde4006cbe9f.wav,hodge,hotch,hodge,1.0,1,Voicing,final,m2,B3_sttts,dcc061314dc0b3e020be6959754b8cd6
data/audio/samples/B4_nac/shoes_b6603fd287c5476d8584847eaa0b7bbf.wav,shoes,choose,shoes,1.0,1,Sustention,initial,f1,B4_nac,67ea947cba3c5d985a11f0d8fe10a2ec
data/audio/samples/B5_asr_bn/deck_31b9a76a2ac145c392dad18883906e8f.wav,deck,neck,deck,1.0,1,Nasality,initial,f1,B5_asr_bn,260d753e4f650829016d3e6f862daa52
data/audio/samples/B3_sttts/seed_73f02ce3786741d08a5bc4e439078ca1.wav,seed,seethe,seed,0.999925136566162,1,Sustention,final,f1,B3_sttts,082fd1534a6291fc421a1d1ee19edfda
data/audio/samples/B4_nac/clash_a7c95fa820454f6088e680966fec2e12.wav,clash,class,clash,1.0,1,Compactness,final,f2,B4_nac,37fd499715e6b0a74313d1345b8e6521
data/audio/samples/B5_asr_bn/loop_7cb9a988b95c4569a9125bf1f28a328b.wav,loop,lube,loop,1.0,1,Voicing,final,m1,B5_asr_bn,8ab2ddca270909861360af6d9215f119
data/audio/samples/clean/English/test-data/rod_9dcbad7e13a2417f97a300473f550910.wav,rod,wad,rod,1.0,1,Graveness,initial,m1,clean,c694181ce0e4c092ce037156acb19637
data/audio/samples/B2_mcadams/gauze_dd27ddbe10e04d649a32f751efe87b2d.wav,gauze,jaws,gauze,1.0,1,Sibilation,initial,m1,B2_mcadams,8e94165992508e6666a13c9903572835
data/audio/samples/B3_sttts/bag_46fea23f510543c8808326780a9e2d9e.wav,bag,back,bag,1.0,1,Voicing,final,m2,B3_sttts,6905a31bd10f7293dcf79dad0246c5fa
data/audio/samples/B4_nac/breathe_9603b28bf07743778a8c0c31081173ba.wav,breathe,breeze,breathe,0.997527420520782,1,Sibilation,final,f1,B4_nac,6c9031fd674d2ded8c9977326b4a333c
data/audio/samples/B5_asr_bn/flog_8f6fd9bce5c94fd28a8feabdea0d85d9.wav,flog,flawed,flog,1.0,1,Compactness,final,m2,B5_asr_bn,3b4eace2a4bf69d7e2f13ba98f033922
data/audio/samples/TTS_Qwen/pack_Ryan.wav,pack,patch,pack,1.0,1,Sibilation,final,TTS_Ryan,TTS_Qwen,ee1f8b69f6b324b2fe4f4c3ad7ced185
data/audio/samples/clean/English/test-data/chop_d53d686c556142558c0be189e519807f.wav,chop,cop,chop,1.0,1,Sibilation,initial,f2,clean,b03ea9bf522b95411c4d6a9e20d765e6
data/audio/samples/B2_mcadams/bed_2f0f611c0eac4fa59916464bcc2e9913.wav,bed,beg,bed,1.0,1,Compactness,final,f1,B2_mcadams,cef2626cf4b72e9c47f4e5bb8592553c
data/audio/samples/B3_sttts/yield_886c6c9812514b9e9f8a648011fdc931.wav,yield,wield,yield,1.0,1,Compactness,initial,m2,B3_sttts,a16b2c1b7d83bfd57a230852492ef33e
data/audio/samples/B4_nac/lube_db5044a5f81d4710babf97edd2032ce6.wav,lube,loop,loop,1.0,0,Voicing,final,f2,B4_nac,057f399f5d32ac11ce4658cd10285cb0
data/audio/samples/B5_asr_bn/gin_716891477d90490ca0b75294d9ccc371.wav,gin,chin,gin,1.0,1,Voicing,initial,m2,B5_asr_bn,2accbde82fee2cecaf83d7ef5ab61282
data/audio/samples/clean/English/test-data/hot_898a1d7c7e5140ada4a3d84f87b4cb16.wav,hot,hop,hot,1.0,1,Graveness,final,m1,clean,ef2c9f9b4b014c122817b67aa1f78f11
data/audio/samples/B2_mcadams/knock_cdda1155bef54063936f5bbd78546aef.wav,knock,notch,knock,1.0,1,Sibilation,final,f2,B2_mcadams,f4fb1097db3da7de29cddd030939a191
data/audio/samples/B3_sttts/guilt_f20e78e7fe2d442599adbc0a768c2d9a.wav,guilt,jilt,guilt,0.622459352016449,1,Sibilation,initial,f1,B3_sttts,ffc4be648731bd5cd3ea84f37b8e15d3
data/audio/samples/B4_nac/chair_c909ef9800c2476b90238c09093e9841.wav,chair,care,chair,1.0,1,Sibilation,initial,m2,B4_nac,6677e4fbc07d0e54a898b81e45a9a1f2
data/audio/samples/B5_asr_bn/vole_d6742b5a54d24fe7b0a5b8a9583a46b3.wav,vole,foal,vole,0.999983310699463,1,Voicing,initial,m1,B5_asr_bn,ffe25c7a30355ddbb07093a021432060
data/audio/samples/clean/English/test-data/gross_fc49fcacb8ec43cab040cc8537cf572e.wav,gross,growth,gross,1.0,1,Sibilation,final,m1,clean,a3ffdbd9126e255eae3af47416a4eb83
data/audio/samples/B2_mcadams/trough_816daaf4e16b4338840358bfdf74fecb.wav,trough,troth,trough,0.993307173252106,1,Graveness,final,m2,B2_mcadams,39eed73be8c8977e500a17be42725b70
data/audio/samples/B3_sttts/sheaf_b250367fc957406dad178efd6222880a.wav,sheaf,sheave,sheaf,1.0,1,Voicing,final,f2,B3_sttts,8ae707415653ac3c320fd59797f7cc9e
data/audio/samples/B4_nac/breeze_ec75765a16c841e2aff5c29c4f300e14.wav,breeze,breathe,breeze,1.0,1,Sibilation,final,f2,B4_nac,b901d959f794079e67e0101acdcbdf86
data/audio/samples/B5_asr_bn/box_021177646c7c45348078771d920f0acf.wav,box,vox,box,1.0,1,Sustention,initial,f2,B5_asr_bn,044355f4aabfda49c2f52936f7e1d3e6
data/audio/samples/clean/English/test-data/goff_328cdeb36a7d45dbb5d2195da8b609e9.wav,goff,gawp,goff,1.0,1,Sustention,final,m1,clean,57cce9231fd56284f289a4648482dcd9
data/audio/samples/B2_mcadams/daunt_b54387abed6b498095814fec4e04b6ef.wav,daunt,taunt,daunt,0.99999988079071,1,Voicing,initial,f1,B2_mcadams,a9dcaecc2f96b87bc602d9c034c77fa5
data/audio/samples/B3_sttts/boss_e638cb22babd48c4926be19fa605ffac.wav,boss,moss,boss,1.0,1,Nasality,initial,m1,B3_sttts,4a64536b3c03531c5a9980305281d24c
data/audio/samples/B4_nac/mode_a896ec7da12b40af90557d04fc3b0e8f.wav,mode,moan,mode,1.0,1,Nasality,final,m2,B4_nac,cc195bf85a376befa04c8643af39cc11
data/audio/samples/B5_asr_bn/edge_7ae7918181c04340b00f4413e646c0c3.wav,edge,egg,edge,1.0,1,Sibilation,final,f2,B5_asr_bn,fdeea716cea255a9defe8f0a71f55193
data/audio/samples/TTS_Qwen/wreath_Ryan.wav,wreath,reef,wreath,1.0,1,Graveness,final,TTS_Ryan,TTS_Qwen,754f9f4b5e1249eb4470c4b1f899efa5
data/audio/samples/clean/English/test-data/sues_6731f2a9ba7c455db8dd6d3ea2428b9c.wav,sues,soothe,sues,0.999997735023499,1,Sibilation,final,m1,clean,b4746dfa428df9807d9e9dbe2750a21f
data/audio/samples/B2_mcadams/patch_ba1c216f64db41a0a3da0c7d7e158c49.wav,patch,pack,patch,0.622459352016449,1,Sibilation,final,f1,B2_mcadams,9526c0a88cd29c04714b2e4b29547ddd
data/audio/samples/B3_sttts/dip_24aa9545d468418aa4bfb9a3fb6a50d4.wav,dip,nip,dip,1.0,1,Nasality,initial,f2,B3_sttts,b616f6c567844da462eb80524888ee58
data/audio/samples/B4_nac/slob_6ed845bdc2524972a196cf0ae04806bc.wav,slob,slav,slob,0.982013761997223,1,Sustention,final,m2,B4_nac,8c24d4723376bb37c490d5ac043da887
data/audio/samples/B5_asr_bn/you_bda1a81a82334d2db0c27551d216f815.wav,you,rue,you,1.0,1,Compactness,initial,f1,B5_asr_bn,51677855d330229404b810eeff287660
data/audio/samples/clean/English/test-data/zee_8879e72e80dd4898b77858aaa4949db3.wav,zee,thee,zee,1.0,1,Sibilation,initial,f1,clean,12428cad5496acdc7ab7e4629d40d676
data/audio/samples/B2_mcadams/bank_647db771f4fa43e9ab5b463ddc5ee07d.wav,bank,dank,bank,1.0,1,Graveness,initial,m2,B2_mcadams,c5109906c93a84e85681d773856c0af9
data/audio/samples/B3_sttts/jeb_206806747934448e9f34f8d315d23ea9.wav,jeb,gem,jeb,1.0,1,Nasality,final,f2,B3_sttts,606c2c17c8cb29b369ecc0eef8183562
data/audio/samples/B4_nac/cop_f95fcf37b83b4be181eeb55ab6dec842.wav,cop,chop,cop,1.0,1,Sibilation,initial,f1,B4_nac,d506024c8caa03b74122dfdab4912583
data/audio/samples/B5_asr_bn/dote_2d063f27772048cc8f1759272d546547.wav,dote,note,dote,1.0,1,Nasality,initial,f1,B5_asr_bn,8c30c94b9710bf646e1065c546cea03f
data/audio/samples/clean/English/test-data/though_b76b3b94cf76470c9e87e924283ef600.wav,though,dough,though,1.0,1,Sustention,initial,f1,clean,2255c28e05bb1a826b7c3da126053a3b
data/audio/samples/B2_mcadams/knob_1be75002bfb04ca8b58a65255ff06d5a.wav,knob,nog,knob,1.0,1,Compactness,final,m1,B2_mcadams,ac59d63cfe638e59e9e644c61ed840e0
data/audio/samples/B3_sttts/got_eea5384f918540939b71d5d5cbb5baca.wav,got,dot,got,0.562176525592804,1,Compactness,initial,m1,B3_sttts,e5f166d5f4f8a236c651d5222bfb99de
data/audio/samples/B4_nac/rat_f83f4988c7d14b69bc304c12ccfb19c6.wav,rat,rap,rat,1.0,1,Graveness,final,m1,B4_nac,404cc95caa0478f764aab289b1351a5f
data/audio/samples/B5_asr_bn/ridge_806cb12637b840ec97bb394bb50c69fe.wav,ridge,rich,ridge,1.0,1,Voicing,final,m1,B5_asr_bn,160faf93846b0a6d20606df757f73f02
data/audio/samples/clean/English/test-data/moan_9219aac4570c4995aff554e506115e0e.wav,moan,mode,moan,1.0,1,Nasality,final,f2,clean,bd146a1d631abbff20d4cf73a94613fd
data/audio/samples/B2_mcadams/thor_8ad6c1a2b76c470f9d41a5f7d64eba48.wav,thor,fore,fore,1.0,0,Graveness,initial,f1,B2_mcadams,a9a13a1d6e4c81244026d14ba2d5b230
data/audio/samples/B3_sttts/wroth_4423e41a3a4c40c4a25f9206831dd747.wav,wroth,ross,ross,1.0,0,Sibilation,final,f1,B3_sttts,4f54686cb19a260324385abf5828f838
data/audio/samples/B4_nac/chin_3779dc91e15c4890bac29d3d018eb13d.wav,chin,gin,chin,1.0,1,Voicing,initial,m1,B4_nac,dca6b205302583098731fcf81d097ed2
data/audio/samples/B5_asr_bn/taunt_28d351ab8dfb4baeb17e07c18cc13fb0.wav,taunt,daunt,taunt,1.0,1,Voicing,initial,m2,B5_asr_bn,406c76cc9e05640dda24774af9084875
data/audio/samples/TTS_Qwen/dock_Ryan.wav,dock,knock,dock,1.0,1,Nasality,initial,TTS_Ryan,TTS_Qwen,21b870937e8e99f453e3736090cee8f2
data/audio/samples/clean/English/test-data/box_1c2814861af04b7cbfa46e15fe15eebf.wav,box,vox,box,1.0,1,Sustention,initial,m2,clean,c588d2238eaa98668410a3e00ca0abbc
data/audio/samples/B2_mcadams/chin_3779dc91e15c4890bac29d3d018eb13d.wav,chin,gin,chin,1.0,1,Voicing,initial,m1,B2_mcadams,7903acd995c2ab4ff9fd999b6493e482
data/audio/samples/B3_sttts/knock_d57b277f341d4e52b4571ac3353e0c4b.wav,knock,notch,knock,1.0,1,Sibilation,final,m1,B3_sttts,720519bafe7b48c3ae4d88d2cc7cc313
data/audio/samples/B4_nac/slav_f7670cfffffc4455a53f1468691fd4ae.wav,slav,slob,slob,1.0,0,Sustention,final,m1,B4_nac,d617c39d57968c778b45370aeec055a5
data/audio/samples/B5_asr_bn/cap_26b9aa8c4fea493cb5223203571beb38.wav,cap,calf,cap,1.0,1,Sustention,final,f1,B5_asr_bn,424d13e158d712dcf6fb981a1b358b4d
data/audio/samples/clean/English/test-data/loop_358fa7b44aae44c48589187a7010bdfe.wav,loop,lube,loop,1.0,1,Voicing,final,f1,clean,1b1ad4c4478c97f08b7a5acbab102f36
data/audio/samples/B2_mcadams/sue_c4930207480f49908f93b9862aaf48a6.wav,sue,zoo,zoo,1.0,0,Voicing,initial,m1,B2_mcadams,e25549edeaddbad9d20ed89ea692408b
data/audio/samples/B3_sttts/big_a40aa5aecfdc4cbfa681a703e1ca8499.wav,big,bib,big,1.0,1,Compactness,final,m1,B3_sttts,cf80c9173cdc3d0a522530c041aca494
data/audio/samples/B4_nac/guilt_f20e78e7fe2d442599adbc0a768c2d9a.wav,guilt,jilt,guilt,1.0,1,Sibilation,initial,f1,B4_nac,ec23cea7a9ad4cd9016a0943db3e67b2
data/audio/samples/B5_asr_bn/coo_12aa201c92ae44b285855d6d12a76c18.wav,coo,chew,coo,1.0,1,Sibilation,initial,f2,B5_asr_bn,12e8ef1eb79340f2fd5f0cba064b9c62
data/audio/samples/clean/English/test-data/seep_d0c5706cf2bc483889ed1c3c5f5c2232.wav,seep,seek,seep,1.0,1,Compactness,final,f1,clean,10b0f3e88fa6429c23bdac2c4789438b
data/audio/samples/B2_mcadams/wad_bbb49c26024d4262a86da1572e6e9f97.wav,wad,rod,wad,1.0,1,Graveness,initial,f2,B2_mcadams,5807e84ab1291b4dc999f01c8d0b5f1f
data/audio/samples/B3_sttts/sheave_6666ce8f3dca457a9971878b0e77bb1d.wav,sheave,sheaf,sheaf,1.0,0,Voicing,final,m1,B3_sttts,39f145a4eae96d054c0371e05f5d52dd
data/audio/samples/B4_nac/beat_4d86f1ee97d843ecb93150ee4e4324aa.wav,beat,meat,beat,1.0,1,Nasality,initial,f2,B4_nac,c8532dcb8db7df6ea05d94140756c34e
data/audio/samples/B5_asr_bn/flog_26d6cdc4faa3429abf594205601750c2.wav,flog,flawed,flawed,1.0,0,Compactness,final,f2,B5_asr_bn,dfdb388f11949976bcb8d23c2644964e
data/audio/samples/clean/English/test-data/miss_5d34b88e507d4635b34ada77ce461099.wav,miss,myth,miss,1.0,1,Sibilation,final,f1,clean,60744df05245dd90a4d4546a6bd5a944
data/audio/samples/B2_mcadams/calf_14796928aeed4df78cc07fa56ebf136c.wav,calf,gaff,calf,1.0,1,Voicing,initial,m1,B2_mcadams,fcfd7e428a73f8fb8c59478b2165c045
data/audio/samples/B3_sttts/edge_34cd8d86c94e40d1b15a1baf7967ed0a.wav,edge,egg,edge,1.0,1,Sibilation,final,m1,B3_sttts,0483820068e0df562e60fa0a652cb6a2
data/audio/samples/B4_nac/rib_826af399e5d54c709c397e403b84e4d1.wav,rib,rim,rib,1.0,1,Nasality,final,m1,B4_nac,4df08df0c67fb31aa31e41f248d28a05
data/audio/samples/B5_asr_bn/daunt_b54387abed6b498095814fec4e04b6ef.wav,daunt,taunt,daunt,1.0,1,Voicing,initial,f1,B5_asr_bn,91156ead9cebe772aa290a5ef78351f8
data/audio/samples/TTS_Qwen/net_Ryan.wav,net,met,net,1.0,1,Graveness,initial,TTS_Ryan,TTS_Qwen,b7269b757094859a31c08f3de1de2b05
data/audio/samples/B2_mcadams/show_543b0dcb76cc46269165fd235d05fe0b.wav,show,so,show,1.0,1,Compactness,initial,m1,B2_mcadams,d218eb79f1692592103eaedd04018c0c
data/audio/samples/B3_sttts/shim_55923383294747a6939104d10ec24740.wav,shim,shin,shin,0.999925136566162,0,Graveness,final,f2,B3_sttts,0662f2a91b9781cef0aa70560f48eeed
data/audio/samples/B4_nac/mad_54f9afd9cde64b75a977c8099606de5b.wav,mad,bad,mad,1.0,1,Nasality,initial,f1,B4_nac,385671db09ef26a6cb70ce3cf3aea9e2
data/audio/samples/B5_asr_bn/moss_3666c30b23eb4b52a3308e4c45b871ed.wav,moss,boss,moss,1.0,1,Nasality,initial,m1,B5_asr_bn,1531ee9f3e27d107b1b9e6a77c1943f8
data/audio/samples/clean/English/test-data/guilt_8b2d801e0c4e49cab309438d9d989a65.wav,guilt,jilt,guilt,1.0,1,Sibilation,initial,m2,clean,aa6309c520ff43c408573ed01f530c44
data/audio/samples/B2_mcadams/moss_1a7921e09d324dcfb1913e80d0a6ba9d.wav,moss,boss,moss,1.0,1,Nasality,initial,m2,B2_mcadams,6df274e3fe781713ad4d2374abb727fe
data/audio/samples/B3_sttts/goof_38ab1ae5cd414564bef2b0cc353c145e.wav,goof,goop,goof,1.0,1,Sustention,final,f1,B3_sttts,11539137ad971515b8af265450bcf725
data/audio/samples/B4_nac/thick_13c9cd2746cb4cd58a1e92464f273f41.wav,thick,tick,thick,0.999999165534973,1,Sustention,initial,f1,B4_nac,2ceb1f0301fb8ee1f0678e27c05230f6
data/audio/samples/B5_asr_bn/sue_b6a2b40046574a3c97b9c0036bb91dba.wav,sue,zoo,zoo,1.0,0,Voicing,initial,f2,B5_asr_bn,cf28261bd395bf371e5f8e09859eb1bc
data/audio/samples/clean/English/test-data/neck_48bec704b21f4b5faa739f26f3c1ca98.wav,neck,deck,neck,1.0,1,Nasality,initial,f2,clean,d0b85d577b63ff154348532152c4551c
data/audio/samples/B2_mcadams/reef_93111543da104151aa8c69de742fec19.wav,reef,wreath,reef,0.982013761997223,1,Graveness,final,f2,B2_mcadams,25b5298ef9d4fdddec0f08d2eda61974
data/audio/samples/B3_sttts/beg_50111f47b3914efabb8c135cbe0647b6.wav,beg,bed,beg,1.0,1,Compactness,final,f1,B3_sttts,1f85373960837ae60681c19627d6532e
data/audio/samples/B4_nac/flesh_4120197ac1634eaba377a5777ce3abab.wav,flesh,fletch,flesh,1.0,1,Sustention,final,m2,B4_nac,65a83b7dd9c83174aa7df1da1dbc24d8
data/audio/samples/B5_asr_bn/shoes_1be861b0e9584c58b3deb6e72deb8e96.wav,shoes,choose,shoes,1.0,1,Sustention,initial,m1,B5_asr_bn,18d0ae2ba4e4ea64e30c026bbadf9169
data/audio/samples/TTS_Qwen/fan_Ryan.wav,fan,fad,fan,1.0,1,Nasality,final,TTS_Ryan,TTS_Qwen,f936332d661139b7d3c435bb294b7307
data/audio/samples/clean/English/test-data/teak_cd00a7a0a7384016ae56db065e7bebee.wav,teak,peak,teak,1.0,1,Graveness,initial,f2,clean,87bed491b8160ba4b8b555caab654f37
data/audio/samples/B2_mcadams/knock_cdda1155bef54063936f5bbd78546aef.wav,knock,notch,knock,1.0,1,Sibilation,final,f1,B2_mcadams,f4fb1097db3da7de29cddd030939a191
data/audio/samples/B3_sttts/gauze_fc6f1f13c26b46329b8cb60ad2566940.wav,gauze,jaws,gauze,1.0,1,Sibilation,initial,f1,B3_sttts,09e8572b9305024190d3336f6d94b9b3
data/audio/samples/B4_nac/fletch_ba325fbbcd9e4ef3a619481d6f3bd2c2.wav,fletch,flesh,flesh,0.999954581260681,0,Sustention,final,f2,B4_nac,c5a471f9d3eb2a05734f4cf5863ce783
data/audio/samples/B5_asr_bn/web_c008f17ca71542608f9bfaa75a84edb9.wav,web,wed,wed,0.999989867210388,0,Graveness,final,m1,B5_asr_bn,97ba50d35ed750b096c411c0072517c6
data/audio/samples/clean/English/test-data/gaff_5ef2d47e55b84b33b33e0bd3c180ddc7.wav,gaff,calf,gaff,1.0,1,Voicing,initial,f1,clean,777103ba746c13982babb05e707c3e9d
data/audio/samples/B2_mcadams/gross_392494b4862f466d804efeb5d99f59c2.wav,gross,growth,gross,1.0,1,Sibilation,final,m2,B2_mcadams,53a761dc49f1180e40887de1d84386a8
data/audio/samples/B3_sttts/big_f74fa7550c8a49298ce63eca16461e4f.wav,big,bib,big,1.0,1,Compactness,final,f1,B3_sttts,60e067a007132d142c63d2376974a283
data/audio/samples/B4_nac/dot_059233f2b72e4a3c82736c7ddf004f48.wav,dot,got,dot,1.0,1,Compactness,initial,m1,B4_nac,9ef0bfc23aba99d5218932de02301fda
data/audio/samples/B2_mcadams/dote_b8b56dce9ca14640b58a3a17e16ef5cd.wav,dote,note,dote,1.0,1,Nasality,initial,m1,B2_mcadams,e3b507983a5d3a23bb0c17bb689083cd
data/audio/samples/B3_sttts/ridge_0664d410d22b4864bf2aae82e1dbc3e6.wav,ridge,rich,ridge,0.982013761997223,1,Voicing,final,f1,B3_sttts,3487235dd0ad8ea216064ede6480ad9b
data/audio/samples/B4_nac/gross_392494b4862f466d804efeb5d99f59c2.wav,gross,growth,gross,1.0,1,Sibilation,final,m2,B4_nac,de319b8a30fda4e281e4927ed7c0f391
data/audio/samples/B5_asr_bn/moan_8adf981112ce491d9836ef0e5ac8a7e7.wav,moan,mode,moan,1.0,1,Nasality,final,m1,B5_asr_bn,6b38eb109769c789b011f75260ee0f30
data/audio/samples/clean/English/test-data/fore_bad01b15355d48a0b6db7d78eff9f21e.wav,fore,thor,thor,1.0,0,Graveness,initial,m1,clean,7e35b718239c8e7ce1dc26e7b14936a0
data/audio/samples/B2_mcadams/though_2dc633d831b2453bbf13ea7bf8cb56c6.wav,though,dough,dough,1.0,0,Sustention,initial,m2,B2_mcadams,f571260c8679995e45e1225a4fdd1825
data/audio/samples/B3_sttts/cheat_e58f69ef7ac4436f965f52d9135c54f5.wav,cheat,sheet,cheat,1.0,1,Sustention,initial,m1,B3_sttts,853aefe9077ca99c9c4af8f38ded9ded
data/audio/samples/B4_nac/back_24b8e48760f64d1c8a03c36a195b7658.wav,back,bag,back,1.0,1,Voicing,final,f1,B4_nac,c257255fcae9e82224aabf603874af00
data/audio/samples/B5_asr_bn/class_4dbfdf59ebd2447e9824c6a808b466c2.wav,class,clash,class,1.0,1,Compactness,final,m1,B5_asr_bn,4845b017cf644fe6ba1d5c203494ed48
data/audio/samples/clean/English/test-data/nip_2499cfbcae6e4ce99b8003d731510a44.wav,nip,dip,nip,1.0,1,Nasality,initial,m1,clean,ce9c1b1193277ef6e9c899c0e20e373f
data/audio/samples/B2_mcadams/strobe_4a0aaf427a264b369f9193a42ded7976.wav,strobe,strode,strobe,1.0,1,Graveness,final,m2,B2_mcadams,f4b3c74a72bdb0f4b1f3f255af396825
data/audio/samples/B3_sttts/slob_f1f1958a5f5345b394c68c223f54b328.wav,slob,slav,slob,0.731058537960052,1,Sustention,final,f2,B3_sttts,7f9e33cbc8540a811fdc7a49d4ffc73c
data/audio/samples/B4_nac/nog_1ab963b79e834ab5b8ae822668e767a3.wav,nog,knob,nog,1.0,1,Compactness,final,f1,B4_nac,f2ed43fb139637d098d8e5980f605904
data/audio/samples/B5_asr_bn/sheaf_b250367fc957406dad178efd6222880a.wav,sheaf,sheave,sheaf,1.0,1,Voicing,final,f2,B5_asr_bn,e3db5d7718bec15d793d15e453cf5b70
data/audio/samples/TTS_Qwen/note_Ryan.wav,note,dote,note,1.0,1,Nasality,initial,TTS_Ryan,TTS_Qwen,6b4b6f7d9fbeef459d6bb8a269060c8a
data/audio/samples/clean/English/test-data/laws_8edd9a82c1244f24a359b5c6e3fd21d5.wav,laws,loss,laws,1.0,1,Voicing,final,f1,clean,92b31a545ce40e423c06095ad40aba1b
data/audio/samples/B2_mcadams/slob_d72836286e404adfa8f5ebd8de251b9f.wav,slob,slav,slob,1.0,1,Sustention,final,f1,B2_mcadams,d07de553dd6d1431f41cd01e6077bb8c
data/audio/samples/B3_sttts/brawn_03b395509002401da843b9af5c197aff.wav,brawn,broad,brawn,1.0,1,Nasality,final,m2,B3_sttts,3799fb4d92d0163d08cfac55c46052c3
data/audio/samples/B4_nac/lib_74fa8049a92c44e7b1cc544b777ec4c8.wav,lib,live,live,1.0,0,Sustention,final,f1,B4_nac,261ad26d43c0e03de80bc7ca4a422965
data/audio/samples/B5_asr_bn/wield_708f70534882470883c831c1c6ece57c.wav,wield,yield,wield,1.0,1,Compactness,initial,f2,B5_asr_bn,2befba4a411c594942c899b3cb1aea20
data/audio/samples/clean/English/test-data/myth_388f2cedba41458c98da22c3fe741bbc.wav,myth,miss,myth,1.0,1,Sibilation,final,m1,clean,56b9d474b3e529374b44f740f46953fb
data/audio/samples/B2_mcadams/though_963abbcc57ca4810acf7ca2fdf817e48.wav,though,dough,dough,0.731058537960052,0,Sustention,initial,m1,B2_mcadams,c508bd66c6b4d27e041e3b9250a1d0e2
data/audio/samples/B3_sttts/broke_ff083c61255641d0a1b92153a72e6608.wav,broke,brogue,broke,1.0,1,Voicing,final,f2,B3_sttts,7edf5d3df57b22cced8e3844ba72151e
data/audio/samples/B4_nac/hotch_bc8fc02161e2403f91398413759bef43.wav,hotch,hodge,hodge,1.0,0,Voicing,final,m1,B4_nac,75d0914c3f9fd46ffcc721e511533829
data/audio/samples/B5_asr_bn/so_4bab6fde8ec54d4b93a26ffc6fe2fc80.wav,so,show,so,1.0,1,Compactness,initial,f1,B5_asr_bn,9999e961603bfd2d1cf99e45dde17988
data/audio/samples/clean/English/test-data/boot_da257ba5ec35449aa5620e218c636005.wav,boot,moot,boot,1.0,1,Nasality,initial,f2,clean,7429aa2e733444f1a3fd2abe7983c10c
data/audio/samples/B2_mcadams/knock_cdda1155bef54063936f5bbd78546aef.wav,knock,dock,knock,1.0,1,Nasality,initial,f2,B2_mcadams,f4fb1097db3da7de29cddd030939a191
data/audio/samples/B3_sttts/neck_8a8c3eb3b8ac46b19c335ec8bc6c5368.wav,neck,deck,neck,1.0,1,Nasality,initial,f1,B3_sttts,7d8778627d8ff42735cea45e314b5874
data/audio/samples/B4_nac/beg_ac09b2e2f3324a8faadf060024dcf14c.wav,beg,bed,beg,0.999447166919708,1,Compactness,final,m1,B4_nac,349d6b60c3c731a125b263cd4862a2b8
data/audio/samples/B5_asr_bn/bib_30bb1d1c995940b68ee46d235df728bf.wav,bib,big,big,0.99999988079071,0,Compactness,final,m1,B5_asr_bn,fe05865981c0d043e85d075f196f7f3a
data/audio/samples/clean/English/test-data/mad_54f9afd9cde64b75a977c8099606de5b.wav,mad,bad,mad,1.0,1,Nasality,initial,f1,clean,fd073852348e43bfd07a4bf84d7c3c69
data/audio/samples/B2_mcadams/mad_2543c04302a247c7ba5b1884f1663fb9.wav,mad,bad,mad,0.999925136566162,1,Nasality,initial,m2,B2_mcadams,d73244c1b1dd0bbfc9d84db2c6b994e2
data/audio/samples/B3_sttts/vole_cf8e8eb56fd0408880ae2eb5a0d47b66.wav,vole,foal,foal,0.970687747001648,0,Voicing,initial,f2,B3_sttts,6275fef78c92a6714fe81a0760e50fb1
data/audio/samples/B4_nac/knock_d57b277f341d4e52b4571ac3353e0c4b.wav,knock,dock,knock,1.0,1,Nasality,initial,m2,B4_nac,ea4dd3d164859d44fd37b3f7b1a1952c
data/audio/samples/B5_asr_bn/tool_75ca6c31a5cc49c4a21191f8e2d07a0b.wav,tool,pool,tool,1.0,1,Graveness,initial,m2,B5_asr_bn,6bb8603f321742ce668e2b98eb6fd087
data/audio/samples/TTS_Qwen/strode_Ryan.wav,strode,strobe,strode,0.999993801116943,1,Graveness,final,TTS_Ryan,TTS_Qwen,c8c2c755189397e913441a85d6eff69c
data/audio/samples/clean/English/test-data/coo_4a72f7cf3542496b94e773b6aa17fc98.wav,coo,chew,coo,1.0,1,Sibilation,initial,m1,clean,a44227a8f5b4b8e1c582d3c46e329c56
data/audio/samples/B2_mcadams/though_b76b3b94cf76470c9e87e924283ef600.wav,though,dough,dough,0.999989867210388,0,Sustention,initial,f1,B2_mcadams,c2fcc5e48cec6b28d07488ec17b3cc55
data/audio/samples/B3_sttts/dock_5b95873528c34f5eba7b48278dae7e40.wav,dock,knock,knock,1.0,0,Nasality,initial,m2,B3_sttts,f79267a5279d9ba70c596d04127d4258
data/audio/samples/B4_nac/ridge_0664d410d22b4864bf2aae82e1dbc3e6.wav,ridge,rich,ridge,1.0,1,Voicing,final,f1,B4_nac,02d741c6e5eee79095a62e9ba55d51a3
data/audio/samples/B5_asr_bn/thick_2dd33d0db1cc4f7fb3ffd5eccea41dd4.wav,thick,tick,thick,1.0,1,Sustention,initial,m1,B5_asr_bn,066808ce7d0800dbefae6dad188280bb
data/audio/samples/clean/English/test-data/gross_392494b4862f466d804efeb5d99f59c2.wav,gross,growth,gross,1.0,1,Sibilation,final,m2,clean,104ecd2a0aad980e098e105e32d4c95a
data/audio/samples/B2_mcadams/fore_5dc113cc1e1d42d4aa5b2005895c3adc.wav,fore,thor,thor,1.0,0,Graveness,initial,f2,B2_mcadams,9b82d4e908b87b03a4b052aa28b29afb
data/audio/samples/B3_sttts/moan_9219aac4570c4995aff554e506115e0e.wav,moan,mode,moan,1.0,1,Nasality,final,f2,B3_sttts,074b948dfdf826b5978375192b6f6175
data/audio/samples/B4_nac/foal_790a69424f1b4ea38180a54dfda8272d.wav,foal,vole,foal,1.0,1,Voicing,initial,f1,B4_nac,0ef71aa61f58859195e4b9250a31a4b5
data/audio/samples/B5_asr_bn/mad_2543c04302a247c7ba5b1884f1663fb9.wav,mad,bad,mad,1.0,1,Nasality,initial,m2,B5_asr_bn,342c0db7ec246b9650b8494cb96eb4e6
data/audio/samples/clean/English/test-data/goof_e5896b5a3a3e4379a1ec2e7e0a54312c.wav,goof,goop,goof,1.0,1,Sustention,final,f2,clean,4523894ec7a4783f18887dd97117f394
data/audio/samples/B2_mcadams/loom_d50e7fff287d44569fecbc2f47e796aa.wav,loom,loon,loom,0.731058537960052,1,Graveness,final,f1,B2_mcadams,43d4014b81a07f311adf310916502b85
data/audio/samples/clean/English/test-data/bib_30bb1d1c995940b68ee46d235df728bf.wav,bib,big,bib,0.999089002609253,1,Compactness,final,m1,clean,f121713b4e3dc44f772669ab2807cb84
data/audio/samples/B2_mcadams/net_bc5564893576480e9735215e4f27fb41.wav,net,met,net,1.0,1,Graveness,initial,f2,B2_mcadams,e90eb49f27def295fc9700c79dd7eadd
data/audio/samples/B3_sttts/thee_34b10126cd3e4d64a83958ce8789797e.wav,thee,zee,thee,1.0,1,Sibilation,initial,m2,B3_sttts,fcd41f4fa04d2860b451b3f451fa991b
data/audio/samples/B4_nac/goop_326102aaed714646876dc0acc3dc4cfd.wav,goop,goof,goop,1.0,1,Sustention,final,f1,B4_nac,26aa89fdab9967e63513f37a06e3f5b0
data/audio/samples/B5_asr_bn/sues_44cfe9b2df254e84b6fb541af15d34a1.wav,sues,soothe,sues,0.952574133872986,1,Sibilation,final,m2,B5_asr_bn,bf4513ffeed43e2b823d087b98ac03df
data/audio/samples/clean/English/test-data/notch_13fff3b575cb4ecb8c5b862709ae6c27.wav,notch,knock,notch,1.0,1,Sibilation,final,m2,clean,42ef2513be498cc8aa6be671a2f723b0
data/audio/samples/B2_mcadams/chair_edcb61c6709842368f50b7d5a0b61139.wav,chair,care,chair,1.0,1,Sibilation,initial,m1,B2_mcadams,5d9a0116c7111f0c0a9d18cefb2d1ae5
data/audio/samples/B3_sttts/nude_e877c8f64b4a4af984e5c5dda8b1d0eb.wav,nude,noon,nude,1.0,1,Nasality,final,f1,B3_sttts,668b5008c7ddc6d0811049a3695512c6
data/audio/samples/B4_nac/tong_08af086967aa4fe489b0b440d015ea1d.wav,tong,thong,tong,1.0,1,Sustention,initial,f1,B4_nac,43d9f564975b2047a37f41177bdb615e
data/audio/samples/B5_asr_bn/wad_71f3a284ada04df1bc9b58bd09a41f45.wav,wad,rod,wad,1.0,1,Graveness,initial,f1,B5_asr_bn,6b07edc56a5ee4da5699eeb378c4c5a4
data/audio/samples/clean/English/test-data/neck_8f56e8bbf7c24840989a473e4a786224.wav,neck,deck,neck,1.0,1,Nasality,initial,m1,clean,e6b0047f67e85505723d8e7df457e7d3
data/audio/samples/B2_mcadams/flesh_97404cbbb1e44869be48931bf837f18f.wav,flesh,fletch,flesh,1.0,1,Sustention,final,f1,B2_mcadams,28bad892de334a2f67df5ea21cb9e28c
data/audio/samples/B3_sttts/dough_8d98d4b030874a85b36c60b85a3b7414.wav,dough,though,dough,1.0,1,Sustention,initial,m1,B3_sttts,dbaebe913ae3c81843e41073dec4f3ae
data/audio/samples/B4_nac/rat_46923bdcdd63446b835c0504f4c85fbb.wav,rat,rap,rat,1.0,1,Graveness,final,f1,B4_nac,a854da464050d049e9f761d6276a0f3e
data/audio/samples/B5_asr_bn/peg_8cdc01c6b98d4d79955d1f3b4a941874.wav,peg,keg,peg,1.0,1,Compactness,initial,m2,B5_asr_bn,b41908fd9f5f89e1a59ebe73d4293580
data/audio/samples/clean/English/test-data/care_a521cbf444bf4d68aaacae8c1b65bab2.wav,care,chair,care,1.0,1,Sibilation,initial,m2,clean,73b71854ad8e75fb9ee4de0ea2868ca1
data/audio/samples/B2_mcadams/fence_5736960ba5bb46619d234951bb4728a4.wav,fence,pence,fence,1.0,1,Sustention,initial,f1,B2_mcadams,61ab8781d0f755f146270e3173a2839e
data/audio/samples/B3_sttts/vole_20b4fabf357442fda545aabd421b4703.wav,vole,foal,vole,1.0,1,Voicing,initial,m2,B3_sttts,2938bc27daf8956761354c62b44fbb66
data/audio/samples/B4_nac/loom_c58cbbb86f294f93aa1c661e7e064518.wav,loom,loon,loom,1.0,1,Graveness,final,m2,B4_nac,b493218abc0102442292069cab2c6cdd
data/audio/samples/B5_asr_bn/big_9c1bfc184ea446088ecc0a987a02526c.wav,big,bib,big,1.0,1,Compactness,final,f2,B5_asr_bn,444f687f98ff7f5c92005d8d08c641b7
data/audio/samples/TTS_Qwen/thong_Ryan.wav,thong,tong,tong,0.999983310699463,0,Sustention,initial,TTS_Ryan,TTS_Qwen,e088c9ccd8c0d9ecd95f4877f88cd159
data/audio/samples/clean/English/test-data/cap_ff90208673704c5cb3b3f32d44b9795d.wav,cap,calf,cap,1.0,1,Sustention,final,m1,clean,bedd6e068d79abe95c8a7a2f3ee52f57
data/audio/samples/B2_mcadams/peak_f6c488d2b3e6463aae862df6c03c1e9a.wav,peak,teak,peak,1.0,1,Graveness,initial,f2,B2_mcadams,217971255571c73b74cfd7019f037c2c
data/audio/samples/B3_sttts/zoo_ea4f843c2e4c4fd9bc65255f84690f53.wav,zoo,sue,sue,1.0,0,Voicing,initial,m2,B3_sttts,b3e6a5783d3e270feb4660bbfc1f8205
data/audio/samples/B4_nac/nip_b1287f3bf55a4efc98922f5bc07735f6.wav,nip,dip,nip,0.999983310699463,1,Nasality,initial,m2,B4_nac,ac8a12888a7a7a7223c8d46f5b3c4497
data/audio/samples/B5_asr_bn/peen_39ee1cde66174cb0857cffa134cc33c3.wav,peen,bean,peen,1.0,1,Voicing,initial,f1,B5_asr_bn,0e782883ffd159bee337e9c308207e57
data/audio/samples/TTS_Qwen/calf_Ryan.wav,calf,cap,calf,1.0,1,Sustention,final,TTS_Ryan,TTS_Qwen,acc55c5100fb601f1f4cf539088a3495
data/audio/samples/clean/English/test-data/fletch_ba325fbbcd9e4ef3a619481d6f3bd2c2.wav,fletch,flesh,flesh,1.0,0,Sustention,final,f2,clean,f680b02338697aaf48cc89e8a36b3e88
data/audio/samples/B2_mcadams/rev_b8b47afbc454484e8f5cc43f14bcb59e.wav,rev,ref,rev,0.999997735023499,1,Voicing,final,f2,B2_mcadams,eef34d1e0722ac69dc6141737397c307
data/audio/samples/B3_sttts/taught_ef7af151bd5d4dd59a2d29cf032d1071.wav,taught,caught,taught,1.0,1,Compactness,initial,m1,B3_sttts,a0bd990a8794a6c82c617bc4b19a5228
data/audio/samples/B4_nac/load_536014e80656408b96a9043784c7e047.wav,load,loathe,load,1.0,1,Sustention,final,f2,B4_nac,8f07b3d00dde4e634680db2934daee7a
data/audio/samples/B5_asr_bn/hotch_bc8fc02161e2403f91398413759bef43.wav,hotch,hodge,hodge,1.0,0,Voicing,final,m1,B5_asr_bn,5af1f224f86f6cd63d0d12903278bc6d
data/audio/samples/clean/English/test-data/seed_73f02ce3786741d08a5bc4e439078ca1.wav,seed,seethe,seed,1.0,1,Sustention,final,f1,clean,1637538e02164d9cbe5f5913d954ade2
data/audio/samples/B2_mcadams/hotch_21950b2779a84c9080760678bade4565.wav,hotch,hodge,hotch,1.0,1,Voicing,final,f1,B2_mcadams,2e56056f972c759f8996f28dd6d07f6a
data/audio/samples/B3_sttts/zee_423fa6d8d07b45f8b1f90e6b0fae5ad3.wav,zee,thee,zee,0.999999642372131,1,Sibilation,initial,m1,B3_sttts,33d91089f4ccfefd78428148f4056ecc
data/audio/samples/B4_nac/sheaf_b250367fc957406dad178efd6222880a.wav,sheaf,sheave,sheaf,1.0,1,Voicing,final,f2,B4_nac,2229a50cff709be0c969540a34f36240
data/audio/samples/B5_asr_bn/rim_30ad455a0bae4fb692d41cc158c63ddf.wav,rim,rib,rim,0.999993801116943,1,Nasality,final,f1,B5_asr_bn,a09c61cc24610c0e5a3428f5e7662548
data/audio/samples/clean/English/test-data/gawp_eb2e61c3f836445bbf7efca1de932ccf.wav,gawp,goff,gawp,0.999954581260681,1,Sustention,final,m2,clean,0bef8a2a6d7bff65c8188e2a8d99089a
data/audio/samples/B2_mcadams/fletch_ba325fbbcd9e4ef3a619481d6f3bd2c2.wav,fletch,flesh,flesh,1.0,0,Sustention,final,f2,B2_mcadams,6bdb02e44fc64a3853232fef335548d0
data/audio/samples/B3_sttts/brawn_9d6a20d14f35495680dd403518774197.wav,brawn,broad,brawn,1.0,1,Nasality,final,m1,B3_sttts,afacb015869dee9bfaa6ae2521df48fd
data/audio/samples/B4_nac/pool_a7b52e2984ee499787faaef66cf552f8.wav,pool,tool,pool,1.0,1,Graveness,initial,m2,B4_nac,0ca5d96db9c8ec736e5ddab094805e43
data/audio/samples/B5_asr_bn/rev_052b702abad544e8a1573f4910b76a64.wav,rev,ref,rev,1.0,1,Voicing,final,m1,B5_asr_bn,e65d75333e82fdda8f3ea9bc4e8214ec
data/audio/samples/clean/English/test-data/hot_338a2bc399e44ad490689fceca093b63.wav,hot,hop,hot,1.0,1,Graveness,final,f2,clean,78c797d09c624a0d5ca6bf1abaabfe24
data/audio/samples/B2_mcadams/guilt_9d0a0947c9d5415a8c5513dac4907374.wav,guilt,jilt,guilt,1.0,1,Sibilation,initial,f2,B2_mcadams,9da2aad0d768a0544747b6beb98d9f89
data/audio/samples/B3_sttts/dong_3d6868ed4c3b4595ad1809829630f9f3.wav,dong,bong,dong,1.0,1,Graveness,initial,f1,B3_sttts,2ce1782839517b07e9a54ba8c3f3b193
data/audio/samples/B4_nac/screed_4d624c6f908e49359da5d9650d278c2a.wav,screed,screen,screed,1.0,1,Nasality,final,f2,B4_nac,6b3fe83234860e552db3c0508d3ddfe2
data/audio/samples/B5_asr_bn/keg_fabb9691a3c349e0bf9ff316d3de669a.wav,keg,peg,keg,1.0,1,Compactness,initial,f1,B5_asr_bn,a5b093e5e8b8136d275e9dcc504714b6
data/audio/samples/TTS_Qwen/growth_Ryan.wav,growth,gross,growth,1.0,1,Sibilation,final,TTS_Ryan,TTS_Qwen,1867a00dfc0d03d994fdeb2091ce5e1b
data/audio/samples/clean/English/test-data/chair_0d4ca068af7847ea921b804e732e7c06.wav,chair,care,chair,1.0,1,Sibilation,initial,f1,clean,0bcbdbcfc95bd79c733b9d6535506f0e
data/audio/samples/B2_mcadams/foal_790a69424f1b4ea38180a54dfda8272d.wav,foal,vole,foal,1.0,1,Voicing,initial,f1,B2_mcadams,2319408812fc5b428c1f52e2e450325e
data/audio/samples/B3_sttts/fletch_860cb2ec3dbb4599b72983f7db2ea278.wav,fletch,flesh,flesh,1.0,0,Sustention,final,f1,B3_sttts,e9aba7c888531e4aa0fbc0133f212f43
data/audio/samples/B4_nac/loom_53fe929a4e1e416798105120b5393a18.wav,loom,loon,loom,0.996827304363251,1,Graveness,final,f2,B4_nac,980faf5e7bd125b40572d3f0ca72d9bc
data/audio/samples/B5_asr_bn/load_15c2ab160a8b43b490c05d4204d44449.wav,load,loathe,load,1.0,1,Sustention,final,m1,B5_asr_bn,dcecce8732e5eb7706bc116a869e2266
data/audio/samples/clean/English/test-data/lib_74fa8049a92c44e7b1cc544b777ec4c8.wav,lib,live,lib,0.999925136566162,1,Sustention,final,f1,clean,48d9b334e4e324c3e3718143f2f02cb4
data/audio/samples/B2_mcadams/duke_80c908b908a540cfbecd0f8ca5f8386e.wav,duke,dupe,duke,1.0,1,Compactness,final,m2,B2_mcadams,3dec5aabc7b5e8fe0a57de81b43fb1a8
data/audio/samples/B3_sttts/taunt_3d6f92c23f6042a7890a51434ffcf291.wav,taunt,daunt,taunt,1.0,1,Voicing,initial,m1,B3_sttts,121747d1b55338da4c9ef36be58e7cce
data/audio/samples/B4_nac/net_f570135e40d54c5096e085a3c2a6bf29.wav,net,met,net,1.0,1,Graveness,initial,f1,B4_nac,1d2506ad678ee549eb6e4308bc4ed802
data/audio/samples/B5_asr_bn/tool_a28c29487b934369a1b311436e71d535.wav,tool,pool,tool,1.0,1,Graveness,initial,m1,B5_asr_bn,078f2744e181ea0bae2caedaf70b805f
data/audio/samples/clean/English/test-data/sheet_b55de9d6b1c043a2964e2678eaa54d65.wav,sheet,cheat,cheat,0.999996304512024,0,Sustention,initial,f2,clean,73aa42f62fde6e566d5f49ea2e9f0667
data/audio/samples/B2_mcadams/peen_39ee1cde66174cb0857cffa134cc33c3.wav,peen,bean,peen,1.0,1,Voicing,initial,f1,B2_mcadams,efaaff2c4ca5886b0934f56a69945ec8
data/audio/samples/B3_sttts/foal_790a69424f1b4ea38180a54dfda8272d.wav,foal,vole,vole,0.982013761997223,0,Voicing,initial,f1,B3_sttts,a2d07e82730e1db5ff2786a2b5407ce2
data/audio/samples/B4_nac/oat_7ed759ee40f245c99db3d14aef5cf71d.wav,oat,oak,oak,1.0,0,Compactness,final,m2,B4_nac,e8c83a5f2a063662f069c495a427a414
data/audio/samples/B5_asr_bn/net_18fecf4625584a0d89c731ae420c320b.wav,net,met,net,1.0,1,Graveness,initial,m1,B5_asr_bn,3827261cc91a8647d6deda1e8af26688
data/audio/samples/clean/English/test-data/vole_20b4fabf357442fda545aabd421b4703.wav,vole,foal,vole,1.0,1,Voicing,initial,m2,clean,6f33bffaea5b8d13f024a7a95bc614f3
data/audio/samples/B2_mcadams/beg_48f60039b9cb421ca4fe4a4c7b7e86fa.wav,beg,bed,bed,1.0,0,Compactness,final,f2,B2_mcadams,5457750da3749b55297498aa432a98dc
data/audio/samples/B3_sttts/cop_38bffd08c8524f52b08afeacd7fdcbcb.wav,cop,chop,cop,0.999997735023499,1,Sibilation,initial,m1,B3_sttts,b112fe044785a3a2955f754904fdaaef
data/audio/samples/B4_nac/thin_f484a7a1e837481d9c2209e84b067627.wav,thin,fin,fin,0.999993801116943,0,Graveness,initial,m2,B4_nac,c0969ad1557aa5fd78f7a7f5eda1f431
data/audio/samples/B5_asr_bn/nude_941938a8700f4a64b38bb8dd9fbd1d53.wav,nude,noon,nude,1.0,1,Nasality,final,m1,B5_asr_bn,f06e61fde8776f300ec3359b9a1756e1
data/audio/samples/TTS_Qwen/soothe_Ryan.wav,soothe,sues,soothe,1.0,1,Sibilation,final,TTS_Ryan,TTS_Qwen,0ce593afc09d3800e596ddbe789f4a5c
data/audio/samples/clean/English/test-data/clash_a7c95fa820454f6088e680966fec2e12.wav,clash,class,class,1.0,0,Compactness,final,f2,clean,d7d67aa9a382680365bd439fa4574144
data/audio/samples/B2_mcadams/wreath_df4173d52e914931ae51849e9ee4e008.wav,wreath,reef,reef,1.0,0,Graveness,final,m1,B2_mcadams,1b1bcba0126cdadb83026cf6dc651461
data/audio/samples/B3_sttts/sheaf_d04a6c0befd64306aff3d7cca5456298.wav,sheaf,sheave,sheaf,0.88079696893692,1,Voicing,final,m2,B3_sttts,d55a7685b7e8680db4aa26fa577b8a07
data/audio/samples/B3_sttts/beat_55adc9ee2d6e4800a6b8ecd239ad17be.wav,beat,meat,beat,1.0,1,Nasality,initial,m2,B3_sttts,dbe4fdcf2a130b31dc63dae239009512
data/audio/samples/B4_nac/got_ee359560daf1416bace3e30543ce4a13.wav,got,dot,got,1.0,1,Compactness,initial,f2,B4_nac,8ba19cc2e54426d84c54518e72db13e1
data/audio/samples/B5_asr_bn/fletch_ba325fbbcd9e4ef3a619481d6f3bd2c2.wav,fletch,flesh,flesh,1.0,0,Sustention,final,f2,B5_asr_bn,d0207917b178652f92f22f957da8cdd6
data/audio/samples/clean/English/test-data/yield_ea829693e3b7497ca5b32d39210db467.wav,yield,wield,yield,1.0,1,Compactness,initial,m1,clean,84194357b1ece002a132e6c65874db8c
data/audio/samples/B2_mcadams/rim_a354213896ad4d14af62ddbe0ebfcb55.wav,rim,rib,rim,1.0,1,Nasality,final,m1,B2_mcadams,3a5d9052b2a027a41ffa70bc657ca345
data/audio/samples/B3_sttts/pool_663eabfc169946d5911343db6b632188.wav,pool,tool,pool,1.0,1,Graveness,initial,m1,B3_sttts,7a374d2c1b268766be5fb66969621810
data/audio/samples/B4_nac/sue_b6a2b40046574a3c97b9c0036bb91dba.wav,sue,zoo,sue,1.0,1,Voicing,initial,f2,B4_nac,1977cc290813959f6d2684e2703dab95
data/audio/samples/B5_asr_bn/taught_0be195730c7642ba99c983e7e4ff9a38.wav,taught,caught,taught,1.0,1,Compactness,initial,f2,B5_asr_bn,a2f979501fe534f3aa4108097ad8ad21
data/audio/samples/TTS_Qwen/got_Ryan.wav,got,dot,got,1.0,1,Compactness,initial,TTS_Ryan,TTS_Qwen,139c9d00ce0f45875a4e4f9e426a392a
data/audio/samples/B2_mcadams/peg_c9ba509eba6446d586bddf5c1e03f68e.wav,peg,keg,keg,1.0,0,Compactness,initial,f1,B2_mcadams,d12f5aeb678cedce7492f68fd5cadeff
data/audio/samples/B4_nac/keg_fabb9691a3c349e0bf9ff316d3de669a.wav,keg,peg,keg,1.0,1,Compactness,initial,f1,B4_nac,30a5f69fa5aeb84bcff4ab271f5fad82
data/audio/samples/B5_asr_bn/fin_c72fb371fb4f4e40a52c516e82de859b.wav,fin,thin,thin,1.0,0,Graveness,initial,f2,B5_asr_bn,c58363f1decd5538ec75c0ddd1d00ca8
data/audio/samples/clean/English/test-data/gat_809b803afed849448acfd01fdc0b2848.wav,gat,bat,gat,1.0,1,Compactness,initial,f1,clean,a79504de876d612755eb65993e09b44e
data/audio/samples/B3_sttts/dank_5119a02cc9544f30955423dc7035a8ae.wav,dank,bank,dank,1.0,1,Graveness,initial,f1,B3_sttts,6643ec0b45fab5c6bd90a579802d1c10
data/audio/samples/B3_sttts/calf_49cd8892384e4279830ade6838bc9988.wav,calf,cap,calf,1.0,1,Sustention,final,f1,B3_sttts,23899aa96b6a51893f88820326cf7635
data/audio/samples/B4_nac/moot_586724233e174bfbb0858357b62f98e1.wav,moot,boot,moot,1.0,1,Nasality,initial,f1,B4_nac,82b4d10ac18dd0f2b09f178a33bb348c
data/audio/samples/B5_asr_bn/ridge_e3b83da0ae1d47b393f8868692091cd4.wav,ridge,rich,ridge,1.0,1,Voicing,final,m2,B5_asr_bn,f5b6caae136090afee649754872d2418
data/audio/samples/clean/English/test-data/mode_b283801b89ef4d9f8a11d5dbd7e860e2.wav,mode,moan,mode,1.0,1,Nasality,final,m1,clean,fa4414d691b534756fe0635569ccf36c
data/audio/samples/B2_mcadams/jeb_bf92d50bb90d41e4aae48e43560d351d.wav,jeb,gem,jeb,1.0,1,Nasality,final,m2,B2_mcadams,151133b0ac97e3b202afeb2229f6f555
data/audio/samples/B3_sttts/rim_30ad455a0bae4fb692d41cc158c63ddf.wav,rim,rib,rim,0.957912266254425,1,Nasality,final,f1,B3_sttts,bbdece5c09b66dca9405dcf0603f5fdd
data/audio/samples/B4_nac/dank_ccbd3c634c8f4afe9131c4a8d2df2681.wav,dank,bank,bank,0.999796569347382,0,Graveness,initial,f2,B4_nac,66321da69f2e88b63778caa1d9520ba7
data/audio/samples/B5_asr_bn/ross_ef48c1ae99d140be81bbe7ab21ed33c1.wav,ross,wroth,ross,1.0,1,Sibilation,final,f1,B5_asr_bn,fe7917b0e080a73c1c1bb775d148f398
data/audio/samples/TTS_Qwen/wield_Ryan.wav,wield,yield,wield,1.0,1,Compactness,initial,TTS_Ryan,TTS_Qwen,fc01efa4e0eb5942f2f5629255032fb6
data/audio/samples/clean/English/test-data/fad_9e1f2d1395a04bebb236b817e70902c2.wav,fad,fan,fad,1.0,1,Nasality,final,m2,clean,8fcc5a7d13d1581e54401001eb2d64c0
data/audio/samples/B2_mcadams/shoes_b6603fd287c5476d8584847eaa0b7bbf.wav,shoes,choose,shoes,1.0,1,Sustention,initial,f1,B2_mcadams,08003528c895999c5c5556384fadcb55
data/audio/samples/B3_sttts/notch_6d29b00ef1e84314856eaa2903bd8214.wav,notch,knock,notch,1.0,1,Sibilation,final,f1,B3_sttts,d839dcb76ec1c5a5974e2333ff1e1bbc
data/audio/samples/B4_nac/sheave_a4bac6dfec6c4413a6a7e7414b9179a9.wav,sheave,sheaf,sheave,1.0,1,Voicing,final,m2,B4_nac,59a8ac32e0235064fa110b35be2957d5
data/audio/samples/B5_asr_bn/beg_ac09b2e2f3324a8faadf060024dcf14c.wav,beg,bed,beg,1.0,1,Compactness,final,m1,B5_asr_bn,13083646b0dd174dec7d336a3b27f448
data/audio/samples/clean/English/test-data/gat_b28fc4ad47e54a0a84c34d471f411791.wav,gat,bat,gat,1.0,1,Compactness,initial,m1,clean,781b270a05063b8932bcfc53828e7b22
data/audio/samples/B2_mcadams/net_f570135e40d54c5096e085a3c2a6bf29.wav,net,met,net,0.999954581260681,1,Graveness,initial,f1,B2_mcadams,4fe4cee23e61fe0c5ad56fa4449f4437
data/audio/samples/B3_sttts/tense_eae5afc4c0eb4bf9a5ceaa114d257087.wav,tense,dense,tense,1.0,1,Voicing,initial,f2,B3_sttts,10765ec2d605514285628a4e2aefdfd4
data/audio/samples/B4_nac/gaff_68b4d05846004c3f98c3707e4539a5de.wav,gaff,calf,gaff,1.0,1,Voicing,initial,f2,B4_nac,42db312d0ddd2ef9749debd94dd71e40
data/audio/samples/B5_asr_bn/beat_bf69b836f71c4c0c878749dddbc8ff9b.wav,beat,meat,beat,1.0,1,Nasality,initial,f1,B5_asr_bn,62ee7f40e94692bb9c5e9a6e1e973d8f
data/audio/samples/clean/English/test-data/bib_8d82c1bad58c4c689df32efd38bec9e6.wav,bib,big,big,0.999447166919708,0,Compactness,final,m2,clean,52007c93f5887b5c82aa7122d73e89e2
data/audio/samples/B2_mcadams/fad_0409b062ccb84e47a6e8dac8008f11fc.wav,fad,fan,fad,0.995929896831512,1,Nasality,final,f1,B2_mcadams,ddc61ff723285944c71493c966c864ad
data/audio/samples/B3_sttts/chop_b8f934a4213c4490aab90b355c87324a.wav,chop,cop,chop,1.0,1,Sibilation,initial,m2,B3_sttts,b24c87629279325cfae12715e2fccdf0
data/audio/samples/B4_nac/pond_fea4eb31b2434d6195a6255650be6898.wav,pond,bond,pond,1.0,1,Voicing,initial,f1,B4_nac,99f477b221806cb713c89fa49997fd8f
data/audio/samples/B5_asr_bn/nude_ba4484ecabc5408485d6559852f0a6d4.wav,nude,noon,nude,1.0,1,Nasality,final,m2,B5_asr_bn,431b880419b175b994a89b3d7d76db8a
data/audio/samples/clean/English/test-data/wad_71f3a284ada04df1bc9b58bd09a41f45.wav,wad,rod,wad,1.0,1,Graveness,initial,f1,clean,247e9bc8bbbae1ab3130d3919b116115
data/audio/samples/B2_mcadams/fan_6e93ce054547492381401dcdb854c191.wav,fan,fad,fan,1.0,1,Nasality,final,m2,B2_mcadams,746e734ad0bcb59b0b3e7bbe0844efe5
data/audio/samples/B3_sttts/hop_1ca7be5ba170455eb4aa09a57fe57669.wav,hop,hot,hop,0.977022647857666,1,Graveness,final,f1,B3_sttts,e4447fea9da568924bee83860c870e61
data/audio/samples/B4_nac/show_7249bb22b9b54c36944ec52e899f5453.wav,show,so,show,1.0,1,Compactness,initial,m2,B4_nac,5427c1d7a7b081c2bc315a59fe26a08b
data/audio/samples/B5_asr_bn/growth_c0adb0283e1f4bb9a69684245504b970.wav,growth,gross,growth,1.0,1,Sibilation,final,m1,B5_asr_bn,f32d288414def7ed795d42c09e03fcd3
data/audio/samples/TTS_Qwen/noon_Ryan.wav,noon,nude,noon,1.0,1,Nasality,final,TTS_Ryan,TTS_Qwen,84264014583380cb98fa4cec6e83418e
data/audio/samples/clean/English/test-data/hodge_78b3fbb934734210aa6e74c9706d1944.wav,hodge,hotch,hodge,1.0,1,Voicing,final,f1,clean,c531b2bbcf4a6e04ac6fc64a205c0ea1
data/audio/samples/B2_mcadams/jeb_92392dbd2bdc40698bbeb5aa26b2c500.wav,jeb,gem,jeb,1.0,1,Nasality,final,m1,B2_mcadams,5a2a47c551020127987b2715b10b8dac
data/audio/samples/B3_sttts/moan_7bcd3ff8e78940d49ff353095df2e0d6.wav,moan,mode,moan,1.0,1,Nasality,final,m2,B3_sttts,a0711e4f9ae40b7f319c721521544ef5
data/audio/samples/B4_nac/noon_716eec1021f14866a9cef824614f020f.wav,noon,nude,noon,0.999876618385315,1,Nasality,final,f2,B4_nac,a2fa9eb23c67c09295d9cac66e5732c3
data/audio/samples/B5_asr_bn/laws_9aecb9b84e2d44d2a9465b48b7b73023.wav,laws,loss,laws,1.0,1,Voicing,final,f2,B5_asr_bn,343512642a4ee60b69c32abd5881fec5
data/audio/samples/clean/English/test-data/choose_f99c880df72549ea9e92eee7cc5872f3.wav,choose,shoes,choose,1.0,1,Sustention,initial,m1,clean,46c503670d007ff77435cdde940e8e7f
data/audio/samples/B2_mcadams/seed_2f67f58366244c4fadfe78e8e341e9eb.wav,seed,seethe,seed,0.999664664268494,1,Sustention,final,m1,B2_mcadams,e2221c63fb7f07b81907c9d52f8b8e67
data/audio/samples/B3_sttts/beg_48f60039b9cb421ca4fe4a4c7b7e86fa.wav,beg,bed,beg,1.0,1,Compactness,final,f2,B3_sttts,2a27078e05a557375f40c68de7914ec4
data/audio/samples/B4_nac/nip_2499cfbcae6e4ce99b8003d731510a44.wav,nip,dip,nip,1.0,1,Nasality,initial,m1,B4_nac,90d1e67a20b18b7ccd793ea9344e67b0
data/audio/samples/B5_asr_bn/jilt_889f2a44c7084553914a6944ecb7b7b1.wav,jilt,guilt,jilt,1.0,1,Sibilation,initial,f1,B5_asr_bn,31f5098873a7ce8545568578eac13a77
data/audio/samples/clean/English/test-data/sue_12f04b3fd3da4484a52b23c8066acac3.wav,sue,zoo,sue,1.0,1,Voicing,initial,m2,clean,2570ba54dc483d7ebb0e75b4f1e0fd75
data/audio/samples/B2_mcadams/cap_dd3483439a4644e68cd271f6af06515c.wav,cap,calf,cap,1.0,1,Sustention,final,f2,B2_mcadams,ca29ca9ae9eb902d61226ef21305401a
data/audio/samples/B3_sttts/tong_c93d48f8af784520946e86110dded56b.wav,tong,thong,tong,1.0,1,Sustention,initial,m2,B3_sttts,cf5e47344048177659d371eda4cb1a80
data/audio/samples/B4_nac/fore_b9654f39133e410babaa286bcd3aee05.wav,fore,thor,thor,1.0,0,Graveness,initial,m2,B4_nac,36e40aa52434c3ae364cdbc26755ce49
data/audio/samples/B5_asr_bn/fit_a3caacc4a4aa4643963c85d3817a7412.wav,fit,hit,fit,1.0,1,Compactness,initial,f1,B5_asr_bn,8268d1a74bf90b9052619dfa2b54e3bc
data/audio/samples/clean/English/test-data/knock_cdda1155bef54063936f5bbd78546aef.wav,knock,notch,knock,1.0,1,Sibilation,final,f1,clean,a17f878132f100158afee5a55d5d111e
data/audio/samples/B2_mcadams/sheave_6666ce8f3dca457a9971878b0e77bb1d.wav,sheave,sheaf,sheave,1.0,1,Voicing,final,m1,B2_mcadams,75817cde93fec94af569bcfd2b8726b5
data/audio/samples/B3_sttts/screed_97ac8c3938934e41bcdf5a8d8c6ff522.wav,screed,screen,screed,0.99999988079071,1,Nasality,final,m1,B3_sttts,9c4748652c6b0a71c0c720f943662614
data/audio/samples/B5_asr_bn/lube_675e110abad4455f9c93b510c1fd6f47.wav,lube,loop,lube,1.0,1,Voicing,final,f1,B5_asr_bn,799dcd3ace69f7e0ae2da43edf6d45d1
data/audio/samples/clean/English/test-data/bond_bbff1590b3fc44f785046d73763684c1.wav,bond,pond,bond,1.0,1,Voicing,initial,f2,clean,44fb5d8f6e2ba9d0b62f7ba0da4fe032
data/audio/samples/B2_mcadams/hotch_bc8fc02161e2403f91398413759bef43.wav,hotch,hodge,hotch,1.0,1,Voicing,final,m1,B2_mcadams,525b6ba0a5d4feda4d236d7de6c20b91
data/audio/samples/B3_sttts/bag_2656e08bc1ca41028e10a50115d647d0.wav,bag,back,back,0.731058537960052,0,Voicing,final,f1,B3_sttts,4b82d82b65721a709cf527ecb927cd5d
data/audio/samples/B4_nac/bond_c5f6c38c513d42479dc4c48a01ffa04a.wav,bond,pond,bond,1.0,1,Voicing,initial,m1,B4_nac,25a40eabdd09a968f3a74aa260203458
data/audio/samples/B5_asr_bn/cap_dd3483439a4644e68cd271f6af06515c.wav,cap,calf,cap,0.999983310699463,1,Sustention,final,f2,B5_asr_bn,ce8019e774ff8a7a00857a41ead8e8c3
data/audio/samples/clean/English/test-data/broad_2806b6d7090f446db8ed9494a91aee3a.wav,broad,brawn,broad,1.0,1,Nasality,final,f1,clean,0f416bbe70876972f9a29b3feed9c82b
data/audio/samples/B2_mcadams/dense_065a317652194167b6df3d49abbda13d.wav,dense,tense,tense,1.0,0,Voicing,initial,f1,B2_mcadams,a33ad91767b97954a3169181d42cf92b
data/audio/samples/B3_sttts/back_d8fbb1ec08d145b99fa241950d6bc64e.wav,back,bag,back,1.0,1,Voicing,final,f2,B3_sttts,44670f153365b151d501f95017729415
data/audio/samples/B4_nac/sues_6731f2a9ba7c455db8dd6d3ea2428b9c.wav,sues,soothe,sues,0.999447166919708,1,Sibilation,final,m1,B4_nac,7a2469d70251144ce42aa7b7aeb59421
data/audio/samples/B5_asr_bn/bond_c5f6c38c513d42479dc4c48a01ffa04a.wav,bond,pond,bond,1.0,1,Voicing,initial,m1,B5_asr_bn,87af9f05f68853e6c74dff7007609666
data/audio/samples/TTS_Qwen/web_Ryan.wav,web,wed,web,1.0,1,Graveness,final,TTS_Ryan,TTS_Qwen,706494c181a7be47cddd275c8c666a03
data/audio/samples/clean/English/test-data/gauze_dd27ddbe10e04d649a32f751efe87b2d.wav,gauze,jaws,gauze,1.0,1,Sibilation,initial,m1,clean,db94abe353159df5f08aad03d7a7167c
data/audio/samples/B2_mcadams/show_7249bb22b9b54c36944ec52e899f5453.wav,show,so,show,1.0,1,Compactness,initial,m2,B2_mcadams,5fefa3902dfc5d3897380a005135f138
data/audio/samples/B3_sttts/shin_f2b0a07a8877405fb729e2cd6b25010c.wav,shin,shim,shin,0.999998569488525,1,Graveness,final,f1,B3_sttts,aedba76b0fc3cc53fe01c2451adbc5cc
data/audio/samples/B4_nac/fence_c59ca901ae304b82a21c5452fa51b994.wav,fence,pence,fence,1.0,1,Sustention,initial,m2,B4_nac,5544240c2094dc23f9d1e02b82645537
data/audio/samples/B5_asr_bn/ross_dbf5bc9f67f8463bba6f84476a394ade.wav,ross,wroth,ross,1.0,1,Sibilation,final,m1,B5_asr_bn,ef4d4a7d1407f69c2bf522d2742d1f5f
data/audio/samples/clean/English/test-data/meat_7c55d8c6e87042ebb12461e28a71a0d5.wav,meat,beat,meat,1.0,1,Nasality,initial,m2,clean,d87bb34be7dd063c96e528350fa974b4
data/audio/samples/B2_mcadams/peen_230e590d28b44b049d75574e77bc9d9e.wav,peen,bean,peen,1.0,1,Voicing,initial,m1,B2_mcadams,846746954505d84e5e08b32e69492b62
data/audio/samples/B3_sttts/bed_8eb6bbbf423b41a2a4a41e3ae9fac3fa.wav,bed,beg,bed,1.0,1,Compactness,final,m2,B3_sttts,068f9309a19c0899e820764bd3d2c010
data/audio/samples/B4_nac/shin_fa3397efd4b244488f09f32cc7249e69.wav,shin,shim,shin,1.0,1,Graveness,final,m2,B4_nac,1755ad779369a4ced92da7f73ec8a700
data/audio/samples/B5_asr_bn/calf_14796928aeed4df78cc07fa56ebf136c.wav,calf,cap,calf,1.0,1,Sustention,final,m1,B5_asr_bn,128a51f7e09bbf0b867d0c164defffeb
data/audio/samples/clean/English/test-data/thor_8ad6c1a2b76c470f9d41a5f7d64eba48.wav,thor,fore,thor,0.999796569347382,1,Graveness,initial,f1,clean,a72efec78474e6bc8a14ca202ec7cf5f
data/audio/samples/B2_mcadams/big_638598dcbca24a2d872610ea02a992c3.wav,big,bib,big,1.0,1,Compactness,final,m2,B2_mcadams,0ed84af54060f3e0ded4ccd22369bdd8
data/audio/samples/B4_nac/pence_be9ea67383d04fa4946a547799e10911.wav,pence,fence,pence,1.0,1,Sustention,initial,m1,B4_nac,93d43352818fe056c41d50d379fe3a92
data/audio/samples/B5_asr_bn/brawn_03b395509002401da843b9af5c197aff.wav,brawn,broad,brawn,1.0,1,Nasality,final,m2,B5_asr_bn,92a3971aca38b4be6f81cd9879346aa7
data/audio/samples/TTS_Qwen/shim_Ryan.wav,shim,shin,shim,1.0,1,Graveness,final,TTS_Ryan,TTS_Qwen,6187d41f94a4323e7cacad16aaa5074a
data/audio/samples/clean/English/test-data/go_4ee8b772f6984de784dc796f2db01f0e.wav,go,joe,go,1.0,1,Sibilation,initial,m1,clean,a77dfa9d642be5a7fea9b084dac43881
data/audio/samples/B2_mcadams/gem_cf26c333815347798224b6191e9c5067.wav,gem,jeb,gem,0.999972462654114,1,Nasality,final,f2,B2_mcadams,7025ea9601ae132c5d8f3af4a6845f62
data/audio/samples/B3_sttts/though_49b6dcadda6948e988158c9acfd474d2.wav,though,dough,though,1.0,1,Sustention,initial,f2,B3_sttts,63349a9713a990e7853a333452d6abc1
data/audio/samples/B4_nac/thick_2dd33d0db1cc4f7fb3ffd5eccea41dd4.wav,thick,tick,thick,0.999876618385315,1,Sustention,initial,m1,B4_nac,aa7a650f41a04ecd0ea4f8b3a4bb3d3e
data/audio/samples/B5_asr_bn/loop_de61ea96593046f3ba2427145dd1ce4a.wav,loop,lube,loop,0.999993801116943,1,Voicing,final,m2,B5_asr_bn,f088ee4949f2f373881c99134f38db1e
data/audio/samples/clean/English/test-data/pack_db523ce790184a45a31b74c784ce2689.wav,pack,patch,pack,1.0,1,Sibilation,final,f1,clean,a84801ddd6c31f4624e1a1431f2136ca
data/audio/samples/B2_mcadams/zee_236be66a9c8c470e97843f32b393c664.wav,zee,thee,zee,0.997527420520782,1,Sibilation,initial,f2,B2_mcadams,a2f1fc443b6c9cab53c3811963c59116
data/audio/samples/B3_sttts/oak_c67ff6ea14f64391b3cf6ca542f352a5.wav,oak,oat,oak,1.0,1,Compactness,final,m1,B3_sttts,5101adde682a61b8b84e24cb3ea02fde
data/audio/samples/B4_nac/gin_a867a2786fd9458daf81d0522b33de4f.wav,gin,chin,gin,1.0,1,Voicing,initial,f1,B4_nac,2b36e84720e672af7236ab64daaafa63
data/audio/samples/B5_asr_bn/so_293ecccbd75a47f28a414fb83b98d703.wav,so,show,so,1.0,1,Compactness,initial,f2,B5_asr_bn,d38ff20f7c524814b57dd689cb294386
data/audio/samples/clean/English/test-data/hot_42f41921b1984719aad9a3c7d811ca60.wav,hot,hop,hot,1.0,1,Graveness,final,m2,clean,6388f3df615f9638ef2e329c45c68aa0
data/audio/samples/B2_mcadams/cap_d8b3ab2e6e2e43f492dd9cef0f9f64b8.wav,cap,calf,cap,0.99999988079071,1,Sustention,final,m2,B2_mcadams,bb3198d7069d1cd32c1fa8e81fcbe76a
data/audio/samples/B3_sttts/knock_d57b277f341d4e52b4571ac3353e0c4b.wav,knock,dock,knock,1.0,1,Nasality,initial,m1,B3_sttts,720519bafe7b48c3ae4d88d2cc7cc313
data/audio/samples/B4_nac/gem_e088f668a70342dd8e1d33e40bb9e577.wav,gem,jeb,jeb,1.0,0,Nasality,final,m2,B4_nac,ef8abfac2c634c1da5d8f94f7e18b37d
data/audio/samples/B5_asr_bn/broad_2806b6d7090f446db8ed9494a91aee3a.wav,broad,brawn,broad,0.993307173252106,1,Nasality,final,f1,B5_asr_bn,bb4b87466b851ffde48a3ad60f6a8e8c
data/audio/samples/clean/English/test-data/knock_cdda1155bef54063936f5bbd78546aef.wav,knock,notch,knock,1.0,1,Sibilation,final,f2,clean,a17f878132f100158afee5a55d5d111e
data/audio/samples/B2_mcadams/rib_eee6af57075a40fb8c0a81e68be7d1e3.wav,rib,rim,rib,1.0,1,Nasality,final,f1,B2_mcadams,4953a773e4aa8c064433939c546db769
data/audio/samples/B3_sttts/bib_28f71c16547641c9b173eb95632db608.wav,bib,big,big,1.0,0,Compactness,final,f2,B3_sttts,4fe1ee9f7a99f3dffe55742f2077249f
data/audio/samples/B4_nac/brogue_dcda87af16b04bf4ba8aa0627b71da5d.wav,brogue,broke,brogue,1.0,1,Voicing,final,m2,B4_nac,ea331df77997c17f0950416c13386670
data/audio/samples/B5_asr_bn/rap_ef20f4900cc44ba3ae7223af57c8b44b.wav,rap,rat,rap,1.0,1,Graveness,final,f2,B5_asr_bn,554d223b36f60c1b306ce6f97190584a
data/audio/samples/TTS_Qwen/bed_Ryan.wav,bed,beg,bed,1.0,1,Compactness,final,TTS_Ryan,TTS_Qwen,bb6624991bdb09b09d852669715d5d6c
data/audio/samples/clean/English/test-data/edge_34cd8d86c94e40d1b15a1baf7967ed0a.wav,edge,egg,edge,1.0,1,Sibilation,final,m1,clean,59b105cf3a5305476c08b1a2460bd753
data/audio/samples/B2_mcadams/boss_e638cb22babd48c4926be19fa605ffac.wav,boss,moss,boss,1.0,1,Nasality,initial,m1,B2_mcadams,94b5bb1cbedbfe1ac95d8da20a19a2a9
data/audio/samples/B3_sttts/gem_8944316b4de74265ba1ccb5890d282ee.wav,gem,jeb,jeb,1.0,0,Nasality,final,f1,B3_sttts,eaab28f7b5b2ca88302372614172ec5d
data/audio/samples/B4_nac/myth_388f2cedba41458c98da22c3fe741bbc.wav,myth,miss,miss,0.999925136566162,0,Sibilation,final,m1,B4_nac,cac8b90a8a401819379fed06812cad8e
data/audio/samples/B5_asr_bn/patch_8995cb0db7ed4d6c9d432ebe8dad79ed.wav,patch,pack,patch,1.0,1,Sibilation,final,f2,B5_asr_bn,d564b35bef914469d59bd861a460fd9e
data/audio/samples/clean/English/test-data/joe_9bc10db95dc949fa9ed2834937395d18.wav,joe,go,joe,1.0,1,Sibilation,initial,m2,clean,38fcf48ad4a62091e8304bd62d2d3c5f
data/audio/samples/B2_mcadams/breeze_ec043b59f7c64297b745fd1f6bb85e5e.wav,breeze,breathe,breeze,1.0,1,Sibilation,final,f1,B2_mcadams,335e9e02d711cc56a94d9344c2cd39e4
data/audio/samples/B3_sttts/knob_0f1afc3318354b29ba4c9b56efee730d.wav,knob,nog,knob,0.997527420520782,1,Compactness,final,m2,B3_sttts,9cf2dc172cef6c3dc3a570e97f28118a
data/audio/samples/B4_nac/big_9c1bfc184ea446088ecc0a987a02526c.wav,big,bib,big,1.0,1,Compactness,final,f2,B4_nac,3c1759eb94fb762ec46582062f8ac890
data/audio/samples/B5_asr_bn/ross_d85ffc3d29374002a7d20fd8c99f2ef8.wav,ross,wroth,ross,1.0,1,Sibilation,final,m2,B5_asr_bn,50ca19893ef63e10a85ff046fc37502e
data/audio/samples/clean/English/test-data/chew_e928713f374c494d94c6d728612ce55e.wav,chew,coo,chew,1.0,1,Sibilation,initial,f1,clean,e31efbfa030e7260b12767cb7db38ba9
data/audio/samples/B2_mcadams/hop_1ca7be5ba170455eb4aa09a57fe57669.wav,hop,hot,hop,0.995929896831512,1,Graveness,final,f1,B2_mcadams,1b8d1932d45b0408231388247594f143
data/audio/samples/B3_sttts/dan_6d5f6ddbaa6242ce8f53c11e07ccfd16.wav,dan,than,dan,1.0,1,Sustention,initial,m2,B3_sttts,07bdfffd33c2cb00d801ff28c35c1234
data/audio/samples/B4_nac/thin_0cf4b27f76e54b6c9e54afe4888c3811.wav,thin,fin,fin,1.0,0,Graveness,initial,m1,B4_nac,71a5a4ed802708900c293ced4cfddf82
data/audio/samples/B5_asr_bn/jaws_613533e288244f388a25ca7f34c09618.wav,jaws,gauze,jaws,1.0,1,Sibilation,initial,f1,B5_asr_bn,fd636f5bec0ddf9514791578e735e06c
data/audio/samples/clean/English/test-data/lube_9ab2dd6b180c4209afac04ea33184340.wav,lube,loop,lube,1.0,1,Voicing,final,m1,clean,023dc746b7e0be975c0a25629e286aaf
data/audio/samples/B2_mcadams/caught_d98979a22f8b468a9b8503e4529ae926.wav,caught,taught,caught,1.0,1,Compactness,initial,f1,B2_mcadams,7e77517d9091664fa31cd840377bfb8f
data/audio/samples/B3_sttts/cop_619bb2aa473943adb3349b20c850ee85.wav,cop,chop,chop,1.0,0,Sibilation,initial,f2,B3_sttts,9ffe74d8d3fac2c141affd207605f810
data/audio/samples/B4_nac/bob_70907d472799464e9bed8d1d5baacca1.wav,bob,bomb,bob,1.0,1,Nasality,final,f2,B4_nac,87ecb02e9e17536288a3ffd7a6ce3a6d
data/audio/samples/B5_asr_bn/loss_eb1e42ffd1c946b7bdcbc032c63cfe26.wav,loss,laws,loss,1.0,1,Voicing,final,m1,B5_asr_bn,3237b1560cd931c40d438998ebfe0bbc
data/audio/samples/TTS_Qwen/bag_Ryan.wav,bag,back,bag,1.0,1,Voicing,final,TTS_Ryan,TTS_Qwen,b1e5cc9c640485ce8ab7938a5e19ad0e
data/audio/samples/clean/English/test-data/than_c417129666584a8592a71b318ae38150.wav,than,dan,than,1.0,1,Sustention,initial,f1,clean,6c635350e4156b323a305c181991c91a
data/audio/samples/B2_mcadams/tong_8a9cf6e82dd34cc69fb4912d303cacc7.wav,tong,thong,tong,1.0,1,Sustention,initial,f2,B2_mcadams,e6484a18953e0fcf786d4af9caa4ce63
data/audio/samples/B3_sttts/gross_b8f9e7f8f4884543abcb393c4da36486.wav,gross,growth,gross,1.0,1,Sibilation,final,f2,B3_sttts,317b285cd618cd1fcf7619f4861f1c5a
data/audio/samples/B5_asr_bn/teak_cd00a7a0a7384016ae56db065e7bebee.wav,teak,peak,teak,1.0,1,Graveness,initial,f2,B5_asr_bn,847ab22ef26ca48b9055a4e0a6ad583c
data/audio/samples/clean/English/test-data/bad_9f63688481ca40ff99bcd0465bdf7b13.wav,bad,mad,bad,1.0,1,Nasality,initial,m2,clean,6c1b5ea4f08b9b3fc33a8ed3e8097191
data/audio/samples/B2_mcadams/sank_2c5335ca407143468f85a908048f7970.wav,sank,thank,sank,1.0,1,Sibilation,initial,f2,B2_mcadams,60d7961c3b6637b2af1a0abe11600f52
data/audio/samples/B3_sttts/show_d787b556dec8404aa472f0248aedbbd1.wav,show,so,show,1.0,1,Compactness,initial,f2,B3_sttts,0737af79e10607f543ea667668b4b64c
data/audio/samples/B4_nac/zoo_523d2416da264ff9ad0b064ceca9132a.wav,zoo,sue,zoo,1.0,1,Voicing,initial,f1,B4_nac,2e09395145ffa97f2d41e77d5ec7dab7
data/audio/samples/B5_asr_bn/wed_dadf4582c31845989dcd61fa384ed7a3.wav,wed,web,wed,0.99999988079071,1,Graveness,final,m2,B5_asr_bn,314cf41165d544ea89ab8b53ed45cbcc
data/audio/samples/clean/English/test-data/hop_1ca7be5ba170455eb4aa09a57fe57669.wav,hop,hot,hop,0.999738752841949,1,Graveness,final,f1,clean,cdc0879bef4729b2809a82b5e81474ce
data/audio/samples/B2_mcadams/patch_e2e3b271d82d4822abf70061fb564b67.wav,patch,pack,patch,0.999796569347382,1,Sibilation,final,m1,B2_mcadams,beb8d23aaea5fa088d01f5f2e409a55c
data/audio/samples/B3_sttts/tong_8a9cf6e82dd34cc69fb4912d303cacc7.wav,tong,thong,tong,1.0,1,Sustention,initial,f2,B3_sttts,6ee9f6bafa7084dcbf01b807cda898de
data/audio/samples/B4_nac/wad_71f3a284ada04df1bc9b58bd09a41f45.wav,wad,rod,wad,1.0,1,Graveness,initial,f1,B4_nac,22b9c7286caabf4433d6d081e975b5f6
data/audio/samples/B5_asr_bn/nog_1ab963b79e834ab5b8ae822668e767a3.wav,nog,knob,nog,1.0,1,Compactness,final,f1,B5_asr_bn,ff579fc0d8edc837f9a6223e3e5504ca
data/audio/samples/TTS_Qwen/chin_Ryan.wav,chin,gin,chin,1.0,1,Voicing,initial,TTS_Ryan,TTS_Qwen,03bd38fc05cc21e1f94b1b06a1c31668
data/audio/samples/clean/English/test-data/ref_03bf2ac0244b4e78bac4d129c545bb11.wav,ref,rev,ref,0.999447166919708,1,Voicing,final,m2,clean,a788edd22d9c09660a26c1fc8f517304
data/audio/samples/B2_mcadams/you_a7e8bdd3e5314226a7da2a5a3e10d8ee.wav,you,rue,you,1.0,1,Compactness,initial,m2,B2_mcadams,6e9d2809c216c116a552bbce82499726
data/audio/samples/B3_sttts/slav_d7be0414b9504ccb9b207903a58dcaed.wav,slav,slob,slav,0.999993801116943,1,Sustention,final,f1,B3_sttts,55cc74208c11cc3a7ae92a6eac8c63a3
data/audio/samples/B4_nac/note_f8f0c7fbfacb400694ea111bdb68128a.wav,note,dote,note,1.0,1,Nasality,initial,m2,B4_nac,11baa2f9e8a86bee38a55bdfb3e39ae6
data/audio/samples/B5_asr_bn/tong_e0e80bc730c148beba9c596ce33c78ca.wav,tong,thong,tong,1.0,1,Sustention,initial,m1,B5_asr_bn,e54eee802edbd23c7e3442a81c1d8652
data/audio/samples/clean/English/test-data/trough_caad015c15b945cb920f2c48e66c9500.wav,trough,troth,trough,0.993307173252106,1,Graveness,final,f1,clean,14986c6ad32bf21c0da180e25bdaf10e
data/audio/samples/B2_mcadams/rich_26c56b23246943c5a1407242f36fb9ee.wav,rich,ridge,rich,1.0,1,Voicing,final,f2,B2_mcadams,7260ce793afb0980570fe6bd6b1cdd42
data/audio/samples/B3_sttts/pack_db523ce790184a45a31b74c784ce2689.wav,pack,patch,pack,1.0,1,Sibilation,final,f1,B3_sttts,a5e558d06bcc78ae9b7d323b26ea12ae
data/audio/samples/B4_nac/gaff_7e9fa99b2da440b1be30426cac565f11.wav,gaff,calf,gaff,1.0,1,Voicing,initial,m2,B4_nac,8481ae9b47a414d5471aa0d3f5350de1
data/audio/samples/B5_asr_bn/rod_9dcbad7e13a2417f97a300473f550910.wav,rod,wad,rod,1.0,1,Graveness,initial,m1,B5_asr_bn,c80c5b7d8ecddec8705719ce7efb6928
data/audio/samples/clean/English/test-data/goop_326102aaed714646876dc0acc3dc4cfd.wav,goop,goof,goop,1.0,1,Sustention,final,f1,clean,55f77297e5a5d4120a003e80e5128780
data/audio/samples/B2_mcadams/show_d787b556dec8404aa472f0248aedbbd1.wav,show,so,show,0.999997735023499,1,Compactness,initial,f2,B2_mcadams,bc650a3c73baa188396043099571ac08
data/audio/samples/B5_asr_bn/seep_462de9fa82264c2cbc42de6618448981.wav,seep,seek,seep,1.0,1,Compactness,final,f2,B5_asr_bn,e3a86d6a781064fa399e47125ddf0e1f
data/audio/samples/clean/English/test-data/zee_236be66a9c8c470e97843f32b393c664.wav,zee,thee,zee,0.977022647857666,1,Sibilation,initial,f2,clean,cdbf23aadf0d12207135dc7f0ddce08e
data/audio/samples/B2_mcadams/hot_338a2bc399e44ad490689fceca093b63.wav,hot,hop,hot,1.0,1,Graveness,final,f2,B2_mcadams,00ab337c28b300f0d2081d929539489b
data/audio/samples/B3_sttts/brawn_3e8c8859153545e59d7ecbed60ee4984.wav,brawn,broad,brawn,1.0,1,Nasality,final,f2,B3_sttts,1655493ae0bd2e561d207c2e14983162
data/audio/samples/B4_nac/beg_48f60039b9cb421ca4fe4a4c7b7e86fa.wav,beg,bed,beg,1.0,1,Compactness,final,f2,B4_nac,d47b681010c5a199e92c868e3b1efb5e
data/audio/samples/B5_asr_bn/coo_4a72f7cf3542496b94e773b6aa17fc98.wav,coo,chew,coo,0.622459352016449,1,Sibilation,initial,m1,B5_asr_bn,3fca2162541e200dc2580a95703b823f
data/audio/samples/clean/English/test-data/clash_1eb36679d5714209aaf48a2def8cfaaa.wav,clash,class,clash,0.999997735023499,1,Compactness,final,f1,clean,12a3a714ee39d6f5dc1caeadb58fe676
data/audio/samples/B2_mcadams/flawed_f107360eeb4c4938a18816883e81043e.wav,flawed,flog,flawed,0.999089002609253,1,Compactness,final,m2,B2_mcadams,2d8855821c07c6ad0dd008e4c06bb64e
data/audio/samples/B3_sttts/keg_f829945690974e9f95a30b9d71c6ee80.wav,keg,peg,keg,1.0,1,Compactness,initial,m2,B3_sttts,01743218c93ea372d61162fb986b97ea
data/audio/samples/B4_nac/cheat_fce651f98e9e416fa8da07c50663eec2.wav,cheat,sheet,cheat,1.0,1,Sustention,initial,m2,B4_nac,8f56ba322584c1cd7192c2d64fbcfda1
data/audio/samples/B5_asr_bn/back_24b8e48760f64d1c8a03c36a195b7658.wav,back,bag,back,1.0,1,Voicing,final,f1,B5_asr_bn,d3853f8e1813ab1cf45993a318d6216d
data/audio/samples/TTS_Qwen/goof_Ryan.wav,goof,goop,goof,1.0,1,Sustention,final,TTS_Ryan,TTS_Qwen,5770b89868225f2e385556d1ed7bb8ad
data/audio/samples/clean/English/test-data/sheave_475f2b15d530429ca8b7f16dfea0ec43.wav,sheave,sheaf,sheave,1.0,1,Voicing,final,f1,clean,c5f23f16de022f5e977293b3c2f650d0
data/audio/samples/B2_mcadams/vole_cf8e8eb56fd0408880ae2eb5a0d47b66.wav,vole,foal,vole,1.0,1,Voicing,initial,f2,B2_mcadams,dcd5941175c8f8e3f4e3acc44db6b36e
data/audio/samples/B3_sttts/hotch_bc8fc02161e2403f91398413759bef43.wav,hotch,hodge,hodge,1.0,0,Voicing,final,m1,B3_sttts,cae43324af9d965535253df1d8c8f308
data/audio/samples/B4_nac/fit_a3caacc4a4aa4643963c85d3817a7412.wav,fit,hit,fit,0.999796569347382,1,Compactness,initial,f1,B4_nac,29ae7883f2b59f4d5641176c58014f0f
data/audio/samples/B5_asr_bn/vole_f336cee944444d6497cc5561f014257f.wav,vole,foal,vole,1.0,1,Voicing,initial,f1,B5_asr_bn,7ea28a2bf70881f15fd2f4e1bc391f44
data/audio/samples/clean/English/test-data/dong_7e06b37d7963439b866931ae60571b94.wav,dong,bong,dong,1.0,1,Graveness,initial,m2,clean,c71369d6c26c3379a045e27ffb4439ff
data/audio/samples/B2_mcadams/gin_b98cce25d0a14e25a8ff918b303c2f86.wav,gin,chin,chin,0.999983310699463,0,Voicing,initial,f2,B2_mcadams,fcd00423033900f8edeb6f1d89cb7af2
data/audio/samples/B3_sttts/moss_0c00e32f8a924c4aa5fb257c5f2bed6e.wav,moss,boss,moss,0.989013075828552,1,Nasality,initial,f2,B3_sttts,a30dd6750c43857abb73e8e7e8886936
data/audio/samples/B4_nac/goof_1cf8d6a6812349e4b27083fb7ff1a8af.wav,goof,goop,goof,1.0,1,Sustention,final,m2,B4_nac,8c56fc2ec1efc1fd28924f8fbb757287
data/audio/samples/B5_asr_bn/fore_a99b8fb0147e47f2b0eff7bcd14e0320.wav,fore,thor,thor,0.924141824245453,0,Graveness,initial,f1,B5_asr_bn,d434bc876b03f1a760ead57289f41713
data/audio/samples/clean/English/test-data/thick_13c9cd2746cb4cd58a1e92464f273f41.wav,thick,tick,thick,0.999664664268494,1,Sustention,initial,f1,clean,8ca83243b04853549b7f78a697fbfe0c
data/audio/samples/B2_mcadams/sank_26023953599a413ca76675402368ebd7.wav,sank,thank,sank,1.0,1,Sibilation,initial,f1,B2_mcadams,b54d9ddbb28a74f6250cf6dff79508a1
data/audio/samples/B2_mcadams/fence_2f824c0bec9748faa4ba34ea5f293af8.wav,fence,pence,pence,1.0,0,Sustention,initial,m1,B2_mcadams,5083d15caec3bb7a8611d630d02f22e2
data/audio/samples/B3_sttts/bank_647db771f4fa43e9ab5b463ddc5ee07d.wav,bank,dank,bank,1.0,1,Graveness,initial,m2,B3_sttts,b60605efde1ee0b1a2db3276044d7b23
data/audio/samples/B4_nac/thank_e0c1fae046b94879b3d23c3ef8cc26d4.wav,thank,sank,sank,1.0,0,Sibilation,initial,f1,B4_nac,dff5cc8952c64c24822e24eb493ef66a
data/audio/samples/B5_asr_bn/dough_8d98d4b030874a85b36c60b85a3b7414.wav,dough,though,dough,1.0,1,Sustention,initial,m1,B5_asr_bn,f748fb0069e37e4c4439542b2d80cc88
data/audio/samples/clean/English/test-data/peen_39ee1cde66174cb0857cffa134cc33c3.wav,peen,bean,peen,1.0,1,Voicing,initial,f1,clean,53a0e19bc94392a5ddb15e51d0fa6568
data/audio/samples/B2_mcadams/myth_388f2cedba41458c98da22c3fe741bbc.wav,myth,miss,miss,1.0,0,Sibilation,final,m1,B2_mcadams,6728b77c101e0a1f26a52757edee9342
data/audio/samples/B3_sttts/fad_26b81608c13547feb99052bc7cd30260.wav,fad,fan,fan,0.998498797416687,0,Nasality,final,f2,B3_sttts,bbe798959581f9f32cfa712f0d392ce5
data/audio/samples/B4_nac/hit_8410c5c2c31b4960bfe9196a747ab567.wav,hit,fit,hit,1.0,1,Compactness,initial,f2,B4_nac,4eb1ffa524fe1673cfcb8a126cc67156
data/audio/samples/B5_asr_bn/thin_f484a7a1e837481d9c2209e84b067627.wav,thin,fin,fin,1.0,0,Graveness,initial,m2,B5_asr_bn,f70dc647bf042b9c96ca857088b59410
data/audio/samples/clean/English/test-data/gem_c2e7c6ad7f7747809bd9889b4094ca12.wav,gem,jeb,jeb,1.0,0,Nasality,final,m1,clean,a020187d71bc68e07a02d9b5e97b265b
data/audio/samples/B2_mcadams/tool_75ca6c31a5cc49c4a21191f8e2d07a0b.wav,tool,pool,tool,1.0,1,Graveness,initial,m2,B2_mcadams,67c03b5cae1cc4da191054346910a9fc
data/audio/samples/B3_sttts/dock_ae8e7b873bfa40e8bd8f71445c99f0cc.wav,dock,knock,dock,1.0,1,Nasality,initial,f1,B3_sttts,4f9db9c63e8a391a1bc7e58e28ccccf2
data/audio/samples/B4_nac/yield_886c6c9812514b9e9f8a648011fdc931.wav,yield,wield,yield,0.999998211860657,1,Compactness,initial,m2,B4_nac,5b7a183f693409a66f9be2adee1b9b3c
data/audio/samples/B5_asr_bn/seep_6301ab4ed58440c88d70352f74e1f848.wav,seep,seek,seep,1.0,1,Compactness,final,m2,B5_asr_bn,fb05e968cf8ea70e51efd0b095cf2fbb
data/audio/samples/TTS_Qwen/bad_Ryan.wav,bad,mad,bad,1.0,1,Nasality,initial,TTS_Ryan,TTS_Qwen,1a48ded7239255986a36f3b9a40d6a32
data/audio/samples/clean/English/test-data/dan_6d5f6ddbaa6242ce8f53c11e07ccfd16.wav,dan,than,dan,1.0,1,Sustention,initial,m2,clean,5f29aa50daafd5177a6016fba3904f3f
data/audio/samples/B2_mcadams/dense_f2bac725e7494341afab15b0ea650290.wav,dense,tense,tense,1.0,0,Voicing,initial,m2,B2_mcadams,c46f8a0013d4ec02c3fc870b89a464fb
data/audio/samples/B3_sttts/jilt_c3b540be59944ddeb1df22961e039f6e.wav,jilt,guilt,jilt,1.0,1,Sibilation,initial,m2,B3_sttts,6555070da22c8f7390310db361e5e03e
data/audio/samples/B4_nac/rib_ea0a31cd6b1848ec91d114fc4fc4c2d2.wav,rib,rim,rib,1.0,1,Nasality,final,f2,B4_nac,76d0d402020f4aef1175e3efb21fc4ff
data/audio/samples/B5_asr_bn/you_a7e8bdd3e5314226a7da2a5a3e10d8ee.wav,you,rue,you,1.0,1,Compactness,initial,m2,B5_asr_bn,839c938d56d0b2db863e8bf5d5cea7b9
data/audio/samples/clean/English/test-data/breathe_055bd7c98f2245b08a154bf653974fd8.wav,breathe,breeze,breathe,1.0,1,Sibilation,final,m1,clean,eac2c216e405ce15733c2859e0ba5a10
data/audio/samples/B2_mcadams/thor_3f0fa58f4b5d4303b147e455f6c75fe5.wav,thor,fore,thor,1.0,1,Graveness,initial,m1,B2_mcadams,039f6f6b523ec01b738540f0fec6cc6b
data/audio/samples/B3_sttts/ross_dbf5bc9f67f8463bba6f84476a394ade.wav,ross,wroth,ross,1.0,1,Sibilation,final,m1,B3_sttts,8d6271e45d6cd387f751bfe762fe286f
data/audio/samples/B4_nac/myth_7ddab5a0627345c6907c53369d9ddbb2.wav,myth,miss,myth,1.0,1,Sibilation,final,m2,B4_nac,2a88e6f1003c0190787cf27c829afa07
data/audio/samples/B4_nac/zee_8879e72e80dd4898b77858aaa4949db3.wav,zee,thee,thee,0.999954581260681,0,Sibilation,initial,f1,B4_nac,d3c4a1afcabc5eca0f91ac7667fe3ed6
data/audio/samples/B5_asr_bn/peak_79cb7604a85b4728a4d3c1ebb902a7ff.wav,peak,teak,peak,0.99999988079071,1,Graveness,initial,m1,B5_asr_bn,d8203b5aebdd5c3bd7910d194820ad6d
data/audio/samples/TTS_Qwen/chew_Ryan.wav,chew,coo,chew,1.0,1,Sibilation,initial,TTS_Ryan,TTS_Qwen,c207ee7e88d162b287b2850da74a695c
data/audio/samples/clean/English/test-data/reef_edd47fafc7b941d7925ce6fadc825255.wav,reef,wreath,reef,1.0,1,Graveness,final,m1,clean,181a8be5c235ef9b179b9120fc83ed48
data/audio/samples/B2_mcadams/bat_4817bfe04e9b4e4a940e502369a5d9a2.wav,bat,gat,bat,1.0,1,Compactness,initial,m2,B2_mcadams,b99ebc9534a278bbe8c4ec79c1f91d5c
data/audio/samples/B3_sttts/tool_8cf17a99ee524a24b59cadca5d991844.wav,tool,pool,tool,1.0,1,Graveness,initial,f2,B3_sttts,322beb1ba301a3f13b8ad24709246746
data/audio/samples/B4_nac/beat_55adc9ee2d6e4800a6b8ecd239ad17be.wav,beat,meat,beat,1.0,1,Nasality,initial,m2,B4_nac,62b98bf893cf414013c71c90a8b395f8
data/audio/samples/B5_asr_bn/tense_2a189fe6af9a4c3da75399b7708e14a8.wav,tense,dense,tense,1.0,1,Voicing,initial,m1,B5_asr_bn,1634852d306487cc180ad1790f6b0caf
data/audio/samples/clean/English/test-data/fit_677c5454e71a4ba0aec3fe339c12911a.wav,fit,hit,fit,1.0,1,Compactness,initial,m1,clean,8b6b58229dddca818bcdba3097967a3d
data/audio/samples/B2_mcadams/bond_1af9d5d826ca42e888cdf1740b32fb78.wav,bond,pond,bond,0.731058537960052,1,Voicing,initial,m2,B2_mcadams,df8b3edfdbae1fb8ad38881bfb23c501
data/audio/samples/B3_sttts/beat_7816a0d8e57e4a84bb011c37367b6d7e.wav,beat,meat,beat,1.0,1,Nasality,initial,m1,B3_sttts,92cb0f6ef0a42b017efe51d7fa35387e
data/audio/samples/B4_nac/joe_dc295996e50447e6aa3ef36dfaf8eabd.wav,joe,go,joe,1.0,1,Sibilation,initial,f2,B4_nac,c707c9b68f4a82e2089f954852689ed2
data/audio/samples/B5_asr_bn/flesh_2c0e839ef3824e4e81bbf1c117643fee.wav,flesh,fletch,flesh,1.0,1,Sustention,final,m1,B5_asr_bn,0d575cda2ac91f9e143341bf775b24a0
data/audio/samples/clean/English/test-data/strode_d40f298888734fd8a1e8f4a1b71961f5.wav,strode,strobe,strode,0.999999165534973,1,Graveness,final,f1,clean,17081c950af8fc8dad46fb6092f84e03
data/audio/samples/B2_mcadams/tong_e0e80bc730c148beba9c596ce33c78ca.wav,tong,thong,tong,1.0,1,Sustention,initial,m1,B2_mcadams,54ad9061bab66254e38582c20636180c
data/audio/samples/B3_sttts/zee_236be66a9c8c470e97843f32b393c664.wav,zee,thee,thee,0.993307173252106,0,Sibilation,initial,f2,B3_sttts,1f62b1c5636f10fe651681ea08a6bf6a
data/audio/samples/B4_nac/flog_759d0bb5c5db4a1297b0988fa5ab5cff.wav,flog,flawed,flawed,0.999925136566162,0,Compactness,final,f1,B4_nac,f0826cbb19534298b0e852e305c9838f
data/audio/samples/B5_asr_bn/sue_c4930207480f49908f93b9862aaf48a6.wav,sue,zoo,sue,1.0,1,Voicing,initial,m1,B5_asr_bn,e545d9da0b39c58af92edad848e83551
data/audio/samples/clean/English/test-data/tong_8a9cf6e82dd34cc69fb4912d303cacc7.wav,tong,thong,tong,1.0,1,Sustention,initial,f2,clean,e64d27bd7d49e02053eb8f2140199dd7
data/audio/samples/B2_mcadams/gross_b8f9e7f8f4884543abcb393c4da36486.wav,gross,growth,gross,1.0,1,Sibilation,final,f2,B2_mcadams,3727d99fad0324a863b9109ee1ef4c07
data/audio/samples/B3_sttts/strode_58a8009c5ac4405c99d236ed22232676.wav,strode,strobe,strode,0.999664664268494,1,Graveness,final,f2,B3_sttts,94167c4286656816d12e209d1be3e203
data/audio/samples/B4_nac/nude_e877c8f64b4a4af984e5c5dda8b1d0eb.wav,nude,noon,nude,1.0,1,Nasality,final,f1,B4_nac,f9088d9f6890a72ed1a374702db52674
data/audio/samples/B5_asr_bn/shin_b746d05337d94d43bd26756464e90c29.wav,shin,shim,shin,1.0,1,Graveness,final,m1,B5_asr_bn,9f3803e7facd6dfb3235c693c8c6afe1
data/audio/samples/TTS_Qwen/tick_Ryan.wav,tick,thick,tick,1.0,1,Sustention,initial,TTS_Ryan,TTS_Qwen,37c9e3e349479afd3757572bf736b099
data/audio/samples/B2_mcadams/broke_5366b71ca5074acfad99ac191efac3e4.wav,broke,brogue,broke,1.0,1,Voicing,final,m1,B2_mcadams,00eaa73e5be39e1c4d1e941969334748
data/audio/samples/B3_sttts/sank_c55115b3576d4f2296a6a8c7435efaf0.wav,sank,thank,sank,1.0,1,Sibilation,initial,m1,B3_sttts,7e966c04921e30625b691d2c63310a2b
data/audio/samples/B4_nac/troth_803c3bac2aaf42dd9f9af615d3f68b71.wav,troth,trough,trough,0.999993801116943,0,Graveness,final,f2,B4_nac,10719feb69db7e89128db8dee8e9bf58
data/audio/samples/B5_asr_bn/bag_46fea23f510543c8808326780a9e2d9e.wav,bag,back,bag,1.0,1,Voicing,final,m2,B5_asr_bn,7c8e9d4f7d0264b966a7578ff9acb059
data/audio/samples/clean/English/test-data/show_543b0dcb76cc46269165fd235d05fe0b.wav,show,so,show,1.0,1,Compactness,initial,m1,clean,759b09dc06d14575f7ba6c9fb8b3910e
data/audio/samples/B2_mcadams/fletch_f80b7830ee2c4fa28cf3e62b78c78451.wav,fletch,flesh,fletch,1.0,1,Sustention,final,m1,B2_mcadams,8ec15ba0098cdc494a6e603ed99a3581
data/audio/samples/B3_sttts/wroth_4b484637c9514790a16c4af4a52fe690.wav,wroth,ross,ross,1.0,0,Sibilation,final,m2,B3_sttts,c056955a0bd409efac916c86bca87893
data/audio/samples/B4_nac/dupe_410ffc36277e41f386f14cfdc82553d2.wav,dupe,duke,dupe,1.0,1,Compactness,final,f1,B4_nac,5e3316b4edd695621478a1a5cc436f0c
data/audio/samples/B5_asr_bn/pond_4b8e542f9e374781a79ac52f7a990a25.wav,pond,bond,pond,1.0,1,Voicing,initial,f2,B5_asr_bn,26986c0d8ee952de0adbd13858ef8162
data/audio/samples/clean/English/test-data/sheet_446bd52fb3de4af196ca63d9662dabe2.wav,sheet,cheat,sheet,1.0,1,Sustention,initial,f1,clean,3c90e95249ee066f7b848031fc9a2115
data/audio/samples/B2_mcadams/back_d8fbb1ec08d145b99fa241950d6bc64e.wav,back,bag,back,1.0,1,Voicing,final,f2,B2_mcadams,1961952f320c94cb57c693728198d2cf
data/audio/samples/B3_sttts/calf_49cd8892384e4279830ade6838bc9988.wav,calf,gaff,calf,0.99999988079071,1,Voicing,initial,f1,B3_sttts,23899aa96b6a51893f88820326cf7635
data/audio/samples/B4_nac/coo_57027a9d6542467cacc56d661ccc6913.wav,coo,chew,coo,0.999996304512024,1,Sibilation,initial,m2,B4_nac,037b7364b468ef54d7f5bea19ab7d755
data/audio/samples/B5_asr_bn/flawed_8b1ed85efbe6457d93c5a267b8f03ef9.wav,flawed,flog,flawed,0.999664664268494,1,Compactness,final,m1,B5_asr_bn,821858b53aac27f1bdb49cc7b7460cd5
data/audio/samples/TTS_Qwen/moan_Ryan.wav,moan,mode,moan,1.0,1,Nasality,final,TTS_Ryan,TTS_Qwen,e39cc08b328b67c1026e6636ff9e34a5
data/audio/samples/clean/English/test-data/fad_26b81608c13547feb99052bc7cd30260.wav,fad,fan,fad,1.0,1,Nasality,final,f2,clean,0a5f76026b368464c7d7fcf0dd6892dd
data/audio/samples/B2_mcadams/daunt_f0ac943e1a65400999ad7287ba2a88cc.wav,daunt,taunt,daunt,0.817574441432953,1,Voicing,initial,m2,B2_mcadams,a4bd5eb22ab7cd40c3415a33d6c5274b
data/audio/samples/B3_sttts/pool_a7b52e2984ee499787faaef66cf552f8.wav,pool,tool,pool,1.0,1,Graveness,initial,m2,B3_sttts,2b4dd8f033a25c1e472f209cdafa95ba
data/audio/samples/B4_nac/pack_534e249d70844d92a6946a2a0ff33b53.wav,pack,patch,pack,1.0,1,Sibilation,final,m1,B4_nac,02bac1e31dd753f9a04f26e880a87a66
data/audio/samples/B5_asr_bn/fence_f6f88221e3bb43bb9e8160d9642328f7.wav,fence,pence,fence,1.0,1,Sustention,initial,f2,B5_asr_bn,0b33b232b41f99c26ec7fd307898bfcb
data/audio/samples/clean/English/test-data/dan_92227b0cccb54f048281e22d74ee6198.wav,dan,than,dan,1.0,1,Sustention,initial,f2,clean,072a3cc1dd3b22ca7f72b1d747163ed8
data/audio/samples/B2_mcadams/thin_f484a7a1e837481d9c2209e84b067627.wav,thin,fin,fin,1.0,0,Graveness,initial,m2,B2_mcadams,aed862965faab8de6ec4321e2a666671
data/audio/samples/B3_sttts/chair_0d4ca068af7847ea921b804e732e7c06.wav,chair,care,chair,1.0,1,Sibilation,initial,f1,B3_sttts,3ff3a155279861489e3a27846275d3b0
data/audio/samples/B4_nac/knock_cdda1155bef54063936f5bbd78546aef.wav,knock,dock,knock,1.0,1,Nasality,initial,f2,B4_nac,e8e4af158b4ef4d88a35376956beb5d5
data/audio/samples/B4_nac/yield_925edf5ef0fe45c7a9bb72752e83a77b.wav,yield,wield,yield,1.0,1,Compactness,initial,f1,B4_nac,01ea08dd41378409e12801bef9546049
data/audio/samples/B5_asr_bn/strobe_0e6b19b9557f47b79c7fb0bf2474f9a4.wav,strobe,strode,strode,0.999993801116943,0,Graveness,final,m1,B5_asr_bn,b9cf22d496a8762be2ba9c29b6370c27
data/audio/samples/TTS_Qwen/loop_Ryan.wav,loop,lube,loop,1.0,1,Voicing,final,TTS_Ryan,TTS_Qwen,cdd6a35af2070527a964baff1f9e13f9
data/audio/samples/clean/English/test-data/rue_51f651093e474a13976c07c405093cb5.wav,rue,you,rue,1.0,1,Compactness,initial,f1,clean,a681f47e7c2dc20b03dfa175cee5c542
data/audio/samples/B2_mcadams/bomb_90c7097cb95a465aa09181f11c807310.wav,bomb,bob,bomb,0.622459352016449,1,Nasality,final,m1,B2_mcadams,5d0761f6f0e2e740f577fe2db027ea2b
data/audio/samples/B3_sttts/seek_ae9a1a8ec47347d8b4f6c8bddc8bbd3b.wav,seek,seep,seek,1.0,1,Compactness,final,f1,B3_sttts,c83a8a205b67fadd753cef3c5aa76d1e
data/audio/samples/B4_nac/dan_c70578c9239647118cf273a53b6c11d5.wav,dan,than,dan,0.997527420520782,1,Sustention,initial,f1,B4_nac,a42ff967573c9c5fec58eb8e431f265d
data/audio/samples/B5_asr_bn/hot_7a634270242a4d7e815e24de3f1e9220.wav,hot,hop,hot,1.0,1,Graveness,final,f1,B5_asr_bn,917f3db82f7f7de3a96cc7d62396ec8d
data/audio/samples/clean/English/test-data/noon_c58e02528d8e4698a52ce4ef4a7e4bb9.wav,noon,nude,noon,0.999997735023499,1,Nasality,final,m2,clean,2ca9ed6181fa66e4d24b56388cfc6f76
data/audio/samples/B2_mcadams/nude_ba4484ecabc5408485d6559852f0a6d4.wav,nude,noon,nude,1.0,1,Nasality,final,m2,B2_mcadams,bc526ee2a0dacd13e8b54e4dbceb2a34
data/audio/samples/B3_sttts/thick_65777ebc253b4fd784f2ed5fdce9f8ce.wav,thick,tick,thick,0.99999988079071,1,Sustention,initial,f2,B3_sttts,3fdbbbcdfc75530792f4f57f1344b30b
data/audio/samples/B4_nac/taught_1010b4701e774118aa5e700a8da4a25d.wav,taught,caught,taught,1.0,1,Compactness,initial,m2,B4_nac,7b2c769c4f4d2d74762e6b27ef6d918b
data/audio/samples/B5_asr_bn/jilt_0560bfccc29c41068767e55f5cca08cb.wav,jilt,guilt,jilt,1.0,1,Sibilation,initial,m1,B5_asr_bn,d8af4be25ca1837c8b42d0dca5b611c3
data/audio/samples/clean/English/test-data/knob_0f1afc3318354b29ba4c9b56efee730d.wav,knob,nog,knob,1.0,1,Compactness,final,m2,clean,a853b1bdb9b6be48c61b6b980ced5e9d
data/audio/samples/B2_mcadams/seed_51ca302f05e74d639fea0e224197b98e.wav,seed,seethe,seed,0.999876618385315,1,Sustention,final,m2,B2_mcadams,a5186d5256571f9a60cdf6103a20b3e7
data/audio/samples/B3_sttts/back_d031b13b50d545d1af27396b3c80022c.wav,back,bag,back,1.0,1,Voicing,final,m1,B3_sttts,8615e5418b0ae516be45cfdc97093c55
data/audio/samples/B4_nac/calf_49cd8892384e4279830ade6838bc9988.wav,calf,gaff,calf,1.0,1,Voicing,initial,f1,B4_nac,aa05e0cb4416f3a12421075cf7aae98c
data/audio/samples/B5_asr_bn/go_4ee8b772f6984de784dc796f2db01f0e.wav,go,joe,go,1.0,1,Sibilation,initial,m1,B5_asr_bn,cdbcffc2e400524e4860dcbe337b214d
data/audio/samples/clean/English/test-data/ridge_e3b83da0ae1d47b393f8868692091cd4.wav,ridge,rich,ridge,1.0,1,Voicing,final,m2,clean,63ee3608dfe73efcb749354b0c46bd76
data/audio/samples/B2_mcadams/show_d7eff0d0807d4cf8b1642cf69b1df53a.wav,show,so,show,1.0,1,Compactness,initial,f1,B2_mcadams,522b56dc2aac0defa18c7e5c0033e69b
data/audio/samples/B3_sttts/goop_c2392378a55044c4885fe2e054559389.wav,goop,goof,goop,1.0,1,Sustention,final,f2,B3_sttts,04019b9bec401610c08484b58bed6db9
data/audio/samples/B4_nac/deck_d346d6cc25ee4c1cb7813d79a066a32e.wav,deck,neck,deck,1.0,1,Nasality,initial,m2,B4_nac,05a5d5597c68c45647c1437f00ce7323
data/audio/samples/B5_asr_bn/guilt_9d0a0947c9d5415a8c5513dac4907374.wav,guilt,jilt,guilt,1.0,1,Sibilation,initial,f2,B5_asr_bn,b87d7ca6e7dea35607a811dead89d690
data/audio/samples/TTS_Qwen/you_Ryan.wav,you,rue,you,1.0,1,Compactness,initial,TTS_Ryan,TTS_Qwen,4bd1ebec61d3e27330b0a7785fcb7245
data/audio/samples/B3_sttts/fit_6384530cf0ed4ff99e0ae6a1f1996b53.wav,fit,hit,fit,1.0,1,Compactness,initial,f2,B3_sttts,7b1d878fcc3f13639e873fd4c4be1766
data/audio/samples/B4_nac/peg_23bcb89c078a42dfb17b80d22da2364a.wav,peg,keg,peg,1.0,1,Compactness,initial,m1,B4_nac,6efe8a6c582d26a6d34116dd0a2ca98f
data/audio/samples/B5_asr_bn/guilt_8b2d801e0c4e49cab309438d9d989a65.wav,guilt,jilt,guilt,1.0,1,Sibilation,initial,m2,B5_asr_bn,fca5db6e6b8c34538be2f44f57bdc6d3
data/audio/samples/clean/English/test-data/taught_1010b4701e774118aa5e700a8da4a25d.wav,taught,caught,taught,1.0,1,Compactness,initial,m2,clean,1847b8339ca26d91ada1a61e4900cce8
data/audio/samples/B2_mcadams/yield_886c6c9812514b9e9f8a648011fdc931.wav,yield,wield,yield,1.0,1,Compactness,initial,m2,B2_mcadams,108457ecae3b9c8d5d9f1e89cc102902
data/audio/samples/B3_sttts/bean_bd3dae97d09348079da11d779ebe53d1.wav,bean,peen,bean,1.0,1,Voicing,initial,m1,B3_sttts,dd2621b3e98f00be9105aa9015546e88
data/audio/samples/B4_nac/miss_5d34b88e507d4635b34ada77ce461099.wav,miss,myth,miss,1.0,1,Sibilation,final,f1,B4_nac,feeb8a387adfe27a93ec0c0e643f2ada
data/audio/samples/B5_asr_bn/zee_423fa6d8d07b45f8b1f90e6b0fae5ad3.wav,zee,thee,thee,1.0,0,Sibilation,initial,m1,B5_asr_bn,f0f9de8031e66054bbbbdb1a0db834c8
data/audio/samples/TTS_Qwen/gem_Ryan.wav,gem,jeb,gem,1.0,1,Nasality,final,TTS_Ryan,TTS_Qwen,412afb93d1fe8c843bee6cabecef7cec
data/audio/samples/clean/English/test-data/duke_2b26616331aa4fdeba3fc17b7cd4c9d6.wav,duke,dupe,duke,1.0,1,Compactness,final,m1,clean,0abbe90225fbfd650bf250b462954722
data/audio/samples/B2_mcadams/seed_73f02ce3786741d08a5bc4e439078ca1.wav,seed,seethe,seed,1.0,1,Sustention,final,f1,B2_mcadams,d0a9c64c8fb2f8724e74180512909829
data/audio/samples/B3_sttts/peak_79cb7604a85b4728a4d3c1ebb902a7ff.wav,peak,teak,peak,1.0,1,Graveness,initial,m1,B3_sttts,59704f7cec2a5fc47944e1d9a3073e63
data/audio/samples/B4_nac/loss_3b094f21dc2d442dab8171b6a257ffa5.wav,loss,laws,loss,1.0,1,Voicing,final,f1,B4_nac,38e302d2330d63f5826e3e8285206f30
data/audio/samples/B5_asr_bn/thong_5e716ab69d5c405aaeb672225d3f4fd2.wav,thong,tong,thong,1.0,1,Sustention,initial,f1,B5_asr_bn,51bee35cfaee6bc23a1b7dfc302fc3d5
data/audio/samples/clean/English/test-data/cheat_e58f69ef7ac4436f965f52d9135c54f5.wav,cheat,sheet,cheat,1.0,1,Sustention,initial,m1,clean,61d3029572a248b30eab16feeee03aab
data/audio/samples/B2_mcadams/goop_326102aaed714646876dc0acc3dc4cfd.wav,goop,goof,goop,0.5,1,Sustention,final,f1,B2_mcadams,8d4be1b9c68764b645deda27f7e7b8aa
data/audio/samples/B3_sttts/sheet_446bd52fb3de4af196ca63d9662dabe2.wav,sheet,cheat,sheet,1.0,1,Sustention,initial,f1,B3_sttts,8ffd813e582a4ee3106d8755aaafa9bb
data/audio/samples/B4_nac/dip_24aa9545d468418aa4bfb9a3fb6a50d4.wav,dip,nip,dip,1.0,1,Nasality,initial,f2,B4_nac,e633ed36d8428c3318e3cf3eccfdad76
data/audio/samples/B5_asr_bn/nip_c40c1168ce10478795c0d7372c0a67ed.wav,nip,dip,dip,1.0,0,Nasality,initial,f1,B5_asr_bn,e9b95d11282907f45b91d16043cafd1e
data/audio/samples/clean/English/test-data/laws_9aecb9b84e2d44d2a9465b48b7b73023.wav,laws,loss,laws,1.0,1,Voicing,final,f2,clean,a98516330f1613b787882dbdf05b0315
data/audio/samples/B2_mcadams/wroth_0a136556ee5f4f9e97ed5a25bef5f39b.wav,wroth,ross,wroth,1.0,1,Sibilation,final,f2,B2_mcadams,83ac8e302bfdaa9c2102d2ed12a1ea3d
data/audio/samples/B3_sttts/loon_5c2a7fbeb077445192b11a10b6abee4b.wav,loon,loom,loon,1.0,1,Graveness,final,f2,B3_sttts,ac9babee79e4a4dc5ca66e580a7a805c
data/audio/samples/B4_nac/met_1a2d6f71a0a64d3aad0e9882cecea5b8.wav,met,net,net,1.0,0,Graveness,initial,m1,B4_nac,81d891cf5365cd473e06659de578fdfd
data/audio/samples/B5_asr_bn/sheet_98a4454953904ab8a42fafbc1f9dd728.wav,sheet,cheat,sheet,1.0,1,Sustention,initial,m2,B5_asr_bn,84cfa2c2a50d5a9f70d9daf714666f12
